  0
SECTION
  2
HEADER
  9
$ACADVER
  1
AC1021
  9
$ACADMAINTVER
  70
50
  9
$DWGCODEPAGE
  3
ANSI_936
  9
$LASTSAVEDBY
  1
win10
  9
$INSBASE
  10
0
  20
0
  30
0
  9
$EXTMIN
  10
100000000000000000000
  20
100000000000000000000
  30
100000000000000000000
  9
$EXTMAX
  10
-100000000000000000000
  20
-100000000000000000000
  30
-100000000000000000000
  9
$LIMMIN
  10
0
  20
0
  9
$LIMMAX
  10
12
  20
9
  9
$ORTHOMODE
  70
0
  9
$REGENMODE
  70
1
  9
$FILLMODE
  70
1
  9
$QTEXTMODE
  70
0
  9
$MIRRTEXT
  70
0
  9
$LTSCALE
  40
1
  9
$ATTMODE
  70
1
  9
$TEXTSIZE
  40
0.2
  9
$TRACEWID
  40
0.05
  9
$TEXTSTYLE
  7
Standard
  9
$CLAYER
  8
0
  9
$CELTYPE
  6
ByLayer
  9
$CECOLOR
  62
256
  9
$CELTSCALE
  40
1
  9
$DISPSILH
  70
0
  9
$DIMSCALE
  40
1
  9
$DIMASZ
  40
0.18
  9
$DIMEXO
  40
0.0625
  9
$DIMDLI
  40
0.38
  9
$DIMRND
  40
0
  9
$DIMDLE
  40
0
  9
$DIMEXE
  40
0.18
  9
$DIMTP
  40
0
  9
$DIMTM
  40
0
  9
$DIMTXT
  40
0.18
  9
$DIMCEN
  40
0.09
  9
$DIMTSZ
  40
0
  9
$DIMTOL
  70
0
  9
$DIMLIM
  70
0
  9
$DIMTIH
  70
1
  9
$DIMTOH
  70
1
  9
$DIMSE1
  70
0
  9
$DIMSE2
  70
0
  9
$DIMTAD
  70
0
  9
$DIMZIN
  70
0
  9
$DIMBLK
  1

  9
$DIMASO
  70
1
  9
$DIMSHO
  70
1
  9
$DIMPOST
  1

  9
$DIMAPOST
  1

  9
$DIMALT
  70
0
  9
$DIMALTD
  70
2
  9
$DIMALTF
  40
25.4
  9
$DIMLFAC
  40
1
  9
$DIMTOFL
  70
0
  9
$DIMTVP
  40
0
  9
$DIMTIX
  70
0
  9
$DIMSOXD
  70
0
  9
$DIMSAH
  70
0
  9
$DIMBLK1
  1

  9
$DIMBLK2
  1

  9
$DIMSTYLE
  2
Standard
  9
$DIMCLRD
  70
0
  9
$DIMCLRE
  70
0
  9
$DIMCLRT
  70
0
  9
$DIMTFAC
  40
1
  9
$DIMGAP
  40
0.09
  9
$DIMJUST
  70
0
  9
$DIMSD1
  70
0
  9
$DIMSD2
  70
0
  9
$DIMTOLJ
  70
1
  9
$DIMTZIN
  70
0
  9
$DIMALTZ
  70
0
  9
$DIMALTTZ
  70
0
  9
$DIMUPT
  70
0
  9
$DIMDEC
  70
4
  9
$DIMTDEC
  70
4
  9
$DIMALTU
  70
2
  9
$DIMALTTD
  70
2
  9
$DIMTXSTY
  7
Standard
  9
$DIMAUNIT
  70
0
  9
$DIMADEC
  70
0
  9
$DIMALTRND
  40
0
  9
$DIMAZIN
  70
0
  9
$DIMDSEP
  70
46
  9
$DIMATFIT
  70
3
  9
$DIMFRAC
  70
0
  9
$DIMLDRBLK
  1

  9
$DIMLUNIT
  70
2
  9
$DIMLWD
  70
-2
  9
$DIMLWE
  70
-2
  9
$DIMTMOVE
  70
0
  9
$DIMFXL
  40
1
  9
$DIMFXLON
  70
0
  9
$DIMJOGANG
  40
0.7853981633974483
  9
$DIMTFILL
  70
0
  9
$DIMTFILLCLR
  70
0
  9
$DIMARCSYM
  70
0
  9
$DIMLTYPE
  6

  9
$DIMLTEX1
  6

  9
$DIMLTEX2
  6

  9
$LUNITS
  70
2
  9
$LUPREC
  70
4
  9
$SKETCHINC
  40
0.1
  9
$FILLETRAD
  40
0
  9
$AUNITS
  70
0
  9
$AUPREC
  70
0
  9
$MENU
  1
.
  9
$ELEVATION
  40
0
  9
$PELEVATION
  40
0
  9
$THICKNESS
  40
0
  9
$LIMCHECK
  70
0
  9
$CHAMFERA
  40
0
  9
$CHAMFERB
  40
0
  9
$CHAMFERC
  40
0
  9
$CHAMFERD
  40
0
  9
$SKPOLY
  70
0
  9
$TDCREATE
  40
2460560.605914352
  9
$TDUCREATE
  40
2460560.272581019
  9
$TDUPDATE
  40
2460560.629363426
  9
$TDUUPDATE
  40
2460560.296030092
  9
$TDINDWG
  40
0.0234490741
  9
$TDUSRTIMER
  40
0.0234490741
  9
$USRTIMER
  70
1
  9
$ANGBASE
  50
0
  9
$ANGDIR
  70
0
  9
$PDMODE
  70
0
  9
$PDSIZE
  40
0
  9
$PLINEWID
  40
0
  9
$SPLFRAME
  70
0
  9
$SPLINETYPE
  70
6
  9
$SPLINESEGS
  70
8
  9
$HANDSEED
  5
33E
  9
$SURFTAB1
  70
6
  9
$SURFTAB2
  70
6
  9
$SURFTYPE
  70
6
  9
$SURFU
  70
6
  9
$SURFV
  70
6
  9
$UCSBASE
  2

  9
$UCSNAME
  2

  9
$UCSORG
  10
0
  20
0
  30
0
  9
$UCSXDIR
  10
1
  20
0
  30
0
  9
$UCSYDIR
  10
0
  20
1
  30
0
  9
$UCSORTHOREF
  2

  9
$UCSORTHOVIEW
  70
0
  9
$UCSORGTOP
  10
0
  20
0
  30
0
  9
$UCSORGBOTTOM
  10
0
  20
0
  30
0
  9
$UCSORGLEFT
  10
0
  20
0
  30
0
  9
$UCSORGRIGHT
  10
0
  20
0
  30
0
  9
$UCSORGFRONT
  10
0
  20
0
  30
0
  9
$UCSORGBACK
  10
0
  20
0
  30
0
  9
$PUCSBASE
  2

  9
$PUCSNAME
  2

  9
$PUCSORG
  10
0
  20
0
  30
0
  9
$PUCSXDIR
  10
1
  20
0
  30
0
  9
$PUCSYDIR
  10
0
  20
1
  30
0
  9
$PUCSORTHOREF
  2

  9
$PUCSORTHOVIEW
  70
0
  9
$PUCSORGTOP
  10
0
  20
0
  30
0
  9
$PUCSORGBOTTOM
  10
0
  20
0
  30
0
  9
$PUCSORGLEFT
  10
0
  20
0
  30
0
  9
$PUCSORGRIGHT
  10
0
  20
0
  30
0
  9
$PUCSORGFRONT
  10
0
  20
0
  30
0
  9
$PUCSORGBACK
  10
0
  20
0
  30
0
  9
$USERI1
  70
0
  9
$USERI2
  70
0
  9
$USERI3
  70
0
  9
$USERI4
  70
0
  9
$USERI5
  70
0
  9
$USERR1
  40
0
  9
$USERR2
  40
0
  9
$USERR3
  40
0
  9
$USERR4
  40
0
  9
$USERR5
  40
0
  9
$WORLDVIEW
  70
1
  9
$SHADEDGE
  70
3
  9
$SHADEDIF
  70
70
  9
$TILEMODE
  70
1
  9
$MAXACTVP
  70
64
  9
$PINSBASE
  10
0
  20
0
  30
0
  9
$PLIMCHECK
  70
0
  9
$PEXTMIN
  10
0
  20
0
  30
0
  9
$PEXTMAX
  10
0
  20
0
  30
0
  9
$PLIMMIN
  10
0
  20
0
  9
$PLIMMAX
  10
12
  20
9
  9
$UNITMODE
  70
0
  9
$VISRETAIN
  70
1
  9
$PLINEGEN
  70
0
  9
$PSLTSCALE
  70
1
  9
$TREEDEPTH
  70
3020
  9
$CMLSTYLE
  2
Standard
  9
$CMLJUST
  70
0
  9
$CMLSCALE
  40
1
  9
$PROXYGRAPHICS
  70
1
  9
$MEASUREMENT
  70
0
  9
$CELWEIGHT
  370
-1
  9
$ENDCAPS
  280
0
  9
$JOINSTYLE
  280
0
  9
$LWDISPLAY
  290
0
  9
$INSUNITS
  70
4
  9
$HYPERLINKBASE
  1

  9
$STYLESHEET
  1

  9
$XEDIT
  290
0
  9
$CEPSNTYPE
  380
0
  9
$PSTYLEMODE
  290
0
  9
$FINGERPRINTGUID
  2
{FA9A02B2-7E04-C34E-BD13-02980AC2B394}
  9
$VERSIONGUID
  2
{964EB223-33A2-D549-8684-CDE005EE773C}
  9
$EXTNAMES
  290
0
  9
$PSVPSCALE
  40
0
  9
$OLESTARTUP
  290
0
  9
$SORTENTS
  280
127
  9
$INDEXCTL
  280
0
  9
$HIDETEXT
  280
1
  9
$XCLIPFRAME
  290
0
  9
$HALOGAP
  280
0
  9
$OBSCOLOR
  70
257
  9
$OBSLTYPE
  280
0
  9
$INTERSECTIONDISPLAY
  280
0
  9
$INTERSECTIONCOLOR
  70
257
  9
$DIMASSOC
  280
2
  9
$PROJECTNAME
  1

  9
$CAMERADISPLAY
  290
0
  9
$LENSLENGTH
  40
50
  9
$CAMERAHEIGHT
  40
60
  9
$STEPSPERSEC
  40
2
  9
$STEPSIZE
  40
6
  9
$3DDWFPREC
  40
2
  9
$PSOLWIDTH
  40
0.25
  9
$PSOLHEIGHT
  40
4
  9
$LOFTANG1
  40
1.570796326794896
  9
$LOFTANG2
  40
1.570796326794896
  9
$LOFTMAG1
  40
0
  9
$LOFTMAG2
  40
0
  9
$LOFTPARAM
  70
7
  9
$LOFTNORMALS
  280
1
  9
$LATITUDE
  40
37.795
  9
$LONGITUDE
  40
-122.394
  9
$NORTHDIRECTION
  40
0
  9
$TIMEZONE
  70
-8000
  9
$LIGHTGLYPHDISPLAY
  280
1
  9
$TILEMODELIGHTSYNCH
  280
1
  9
$CMATERIAL
  347
92
  9
$SOLIDHIST
  280
0
  9
$SHOWHIST
  280
1
  9
$DWFFRAME
  280
2
  9
$DGNFRAME
  280
0
  9
$REALWORLDSCALE
  290
0
  9
$INTERFERECOLOR
  62
1
  9
$INTERFEREOBJVS
  345
9F
  9
$INTERFEREVPVS
  346
9C
  9
$CSHADOW
  280
0
  9
$SHADOWPLANELOCATION
  40
0
  0
ENDSEC
  0
SECTION
  2
CLASSES
  0
CLASS
  1
ACDBDICTIONARYWDFLT
  2
AcDbDictionaryWithDefault
  3
ObjectDBX Classes
  90
0
  91
1
  280
0
  281
0
  0
CLASS
  1
DICTIONARYVAR
  2
AcDbDictionaryVar
  3
ObjectDBX Classes
  90
0
  91
15
  280
0
  281
0
  0
CLASS
  1
MATERIAL
  2
AcDbMaterial
  3
ObjectDBX Classes
  90
1153
  91
3
  280
0
  281
0
  0
CLASS
  1
VISUALSTYLE
  2
AcDbVisualStyle
  3
ObjectDBX Classes
  90
4095
  91
24
  280
0
  281
0
  0
CLASS
  1
TABLESTYLE
  2
AcDbTableStyle
  3
ObjectDBX Classes
  90
4095
  91
1
  280
0
  281
0
  0
CLASS
  1
SCALE
  2
AcDbScale
  3
ObjectDBX Classes
  90
1153
  91
33
  280
0
  281
0
  0
CLASS
  1
MLEADERSTYLE
  2
AcDbMLeaderStyle
  3
ACDB_MLEADERSTYLE_CLASS
  90
4095
  91
2
  280
0
  281
0
  0
CLASS
  1
CELLSTYLEMAP
  2
AcDbCellStyleMap
  3
ObjectDBX Classes
  90
1152
  91
4
  280
0
  281
0
  0
CLASS
  1
EXACXREFPANELOBJECT
  2
ExAcXREFPanelObject
  3
EXAC_ESW
  90
1025
  91
0
  280
0
  281
0
  0
CLASS
  1
NPOCOLLECTION
  2
AcDbImpNonPersistentObjectsCollection
  3
ObjectDBX Classes
  90
1153
  91
0
  280
0
  281
0
  0
CLASS
  1
LAYER_INDEX
  2
AcDbLayerIndex
  3
ObjectDBX Classes
  90
0
  91
0
  280
0
  281
0
  0
CLASS
  1
SPATIAL_INDEX
  2
AcDbSpatialIndex
  3
ObjectDBX Classes
  90
0
  91
0
  280
0
  281
0
  0
CLASS
  1
IDBUFFER
  2
AcDbIdBuffer
  3
ObjectDBX Classes
  90
0
  91
0
  280
0
  281
0
  0
CLASS
  1
ACDBSECTIONVIEWSTYLE
  2
AcDbSectionViewStyle
  3
ObjectDBX Classes
  90
1025
  91
1
  280
0
  281
0
  0
CLASS
  1
ACDBDETAILVIEWSTYLE
  2
AcDbDetailViewStyle
  3
ObjectDBX Classes
  90
1025
  91
1
  280
0
  281
0
  0
ENDSEC
  0
SECTION
  2
TABLES
  0
TABLE
  2
VPORT
  5
8
  330
0
  100
AcDbSymbolTable
  70
1
  0
VPORT
  5
90
  330
8
  100
AcDbSymbolTableRecord
  100
AcDbViewportTableRecord
  2
*Active
  70
0
  10
0
  20
0
  11
1
  21
1
  12
97.5486911906951
  22
42.51345460271504
  13
0
  23
0
  14
0.5
  24
0.5
  15
0.5
  25
0.5
  16
0
  26
0
  36
1
  17
0
  27
0
  37
0
  40
78.45799938217576
  41
1.945409429280396
  42
50
  43
0
  44
0
  50
0
  51
0
  71
0
  72
1000
  73
1
  74
3
  75
0
  76
1
  77
0
  78
0
  281
0
  65
1
  110
0
  120
0
  130
0
  111
1
  121
0
  131
0
  112
0
  122
1
  132
0
  79
0
  146
0
  348
9B
  60
3
  61
5
  292
0
  282
1
  141
0
  142
0
  63
250
  421
3355443
  1001
ACAD_NAV_VCDISPLAY
  1070
3
  0
ENDTAB
  0
TABLE
  2
LTYPE
  5
5
  330
0
  100
AcDbSymbolTable
  70
1
  0
LTYPE
  5
14
  330
5
  100
AcDbSymbolTableRecord
  100
AcDbLinetypeTableRecord
  2
ByBlock
  70
0
  3

  72
65
  73
0
  40
0
  0
LTYPE
  5
15
  330
5
  100
AcDbSymbolTableRecord
  100
AcDbLinetypeTableRecord
  2
ByLayer
  70
0
  3

  72
65
  73
0
  40
0
  0
LTYPE
  5
16
  330
5
  100
AcDbSymbolTableRecord
  100
AcDbLinetypeTableRecord
  2
Continuous
  70
0
  3
Solid line
  72
65
  73
0
  40
0
  0
ENDTAB
  0
TABLE
  2
LAYER
  5
2
  102
{ACAD_XDICTIONARY
  360
18B
  102
}
  330
0
  100
AcDbSymbolTable
  70
1
  0
LAYER
  5
1024
  100
AcDbSymbolTableRecord
  100
AcDbLayerTableRecord
  2
Top-Layer
  70
0
  420
16711680
  6
Continuous
  370
-3
  390
F
  347
21
  0
LAYER
  5
1025
  100
AcDbSymbolTableRecord
  100
AcDbLayerTableRecord
  2
Bottom-Layer
  70
0
  420
255
  6
Continuous
  370
-3
  390
F
  347
21
  0
LAYER
  5
1026
  100
AcDbSymbolTableRecord
  100
AcDbLayerTableRecord
  2
Top-Silkscreen-Layer
  70
0
  420
16763904
  6
Continuous
  370
-3
  390
F
  347
21
  0
LAYER
  5
1027
  100
AcDbSymbolTableRecord
  100
AcDbLayerTableRecord
  2
Bottom-Silkscreen-Layer
  70
0
  420
6736947
  6
Continuous
  370
-3
  390
F
  347
21
  0
LAYER
  5
1028
  100
AcDbSymbolTableRecord
  100
AcDbLayerTableRecord
  2
Top-Solder-Mask-Layer
  70
0
  420
8388736
  6
Continuous
  370
-3
  390
F
  347
21
  0
LAYER
  5
1029
  100
AcDbSymbolTableRecord
  100
AcDbLayerTableRecord
  2
Bottom-Solder-Mask-Layer
  70
0
  420
11141375
  6
Continuous
  370
-3
  390
F
  347
21
  0
LAYER
  5
1030
  100
AcDbSymbolTableRecord
  100
AcDbLayerTableRecord
  2
Top-Paste-Mask-Layer
  70
0
  420
8421504
  6
Continuous
  370
-3
  390
F
  347
21
  0
LAYER
  5
1031
  100
AcDbSymbolTableRecord
  100
AcDbLayerTableRecord
  2
Bottom-Paste-Mask-Layer
  70
0
  420
8388608
  6
Continuous
  370
-3
  390
F
  347
21
  0
LAYER
  5
1032
  100
AcDbSymbolTableRecord
  100
AcDbLayerTableRecord
  2
Top-Assembly-Layer
  70
0
  420
3394713
  6
Continuous
  370
-3
  390
F
  347
21
  0
LAYER
  5
1033
  100
AcDbSymbolTableRecord
  100
AcDbLayerTableRecord
  2
Bottom-Assembly-Layer
  70
0
  420
5592575
  6
Continuous
  370
-3
  390
F
  347
21
  0
LAYER
  5
1034
  100
AcDbSymbolTableRecord
  100
AcDbLayerTableRecord
  2
Board-Outline-Layer
  70
0
  420
16711935
  6
Continuous
  370
-3
  390
F
  347
21
  0
LAYER
  5
1035
  100
AcDbSymbolTableRecord
  100
AcDbLayerTableRecord
  2
Multi-Layer
  70
0
  420
12632256
  6
Continuous
  370
-3
  390
F
  347
21
  0
LAYER
  5
1036
  100
AcDbSymbolTableRecord
  100
AcDbLayerTableRecord
  2
Document-Layer
  70
0
  420
16777215
  6
Continuous
  370
-3
  390
F
  347
21
  0
LAYER
  5
1037
  100
AcDbSymbolTableRecord
  100
AcDbLayerTableRecord
  2
Mechanical-Layer
  70
0
  420
15737584
  6
Continuous
  370
-3
  390
F
  347
21
  0
LAYER
  5
1038
  100
AcDbSymbolTableRecord
  100
AcDbLayerTableRecord
  2
Hole-Layer
  70
0
  420
2236962
  6
Continuous
  370
-3
  390
F
  347
21
  0
LAYER
  5
1039
  100
AcDbSymbolTableRecord
  100
AcDbLayerTableRecord
  2
Component-Shape-Layer
  70
0
  420
52428
  6
Continuous
  370
-3
  390
F
  347
21
  0
LAYER
  5
1040
  100
AcDbSymbolTableRecord
  100
AcDbLayerTableRecord
  2
Component-Marking-Layer
  70
0
  420
6750156
  6
Continuous
  370
-3
  390
F
  347
21
  0
LAYER
  5
1041
  100
AcDbSymbolTableRecord
  100
AcDbLayerTableRecord
  2
Pin-Soldering-Layer
  70
0
  420
13408665
  6
Continuous
  370
-3
  390
F
  347
21
  0
LAYER
  5
1042
  100
AcDbSymbolTableRecord
  100
AcDbLayerTableRecord
  2
Pin-Floating-Layer
  70
0
  420
13408665
  6
Continuous
  370
-3
  390
F
  347
21
  0
LAYER
  5
1043
  100
AcDbSymbolTableRecord
  100
AcDbLayerTableRecord
  2
3D-Shell-Outline-Layer
  70
0
  420
6750105
  6
Continuous
  370
-3
  390
F
  347
21
  0
LAYER
  5
1044
  100
AcDbSymbolTableRecord
  100
AcDbLayerTableRecord
  2
3D-Shell-Top-Layer
  70
0
  420
16764159
  6
Continuous
  370
-3
  390
F
  347
21
  0
LAYER
  5
1045
  100
AcDbSymbolTableRecord
  100
AcDbLayerTableRecord
  2
3D-Shell-Bottom-Layer
  70
0
  420
26316
  6
Continuous
  370
-3
  390
F
  347
21
  0
LAYER
  5
1046
  100
AcDbSymbolTableRecord
  100
AcDbLayerTableRecord
  2
Drill-Drawing-Layer
  70
0
  420
32896
  6
Continuous
  370
-3
  390
F
  347
21
  0
LAYER
  5
1047
  100
AcDbSymbolTableRecord
  100
AcDbLayerTableRecord
  2
Ratline-Layer
  70
0
  420
6579455
  6
Continuous
  370
-3
  390
F
  347
21
  0
LAYER
  5
10
  102
{ACAD_XDICTIONARY
  360
E1
  102
}
  330
2
  100
AcDbSymbolTableRecord
  100
AcDbLayerTableRecord
  2
0
  70
0
  62
7
  6
Continuous
  370
-3
  390
F
  347
94
  0
ENDTAB
  0
TABLE
  2
STYLE
  5
3
  330
0
  100
AcDbSymbolTable
  70
2
  0
STYLE
  5
11
  330
3
  100
AcDbSymbolTableRecord
  100
AcDbTextStyleTableRecord
  2
Standard
  70
0
  40
0
  41
1
  50
0
  71
0
  42
0.2
  3
arial.ttf
  4

  1001
ACAD
  1000
Arial
  1071
34
  0
STYLE
  5
D7
  330
3
  100
AcDbSymbolTableRecord
  100
AcDbTextStyleTableRecord
  2
Annotative
  70
0
  40
0
  41
1
  50
0
  71
0
  42
0.2
  3
arial.ttf
  4

  1001
AcadAnnotative
  1000
AnnotativeData
  1002
{
  1070
1
  1070
1
  1002
}
  1001
ACAD
  1000
Arial
  1071
34
  0
ENDTAB
  0
TABLE
  2
VIEW
  5
6
  330
0
  100
AcDbSymbolTable
  70
0
  0
ENDTAB
  0
TABLE
  2
UCS
  5
7
  330
0
  100
AcDbSymbolTable
  70
0
  0
ENDTAB
  0
TABLE
  2
APPID
  5
9
  330
0
  100
AcDbSymbolTable
  70
7
  0
APPID
  5
12
  330
9
  100
AcDbSymbolTableRecord
  100
AcDbRegAppTableRecord
  2
ACAD
  70
0
  0
APPID
  5
D8
  330
9
  100
AcDbSymbolTableRecord
  100
AcDbRegAppTableRecord
  2
AcadAnnoPO
  70
0
  0
APPID
  5
D9
  330
9
  100
AcDbSymbolTableRecord
  100
AcDbRegAppTableRecord
  2
AcadAnnotative
  70
0
  0
APPID
  5
DA
  330
9
  100
AcDbSymbolTableRecord
  100
AcDbRegAppTableRecord
  2
ACAD_DSTYLE_DIMJAG
  70
0
  0
APPID
  5
DB
  330
9
  100
AcDbSymbolTableRecord
  100
AcDbRegAppTableRecord
  2
ACAD_DSTYLE_DIMTALN
  70
0
  0
APPID
  5
102
  330
9
  100
AcDbSymbolTableRecord
  100
AcDbRegAppTableRecord
  2
ACAD_MLEADERVER
  70
0
  0
APPID
  5
1A3
  330
9
  100
AcDbSymbolTableRecord
  100
AcDbRegAppTableRecord
  2
ACAD_NAV_VCDISPLAY
  70
0
  0
ENDTAB
  0
TABLE
  2
DIMSTYLE
  5
A
  330
0
  100
AcDbSymbolTable
  70
2
  100
AcDbDimStyleTable
  71
2
  340
DC
  340
27
  0
DIMSTYLE
  105
27
  330
A
  100
AcDbSymbolTableRecord
  100
AcDbDimStyleTableRecord
  2
Standard
  70
0
  340
11
  0
DIMSTYLE
  105
DC
  330
A
  100
AcDbSymbolTableRecord
  100
AcDbDimStyleTableRecord
  2
Annotative
  70
0
  40
0
  340
11
  1001
AcadAnnotative
  1000
AnnotativeData
  1002
{
  1070
1
  1070
1
  1002
}
  1001
ACAD_DSTYLE_DIMJAG
  1070
388
  1040
1.5
  1001
ACAD_DSTYLE_DIMTALN
  1070
392
  1070
0
  0
ENDTAB
  0
TABLE
  2
BLOCK_RECORD
  5
1
  330
0
  100
AcDbSymbolTable
  70
1
  0
BLOCK_RECORD
  5
1F
  102
{ACAD_XDICTIONARY
  360
15A
  102
}
  330
1
  100
AcDbSymbolTableRecord
  100
AcDbBlockTableRecord
  2
*Model_Space
  340
22
  70
0
  280
1
  281
0
  0
BLOCK_RECORD
  5
73
  330
1
  100
AcDbSymbolTableRecord
  100
AcDbBlockTableRecord
  2
*Paper_Space
  340
74
  70
0
  280
1
  281
0
  0
BLOCK_RECORD
  5
78
  330
1
  100
AcDbSymbolTableRecord
  100
AcDbBlockTableRecord
  2
*Paper_Space0
  340
79
  70
0
  280
1
  281
0
  0
ENDTAB
  0
ENDSEC
  0
SECTION
  2
BLOCKS
  0
BLOCK
  5
20
  330
1F
  100
AcDbEntity
  8
0
  100
AcDbBlockBegin
  2
*Model_Space
  70
0
  10
0
  20
0
  3
*Model_Space
  1

  0
ENDBLK
  5
21
  330
1F
  100
AcDbEntity
  8
0
  100
AcDbBlockEnd
  0
BLOCK
  5
75
  330
73
  100
AcDbEntity
  67
1
  8
0
  100
AcDbBlockBegin
  2
*Paper_Space
  70
0
  10
0
  20
0
  3
*Paper_Space
  1

  0
ENDBLK
  5
76
  330
73
  100
AcDbEntity
  67
1
  8
0
  100
AcDbBlockEnd
  0
BLOCK
  5
7A
  330
78
  100
AcDbEntity
  67
1
  8
0
  100
AcDbBlockBegin
  2
*Paper_Space0
  70
0
  10
0
  20
0
  3
*Paper_Space0
  1

  0
ENDBLK
  5
7B
  330
78
  100
AcDbEntity
  67
1
  8
0
  100
AcDbBlockEnd
  0
ENDSEC
  0
SECTION
  2
ENTITIES
  0
LWPOLYLINE
  5
1087
  100
AcDbEntity
  8
Bottom-Layer
  100
AcDbPolyline
  90
4
  70
1
  43
0.005080010160020321
  10
56.64211328422657
  20
43.18008636017272
  10
56.64211328422657
  20
69.85013970027941
  10
93.34518669037338
  20
69.85013970027941
  10
93.21818643637287
  20
43.053086106172216
  0
HATCH
  5
1298
  100
AcDbEntity
  8
Bottom-Layer
  100
AcDbHatch
  10
0
  20
0
  30
0
  210
0
  220
0
  230
1
  2
SOLID
  70
1
  71
0
  91
1
  92
7
  72
0
  73
1
  93
10
  10
81.10088897978913
  20
43.09516005567424
  10
79.07825825201466
  20
43.10218307903457
  10
76.99224082965647
  20
43.2074395558556
  10
76.98911074606424
  20
43.20756285795095
  10
76.98597870281411
  20
43.20761700386724
  10
56.79664719329439
  20
43.33365852908587
  10
56.79664719329439
  20
69.69613774801189
  10
93.3176530353061
  20
69.82207225091537
  10
93.3176530353061
  20
64.04053848107867
  10
93.21890794233617
  20
43.20532386442466
  97
1
  330
1297
  75
0
  76
1
  47
0.4128176842155181
  98
1
  10
34.90568961886538
  20
22.81183545379326
  450
0
  451
0
  460
0
  461
0
  452
1
  462
1
  453
2
  463
0
  63
5
  421
255
  463
1
  63
7
  421
16777215
  470
LINEAR
  1001
ACAD
  1010
0
  1020
0
  1030
0
  0
LWPOLYLINE
  5
1297
  100
AcDbEntity
  8
Bottom-Layer
  100
AcDbPolyline
  90
10
  70
1
  43
0.05080010160020321
  10
81.10088897978913
  20
43.09516005567424
  10
79.07825825201466
  20
43.10218307903457
  10
76.99224082965647
  20
43.2074395558556
  10
76.98911074606424
  20
43.20756285795095
  10
76.98597870281411
  20
43.20761700386724
  10
56.79664719329439
  20
43.33365852908587
  10
56.79664719329439
  20
69.69613774801189
  10
93.3176530353061
  20
69.82207225091537
  10
93.3176530353061
  20
64.04053848107867
  10
93.21890794233617
  20
43.20532386442466
  0
HATCH
  5
1300
  100
AcDbEntity
  8
Bottom-Layer
  100
AcDbHatch
  10
0
  20
0
  30
0
  210
0
  220
0
  230
1
  2
SOLID
  70
1
  71
0
  91
1
  92
7
  72
0
  73
1
  93
16
  10
67.90053340106682
  20
47.24409448818898
  10
67.9809577588433
  20
46.839773938210364
  10
68.20998695274993
  20
46.49700752679108
  10
68.55275336416925
  20
46.26797833288446
  10
68.95707391414784
  20
46.18755397510797
  10
69.36139446412643
  20
46.26797833288446
  10
69.70416087554572
  20
46.49700752679108
  10
69.93319006945238
  20
46.839773938210364
  10
70.01361442722886
  20
47.24409448818898
  10
69.93319006945238
  20
47.6484150381676
  10
69.70416087554572
  20
47.991181449586875
  10
69.36139446412643
  20
48.2202106434935
  10
68.95707391414784
  20
48.300635001269995
  10
68.55275336416925
  20
48.2202106434935
  10
68.20998695274993
  20
47.991181449586875
  10
67.9809577588433
  20
47.6484150381676
  97
1
  330
1299
  75
0
  76
1
  47
0.4128176842155181
  98
1
  10
34.90568961886538
  20
22.81183545379326
  450
0
  451
0
  460
0
  461
0
  452
1
  462
1
  453
2
  463
0
  63
5
  421
255
  463
1
  63
7
  421
16777215
  470
LINEAR
  1001
ACAD
  1010
0
  1020
0
  1030
0
  0
LWPOLYLINE
  5
1299
  100
AcDbEntity
  8
Bottom-Layer
  100
AcDbPolyline
  90
16
  70
1
  43
0.05080010160020321
  10
67.90053340106682
  20
47.24409448818898
  10
67.9809577588433
  20
46.839773938210364
  10
68.20998695274993
  20
46.49700752679108
  10
68.55275336416925
  20
46.26797833288446
  10
68.95707391414784
  20
46.18755397510797
  10
69.36139446412643
  20
46.26797833288446
  10
69.70416087554572
  20
46.49700752679108
  10
69.93319006945238
  20
46.839773938210364
  10
70.01361442722886
  20
47.24409448818898
  10
69.93319006945238
  20
47.6484150381676
  10
69.70416087554572
  20
47.991181449586875
  10
69.36139446412643
  20
48.2202106434935
  10
68.95707391414784
  20
48.300635001269995
  10
68.55275336416925
  20
48.2202106434935
  10
68.20998695274993
  20
47.991181449586875
  10
67.9809577588433
  20
47.6484150381676
  0
HATCH
  5
1302
  100
AcDbEntity
  8
Bottom-Layer
  100
AcDbHatch
  10
0
  20
0
  30
0
  210
0
  220
0
  230
1
  2
SOLID
  70
1
  71
0
  91
1
  92
7
  72
0
  73
1
  93
16
  10
80.1006858013716
  20
47.24409448818898
  10
80.18111015914808
  20
46.839773938210364
  10
80.41013935305473
  20
46.49700752679108
  10
80.75290576447402
  20
46.26797833288446
  10
81.15722631445261
  20
46.18755397510797
  10
81.56154686443124
  20
46.26797833288446
  10
81.90431327585053
  20
46.49700752679108
  10
82.13334246975715
  20
46.839773938210364
  10
82.21376682753363
  20
47.24409448818898
  10
82.13334246975715
  20
47.6484150381676
  10
81.90431327585053
  20
47.991181449586875
  10
81.56154686443124
  20
48.2202106434935
  10
81.15722631445261
  20
48.300635001269995
  10
80.75290576447402
  20
48.2202106434935
  10
80.41013935305473
  20
47.991181449586875
  10
80.18111015914808
  20
47.6484150381676
  97
1
  330
1301
  75
0
  76
1
  47
0.4128176842155181
  98
1
  10
34.90568961886538
  20
22.81183545379326
  450
0
  451
0
  460
0
  461
0
  452
1
  462
1
  453
2
  463
0
  63
5
  421
255
  463
1
  63
7
  421
16777215
  470
LINEAR
  1001
ACAD
  1010
0
  1020
0
  1030
0
  0
LWPOLYLINE
  5
1301
  100
AcDbEntity
  8
Bottom-Layer
  100
AcDbPolyline
  90
16
  70
1
  43
0.05080010160020321
  10
80.1006858013716
  20
47.24409448818898
  10
80.18111015914808
  20
46.839773938210364
  10
80.41013935305473
  20
46.49700752679108
  10
80.75290576447402
  20
46.26797833288446
  10
81.15722631445261
  20
46.18755397510797
  10
81.56154686443124
  20
46.26797833288446
  10
81.90431327585053
  20
46.49700752679108
  10
82.13334246975715
  20
46.839773938210364
  10
82.21376682753363
  20
47.24409448818898
  10
82.13334246975715
  20
47.6484150381676
  10
81.90431327585053
  20
47.991181449586875
  10
81.56154686443124
  20
48.2202106434935
  10
81.15722631445261
  20
48.300635001269995
  10
80.75290576447402
  20
48.2202106434935
  10
80.41013935305473
  20
47.991181449586875
  10
80.18111015914808
  20
47.6484150381676
  0
HATCH
  5
1304
  100
AcDbEntity
  8
Bottom-Layer
  100
AcDbHatch
  10
0
  20
0
  30
0
  210
0
  220
0
  230
1
  2
SOLID
  70
1
  71
0
  91
1
  92
7
  72
0
  73
1
  93
16
  10
70.03860807721615
  20
45.99415798831598
  10
70.11613997323589
  20
45.60437882555652
  10
70.33693213295452
  20
45.27394000697028
  10
70.66737095154075
  20
45.05314784725166
  10
71.05715011430023
  20
44.97561595123191
  10
71.44692927705968
  20
45.05314784725166
  10
71.77736809564591
  20
45.27394000697028
  10
71.99816025536454
  20
45.60437882555652
  10
72.0756921513843
  20
45.99415798831598
  10
71.99816025536454
  20
46.38393715107544
  10
71.77736809564591
  20
46.71437596966169
  10
71.44692927705968
  20
46.93516812938031
  10
71.05715011430023
  20
47.01270002540006
  10
70.66737095154075
  20
46.93516812938031
  10
70.33693213295452
  20
46.71437596966169
  10
70.11613997323589
  20
46.38393715107544
  97
1
  330
1303
  75
0
  76
1
  47
0.4128176842155181
  98
1
  10
34.90568961886538
  20
22.81183545379326
  450
0
  451
0
  460
0
  461
0
  452
1
  462
1
  453
2
  463
0
  63
5
  421
255
  463
1
  63
7
  421
16777215
  470
LINEAR
  1001
ACAD
  1010
0
  1020
0
  1030
0
  0
LWPOLYLINE
  5
1303
  100
AcDbEntity
  8
Bottom-Layer
  100
AcDbPolyline
  90
16
  70
1
  43
0.05080010160020321
  10
70.03860807721615
  20
45.99415798831598
  10
70.11613997323589
  20
45.60437882555652
  10
70.33693213295452
  20
45.27394000697028
  10
70.66737095154075
  20
45.05314784725166
  10
71.05715011430023
  20
44.97561595123191
  10
71.44692927705968
  20
45.05314784725166
  10
71.77736809564591
  20
45.27394000697028
  10
71.99816025536454
  20
45.60437882555652
  10
72.0756921513843
  20
45.99415798831598
  10
71.99816025536454
  20
46.38393715107544
  10
71.77736809564591
  20
46.71437596966169
  10
71.44692927705968
  20
46.93516812938031
  10
71.05715011430023
  20
47.01270002540006
  10
70.66737095154075
  20
46.93516812938031
  10
70.33693213295452
  20
46.71437596966169
  10
70.11613997323589
  20
46.38393715107544
  0
HATCH
  5
1306
  100
AcDbEntity
  8
Bottom-Layer
  100
AcDbHatch
  10
0
  20
0
  30
0
  210
0
  220
0
  230
1
  2
SOLID
  70
1
  71
0
  91
1
  92
7
  72
0
  73
1
  93
16
  10
70.03860807721615
  20
48.49403098806198
  10
70.11613997323589
  20
48.10425182530252
  10
70.33693213295452
  20
47.773813006716274
  10
70.66737095154075
  20
47.553020846997654
  10
71.05715011430023
  20
47.475488950977905
  10
71.44692927705968
  20
47.553020846997654
  10
71.77736809564591
  20
47.773813006716274
  10
71.99816025536454
  20
48.10425182530252
  10
72.0756921513843
  20
48.49403098806198
  10
71.99816025536454
  20
48.88381015082144
  10
71.77736809564591
  20
49.214248969407684
  10
71.44692927705968
  20
49.435041129126304
  10
71.05715011430023
  20
49.51257302514605
  10
70.66737095154075
  20
49.435041129126304
  10
70.33693213295452
  20
49.214248969407684
  10
70.11613997323589
  20
48.88381015082144
  97
1
  330
1305
  75
0
  76
1
  47
0.4128176842155181
  98
1
  10
34.90568961886538
  20
22.81183545379326
  450
0
  451
0
  460
0
  461
0
  452
1
  462
1
  453
2
  463
0
  63
5
  421
255
  463
1
  63
7
  421
16777215
  470
LINEAR
  1001
ACAD
  1010
0
  1020
0
  1030
0
  0
LWPOLYLINE
  5
1305
  100
AcDbEntity
  8
Bottom-Layer
  100
AcDbPolyline
  90
16
  70
1
  43
0.05080010160020321
  10
70.03860807721615
  20
48.49403098806198
  10
70.11613997323589
  20
48.10425182530252
  10
70.33693213295452
  20
47.773813006716274
  10
70.66737095154075
  20
47.553020846997654
  10
71.05715011430023
  20
47.475488950977905
  10
71.44692927705968
  20
47.553020846997654
  10
71.77736809564591
  20
47.773813006716274
  10
71.99816025536454
  20
48.10425182530252
  10
72.0756921513843
  20
48.49403098806198
  10
71.99816025536454
  20
48.88381015082144
  10
71.77736809564591
  20
49.214248969407684
  10
71.44692927705968
  20
49.435041129126304
  10
71.05715011430023
  20
49.51257302514605
  10
70.66737095154075
  20
49.435041129126304
  10
70.33693213295452
  20
49.214248969407684
  10
70.11613997323589
  20
48.88381015082144
  0
HATCH
  5
1308
  100
AcDbEntity
  8
Bottom-Layer
  100
AcDbHatch
  10
0
  20
0
  30
0
  210
0
  220
0
  230
1
  2
SOLID
  70
1
  71
0
  91
1
  92
7
  72
0
  73
1
  93
16
  10
74.03860807721615
  20
48.49403098806198
  10
74.11613997323592
  20
48.10425182530252
  10
74.33693213295454
  20
47.773813006716274
  10
74.66737095154078
  20
47.553020846997654
  10
75.05715011430023
  20
47.475488950977905
  10
75.44692927705968
  20
47.553020846997654
  10
75.77736809564594
  20
47.773813006716274
  10
75.99816025536457
  20
48.10425182530252
  10
76.0756921513843
  20
48.49403098806198
  10
75.99816025536457
  20
48.88381015082144
  10
75.77736809564594
  20
49.214248969407684
  10
75.44692927705968
  20
49.435041129126304
  10
75.05715011430023
  20
49.51257302514605
  10
74.66737095154078
  20
49.435041129126304
  10
74.33693213295454
  20
49.214248969407684
  10
74.11613997323592
  20
48.88381015082144
  97
1
  330
1307
  75
0
  76
1
  47
0.4128176842155181
  98
1
  10
34.90568961886538
  20
22.81183545379326
  450
0
  451
0
  460
0
  461
0
  452
1
  462
1
  453
2
  463
0
  63
5
  421
255
  463
1
  63
7
  421
16777215
  470
LINEAR
  1001
ACAD
  1010
0
  1020
0
  1030
0
  0
LWPOLYLINE
  5
1307
  100
AcDbEntity
  8
Bottom-Layer
  100
AcDbPolyline
  90
16
  70
1
  43
0.05080010160020321
  10
74.03860807721615
  20
48.49403098806198
  10
74.11613997323592
  20
48.10425182530252
  10
74.33693213295454
  20
47.773813006716274
  10
74.66737095154078
  20
47.553020846997654
  10
75.05715011430023
  20
47.475488950977905
  10
75.44692927705968
  20
47.553020846997654
  10
75.77736809564594
  20
47.773813006716274
  10
75.99816025536457
  20
48.10425182530252
  10
76.0756921513843
  20
48.49403098806198
  10
75.99816025536457
  20
48.88381015082144
  10
75.77736809564594
  20
49.214248969407684
  10
75.44692927705968
  20
49.435041129126304
  10
75.05715011430023
  20
49.51257302514605
  10
74.66737095154078
  20
49.435041129126304
  10
74.33693213295454
  20
49.214248969407684
  10
74.11613997323592
  20
48.88381015082144
  0
HATCH
  5
1310
  100
AcDbEntity
  8
Bottom-Layer
  100
AcDbHatch
  10
0
  20
0
  30
0
  210
0
  220
0
  230
1
  2
SOLID
  70
1
  71
0
  91
1
  92
7
  72
0
  73
1
  93
16
  10
74.03860807721615
  20
45.99415798831598
  10
74.11613997323592
  20
45.60437882555652
  10
74.33693213295454
  20
45.27394000697028
  10
74.66737095154078
  20
45.05314784725166
  10
75.05715011430023
  20
44.97561595123191
  10
75.44692927705968
  20
45.05314784725166
  10
75.77736809564594
  20
45.27394000697028
  10
75.99816025536457
  20
45.60437882555652
  10
76.0756921513843
  20
45.99415798831598
  10
75.99816025536457
  20
46.38393715107544
  10
75.77736809564594
  20
46.71437596966169
  10
75.44692927705968
  20
46.93516812938031
  10
75.05715011430023
  20
47.01270002540006
  10
74.66737095154078
  20
46.93516812938031
  10
74.33693213295454
  20
46.71437596966169
  10
74.11613997323592
  20
46.38393715107544
  97
1
  330
1309
  75
0
  76
1
  47
0.4128176842155181
  98
1
  10
34.90568961886538
  20
22.81183545379326
  450
0
  451
0
  460
0
  461
0
  452
1
  462
1
  453
2
  463
0
  63
5
  421
255
  463
1
  63
7
  421
16777215
  470
LINEAR
  1001
ACAD
  1010
0
  1020
0
  1030
0
  0
LWPOLYLINE
  5
1309
  100
AcDbEntity
  8
Bottom-Layer
  100
AcDbPolyline
  90
16
  70
1
  43
0.05080010160020321
  10
74.03860807721615
  20
45.99415798831598
  10
74.11613997323592
  20
45.60437882555652
  10
74.33693213295454
  20
45.27394000697028
  10
74.66737095154078
  20
45.05314784725166
  10
75.05715011430023
  20
44.97561595123191
  10
75.44692927705968
  20
45.05314784725166
  10
75.77736809564594
  20
45.27394000697028
  10
75.99816025536457
  20
45.60437882555652
  10
76.0756921513843
  20
45.99415798831598
  10
75.99816025536457
  20
46.38393715107544
  10
75.77736809564594
  20
46.71437596966169
  10
75.44692927705968
  20
46.93516812938031
  10
75.05715011430023
  20
47.01270002540006
  10
74.66737095154078
  20
46.93516812938031
  10
74.33693213295454
  20
46.71437596966169
  10
74.11613997323592
  20
46.38393715107544
  0
HATCH
  5
1312
  100
AcDbEntity
  8
Bottom-Layer
  100
AcDbHatch
  10
0
  20
0
  30
0
  210
0
  220
0
  230
1
  2
SOLID
  70
1
  71
0
  91
1
  92
7
  72
0
  73
1
  93
16
  10
78.03860807721618
  20
45.99415798831598
  10
78.11613997323592
  20
45.60437882555652
  10
78.33693213295454
  20
45.27394000697028
  10
78.66737095154078
  20
45.05314784725166
  10
79.05715011430026
  20
44.97561595123191
  10
79.44692927705971
  20
45.05314784725166
  10
79.77736809564594
  20
45.27394000697028
  10
79.99816025536457
  20
45.60437882555652
  10
80.0756921513843
  20
45.99415798831598
  10
79.99816025536457
  20
46.38393715107544
  10
79.77736809564594
  20
46.71437596966169
  10
79.44692927705971
  20
46.93516812938031
  10
79.05715011430026
  20
47.01270002540006
  10
78.66737095154078
  20
46.93516812938031
  10
78.33693213295454
  20
46.71437596966169
  10
78.11613997323592
  20
46.38393715107544
  97
1
  330
1311
  75
0
  76
1
  47
0.4128176842155181
  98
1
  10
34.90568961886538
  20
22.81183545379326
  450
0
  451
0
  460
0
  461
0
  452
1
  462
1
  453
2
  463
0
  63
5
  421
255
  463
1
  63
7
  421
16777215
  470
LINEAR
  1001
ACAD
  1010
0
  1020
0
  1030
0
  0
LWPOLYLINE
  5
1311
  100
AcDbEntity
  8
Bottom-Layer
  100
AcDbPolyline
  90
16
  70
1
  43
0.05080010160020321
  10
78.03860807721618
  20
45.99415798831598
  10
78.11613997323592
  20
45.60437882555652
  10
78.33693213295454
  20
45.27394000697028
  10
78.66737095154078
  20
45.05314784725166
  10
79.05715011430026
  20
44.97561595123191
  10
79.44692927705971
  20
45.05314784725166
  10
79.77736809564594
  20
45.27394000697028
  10
79.99816025536457
  20
45.60437882555652
  10
80.0756921513843
  20
45.99415798831598
  10
79.99816025536457
  20
46.38393715107544
  10
79.77736809564594
  20
46.71437596966169
  10
79.44692927705971
  20
46.93516812938031
  10
79.05715011430026
  20
47.01270002540006
  10
78.66737095154078
  20
46.93516812938031
  10
78.33693213295454
  20
46.71437596966169
  10
78.11613997323592
  20
46.38393715107544
  0
HATCH
  5
1314
  100
AcDbEntity
  8
Bottom-Layer
  100
AcDbHatch
  10
0
  20
0
  30
0
  210
0
  220
0
  230
1
  2
SOLID
  70
1
  71
0
  91
1
  92
7
  72
0
  73
1
  93
16
  10
78.03860807721618
  20
48.49403098806198
  10
78.11613997323592
  20
48.10425182530252
  10
78.33693213295454
  20
47.773813006716274
  10
78.66737095154078
  20
47.553020846997654
  10
79.05715011430026
  20
47.475488950977905
  10
79.44692927705971
  20
47.553020846997654
  10
79.77736809564594
  20
47.773813006716274
  10
79.99816025536457
  20
48.10425182530252
  10
80.0756921513843
  20
48.49403098806198
  10
79.99816025536457
  20
48.88381015082144
  10
79.77736809564594
  20
49.214248969407684
  10
79.44692927705971
  20
49.435041129126304
  10
79.05715011430026
  20
49.51257302514605
  10
78.66737095154078
  20
49.435041129126304
  10
78.33693213295454
  20
49.214248969407684
  10
78.11613997323592
  20
48.88381015082144
  97
1
  330
1313
  75
0
  76
1
  47
0.4128176842155181
  98
1
  10
34.90568961886538
  20
22.81183545379326
  450
0
  451
0
  460
0
  461
0
  452
1
  462
1
  453
2
  463
0
  63
5
  421
255
  463
1
  63
7
  421
16777215
  470
LINEAR
  1001
ACAD
  1010
0
  1020
0
  1030
0
  0
LWPOLYLINE
  5
1313
  100
AcDbEntity
  8
Bottom-Layer
  100
AcDbPolyline
  90
16
  70
1
  43
0.05080010160020321
  10
78.03860807721618
  20
48.49403098806198
  10
78.11613997323592
  20
48.10425182530252
  10
78.33693213295454
  20
47.773813006716274
  10
78.66737095154078
  20
47.553020846997654
  10
79.05715011430026
  20
47.475488950977905
  10
79.44692927705971
  20
47.553020846997654
  10
79.77736809564594
  20
47.773813006716274
  10
79.99816025536457
  20
48.10425182530252
  10
80.0756921513843
  20
48.49403098806198
  10
79.99816025536457
  20
48.88381015082144
  10
79.77736809564594
  20
49.214248969407684
  10
79.44692927705971
  20
49.435041129126304
  10
79.05715011430026
  20
49.51257302514605
  10
78.66737095154078
  20
49.435041129126304
  10
78.33693213295454
  20
49.214248969407684
  10
78.11613997323592
  20
48.88381015082144
  0
HATCH
  5
1316
  100
AcDbEntity
  8
Bottom-Layer
  100
AcDbHatch
  10
0
  20
0
  30
0
  210
0
  220
0
  230
1
  2
SOLID
  70
1
  71
0
  91
1
  92
7
  72
0
  73
1
  93
12
  10
64.20266700533402
  20
63.5991236982474
  10
64.12752802870163
  20
63.78052523469607
  10
63.946126492252986
  20
63.85566421132843
  10
62.54612649225298
  20
63.85566421132843
  10
62.364724955804334
  20
63.78052523469607
  10
62.289585979171974
  20
63.5991236982474
  10
62.289585979171974
  20
62.09912369824741
  10
62.364724955804334
  20
61.917722161798736
  10
62.54612649225298
  20
61.842583185166376
  10
63.946126492252986
  20
61.842583185166376
  10
64.12752802870163
  20
61.917722161798736
  10
64.20266700533402
  20
62.09912369824741
  97
1
  330
1315
  75
0
  76
1
  47
0.4128176842155181
  98
1
  10
34.90568961886538
  20
22.81183545379326
  450
0
  451
0
  460
0
  461
0
  452
1
  462
1
  453
2
  463
0
  63
5
  421
255
  463
1
  63
7
  421
16777215
  470
LINEAR
  1001
ACAD
  1010
0
  1020
0
  1030
0
  0
LWPOLYLINE
  5
1315
  100
AcDbEntity
  8
Bottom-Layer
  100
AcDbPolyline
  90
12
  70
1
  43
0.05080010160020321
  10
64.20266700533402
  20
63.5991236982474
  10
64.12752802870163
  20
63.78052523469607
  10
63.946126492252986
  20
63.85566421132843
  10
62.54612649225298
  20
63.85566421132843
  10
62.364724955804334
  20
63.78052523469607
  10
62.289585979171974
  20
63.5991236982474
  10
62.289585979171974
  20
62.09912369824741
  10
62.364724955804334
  20
61.917722161798736
  10
62.54612649225298
  20
61.842583185166376
  10
63.946126492252986
  20
61.842583185166376
  10
64.12752802870163
  20
61.917722161798736
  10
64.20266700533402
  20
62.09912369824741
  0
HATCH
  5
1318
  100
AcDbEntity
  8
Bottom-Layer
  100
AcDbHatch
  10
0
  20
0
  30
0
  210
0
  220
0
  230
1
  2
SOLID
  70
1
  71
0
  91
1
  92
7
  72
0
  73
1
  93
12
  10
64.20266700533402
  20
56.106108712217434
  10
64.12752802870163
  20
56.2875102486661
  10
63.946126492252986
  20
56.362649225298455
  10
62.54612649225298
  20
56.362649225298455
  10
62.364724955804334
  20
56.2875102486661
  10
62.289585979171974
  20
56.106108712217434
  10
62.289585979171974
  20
54.606108712217434
  10
62.364724955804334
  20
54.42470717576876
  10
62.54612649225298
  20
54.34956819913641
  10
63.946126492252986
  20
54.34956819913641
  10
64.12752802870163
  20
54.42470717576876
  10
64.20266700533402
  20
54.606108712217434
  97
1
  330
1317
  75
0
  76
1
  47
0.4128176842155181
  98
1
  10
34.90568961886538
  20
22.81183545379326
  450
0
  451
0
  460
0
  461
0
  452
1
  462
1
  453
2
  463
0
  63
5
  421
255
  463
1
  63
7
  421
16777215
  470
LINEAR
  1001
ACAD
  1010
0
  1020
0
  1030
0
  0
LWPOLYLINE
  5
1317
  100
AcDbEntity
  8
Bottom-Layer
  100
AcDbPolyline
  90
12
  70
1
  43
0.05080010160020321
  10
64.20266700533402
  20
56.106108712217434
  10
64.12752802870163
  20
56.2875102486661
  10
63.946126492252986
  20
56.362649225298455
  10
62.54612649225298
  20
56.362649225298455
  10
62.364724955804334
  20
56.2875102486661
  10
62.289585979171974
  20
56.106108712217434
  10
62.289585979171974
  20
54.606108712217434
  10
62.364724955804334
  20
54.42470717576876
  10
62.54612649225298
  20
54.34956819913641
  10
63.946126492252986
  20
54.34956819913641
  10
64.12752802870163
  20
54.42470717576876
  10
64.20266700533402
  20
54.606108712217434
  0
HATCH
  5
1320
  100
AcDbEntity
  8
Bottom-Layer
  100
AcDbHatch
  10
0
  20
0
  30
0
  210
0
  220
0
  230
1
  2
SOLID
  70
1
  71
0
  91
1
  92
7
  72
0
  73
1
  93
12
  10
85.91163322326646
  20
60.988125476250964
  10
85.98677219989882
  20
60.806723939802296
  10
86.16817373634747
  20
60.73158496316994
  10
87.56817373634748
  20
60.73158496316994
  10
87.74957527279612
  20
60.806723939802296
  10
87.82471424942851
  20
60.988125476250964
  10
87.82471424942851
  20
62.48812547625096
  10
87.74957527279612
  20
62.66952701269963
  10
87.56817373634748
  20
62.74466598933199
  10
86.16817373634747
  20
62.74466598933199
  10
85.98677219989882
  20
62.66952701269963
  10
85.91163322326646
  20
62.48812547625096
  97
1
  330
1319
  75
0
  76
1
  47
0.4128176842155181
  98
1
  10
34.90568961886538
  20
22.81183545379326
  450
0
  451
0
  460
0
  461
0
  452
1
  462
1
  453
2
  463
0
  63
5
  421
255
  463
1
  63
7
  421
16777215
  470
LINEAR
  1001
ACAD
  1010
0
  1020
0
  1030
0
  0
LWPOLYLINE
  5
1319
  100
AcDbEntity
  8
Bottom-Layer
  100
AcDbPolyline
  90
12
  70
1
  43
0.05080010160020321
  10
85.91163322326646
  20
60.988125476250964
  10
85.98677219989882
  20
60.806723939802296
  10
86.16817373634747
  20
60.73158496316994
  10
87.56817373634748
  20
60.73158496316994
  10
87.74957527279612
  20
60.806723939802296
  10
87.82471424942851
  20
60.988125476250964
  10
87.82471424942851
  20
62.48812547625096
  10
87.74957527279612
  20
62.66952701269963
  10
87.56817373634748
  20
62.74466598933199
  10
86.16817373634747
  20
62.74466598933199
  10
85.98677219989882
  20
62.66952701269963
  10
85.91163322326646
  20
62.48812547625096
  0
HATCH
  5
1322
  100
AcDbEntity
  8
Bottom-Layer
  100
AcDbHatch
  10
0
  20
0
  30
0
  210
0
  220
0
  230
1
  2
SOLID
  70
1
  71
0
  91
1
  92
7
  72
0
  73
1
  93
12
  10
86.03863347726697
  20
52.987109474218954
  10
86.11377245389933
  20
52.805707937770286
  10
86.29517399034798
  20
52.730568961137934
  10
87.69517399034798
  20
52.730568961137934
  10
87.87657552679663
  20
52.805707937770286
  10
87.95171450342902
  20
52.987109474218954
  10
87.95171450342902
  20
54.487109474218954
  10
87.87657552679663
  20
54.66851101066763
  10
87.69517399034798
  20
54.74364998729998
  10
86.29517399034798
  20
54.74364998729998
  10
86.11377245389933
  20
54.66851101066763
  10
86.03863347726697
  20
54.487109474218954
  97
1
  330
1321
  75
0
  76
1
  47
0.4128176842155181
  98
1
  10
34.90568961886538
  20
22.81183545379326
  450
0
  451
0
  460
0
  461
0
  452
1
  462
1
  453
2
  463
0
  63
5
  421
255
  463
1
  63
7
  421
16777215
  470
LINEAR
  1001
ACAD
  1010
0
  1020
0
  1030
0
  0
LWPOLYLINE
  5
1321
  100
AcDbEntity
  8
Bottom-Layer
  100
AcDbPolyline
  90
12
  70
1
  43
0.05080010160020321
  10
86.03863347726697
  20
52.987109474218954
  10
86.11377245389933
  20
52.805707937770286
  10
86.29517399034798
  20
52.730568961137934
  10
87.69517399034798
  20
52.730568961137934
  10
87.87657552679663
  20
52.805707937770286
  10
87.95171450342902
  20
52.987109474218954
  10
87.95171450342902
  20
54.487109474218954
  10
87.87657552679663
  20
54.66851101066763
  10
87.69517399034798
  20
54.74364998729998
  10
86.29517399034798
  20
54.74364998729998
  10
86.11377245389933
  20
54.66851101066763
  10
86.03863347726697
  20
54.487109474218954
  0
HATCH
  5
1324
  100
AcDbEntity
  8
Bottom-Layer
  100
AcDbHatch
  10
0
  20
0
  30
0
  210
0
  220
0
  230
1
  2
SOLID
  70
1
  71
0
  91
1
  92
7
  72
0
  73
1
  93
12
  10
64.20266700533402
  20
48.613093726187465
  10
64.12752802870163
  20
48.79449526263613
  10
63.946126492252986
  20
48.869634239268485
  10
62.54612649225298
  20
48.869634239268485
  10
62.364724955804334
  20
48.79449526263613
  10
62.289585979171974
  20
48.613093726187465
  10
62.289585979171974
  20
47.11309372618746
  10
62.364724955804334
  20
46.93169218973878
  10
62.54612649225298
  20
46.85655321310643
  10
63.946126492252986
  20
46.85655321310643
  10
64.12752802870163
  20
46.93169218973878
  10
64.20266700533402
  20
47.11309372618746
  97
1
  330
1323
  75
0
  76
1
  47
0.4128176842155181
  98
1
  10
34.90568961886538
  20
22.81183545379326
  450
0
  451
0
  460
0
  461
0
  452
1
  462
1
  453
2
  463
0
  63
5
  421
255
  463
1
  63
7
  421
16777215
  470
LINEAR
  1001
ACAD
  1010
0
  1020
0
  1030
0
  0
LWPOLYLINE
  5
1323
  100
AcDbEntity
  8
Bottom-Layer
  100
AcDbPolyline
  90
12
  70
1
  43
0.05080010160020321
  10
64.20266700533402
  20
48.613093726187465
  10
64.12752802870163
  20
48.79449526263613
  10
63.946126492252986
  20
48.869634239268485
  10
62.54612649225298
  20
48.869634239268485
  10
62.364724955804334
  20
48.79449526263613
  10
62.289585979171974
  20
48.613093726187465
  10
62.289585979171974
  20
47.11309372618746
  10
62.364724955804334
  20
46.93169218973878
  10
62.54612649225298
  20
46.85655321310643
  10
63.946126492252986
  20
46.85655321310643
  10
64.12752802870163
  20
46.93169218973878
  10
64.20266700533402
  20
47.11309372618746
  0
HATCH
  5
1326
  100
AcDbEntity
  8
Bottom-Layer
  100
AcDbHatch
  10
0
  20
0
  30
0
  210
0
  220
0
  230
1
  2
SOLID
  70
1
  71
0
  91
1
  92
7
  72
0
  73
1
  93
12
  10
85.91163322326646
  20
45.24009398018796
  10
85.98677219989882
  20
45.05869244373929
  10
86.16817373634747
  20
44.98355346710694
  10
87.56817373634748
  20
44.98355346710694
  10
87.74957527279612
  20
45.05869244373929
  10
87.82471424942851
  20
45.24009398018796
  10
87.82471424942851
  20
46.740093980187964
  10
87.74957527279612
  20
46.92149551663663
  10
87.56817373634748
  20
46.996634493268985
  10
86.16817373634747
  20
46.996634493268985
  10
85.98677219989882
  20
46.92149551663663
  10
85.91163322326646
  20
46.740093980187964
  97
1
  330
1325
  75
0
  76
1
  47
0.4128176842155181
  98
1
  10
34.90568961886538
  20
22.81183545379326
  450
0
  451
0
  460
0
  461
0
  452
1
  462
1
  453
2
  463
0
  63
5
  421
255
  463
1
  63
7
  421
16777215
  470
LINEAR
  1001
ACAD
  1010
0
  1020
0
  1030
0
  0
LWPOLYLINE
  5
1325
  100
AcDbEntity
  8
Bottom-Layer
  100
AcDbPolyline
  90
12
  70
1
  43
0.05080010160020321
  10
85.91163322326646
  20
45.24009398018796
  10
85.98677219989882
  20
45.05869244373929
  10
86.16817373634747
  20
44.98355346710694
  10
87.56817373634748
  20
44.98355346710694
  10
87.74957527279612
  20
45.05869244373929
  10
87.82471424942851
  20
45.24009398018796
  10
87.82471424942851
  20
46.740093980187964
  10
87.74957527279612
  20
46.92149551663663
  10
87.56817373634748
  20
46.996634493268985
  10
86.16817373634747
  20
46.996634493268985
  10
85.98677219989882
  20
46.92149551663663
  10
85.91163322326646
  20
46.740093980187964
  0
HATCH
  5
1328
  100
AcDbEntity
  8
Bottom-Layer
  100
AcDbHatch
  10
0
  20
0
  30
0
  210
0
  220
0
  230
1
  2
SOLID
  70
1
  71
0
  91
1
  92
7
  72
0
  73
1
  93
14
  10
63.246126492253
  20
59.89258318516638
  10
63.66115386668601
  20
59.987310475074
  10
63.99397997963585
  20
60.25273044327667
  10
64.17868453758838
  20
60.63627340990956
  10
64.17868453758838
  20
61.06197398658525
  10
63.99397997963585
  20
61.445516953218146
  10
63.66115386668601
  20
61.71093692142082
  10
63.246126492253
  20
61.805664211328434
  10
62.83109911781996
  20
61.71093692142082
  10
62.498273004870114
  20
61.445516953218146
  10
62.313568446917586
  20
61.06197398658525
  10
62.313568446917586
  20
60.63627340990956
  10
62.498273004870114
  20
60.25273044327667
  10
62.83109911781996
  20
59.987310475074
  97
1
  330
1327
  75
0
  76
1
  47
0.4128176842155181
  98
1
  10
34.90568961886538
  20
22.81183545379326
  450
0
  451
0
  460
0
  461
0
  452
1
  462
1
  453
2
  463
0
  63
5
  421
255
  463
1
  63
7
  421
16777215
  470
LINEAR
  1001
ACAD
  1010
0
  1020
0
  1030
0
  0
LWPOLYLINE
  5
1327
  100
AcDbEntity
  8
Bottom-Layer
  100
AcDbPolyline
  90
14
  70
1
  43
0.05080010160020321
  10
63.246126492253
  20
59.89258318516638
  10
63.66115386668601
  20
59.987310475074
  10
63.99397997963585
  20
60.25273044327667
  10
64.17868453758838
  20
60.63627340990956
  10
64.17868453758838
  20
61.06197398658525
  10
63.99397997963585
  20
61.445516953218146
  10
63.66115386668601
  20
61.71093692142082
  10
63.246126492253
  20
61.805664211328434
  10
62.83109911781996
  20
61.71093692142082
  10
62.498273004870114
  20
61.445516953218146
  10
62.313568446917586
  20
61.06197398658525
  10
62.313568446917586
  20
60.63627340990956
  10
62.498273004870114
  20
60.25273044327667
  10
62.83109911781996
  20
59.987310475074
  0
HATCH
  5
1330
  100
AcDbEntity
  8
Bottom-Layer
  100
AcDbHatch
  10
0
  20
0
  30
0
  210
0
  220
0
  230
1
  2
SOLID
  70
1
  71
0
  91
1
  92
7
  72
0
  73
1
  93
14
  10
63.246126492253
  20
52.399568199136404
  10
63.66115386668601
  20
52.49429548904402
  10
63.99397997963585
  20
52.7597154572467
  10
64.17868453758838
  20
53.14325842387959
  10
64.17868453758838
  20
53.56895900055528
  10
63.99397997963585
  20
53.95250196718818
  10
63.66115386668601
  20
54.21792193539085
  10
63.246126492253
  20
54.31264922529846
  10
62.83109911781996
  20
54.21792193539085
  10
62.498273004870114
  20
53.95250196718817
  10
62.313568446917586
  20
53.56895900055528
  10
62.313568446917586
  20
53.14325842387959
  10
62.498273004870114
  20
52.7597154572467
  10
62.83109911781996
  20
52.49429548904402
  97
1
  330
1329
  75
0
  76
1
  47
0.4128176842155181
  98
1
  10
34.90568961886538
  20
22.81183545379326
  450
0
  451
0
  460
0
  461
0
  452
1
  462
1
  453
2
  463
0
  63
5
  421
255
  463
1
  63
7
  421
16777215
  470
LINEAR
  1001
ACAD
  1010
0
  1020
0
  1030
0
  0
LWPOLYLINE
  5
1329
  100
AcDbEntity
  8
Bottom-Layer
  100
AcDbPolyline
  90
14
  70
1
  43
0.05080010160020321
  10
63.246126492253
  20
52.399568199136404
  10
63.66115386668601
  20
52.49429548904402
  10
63.99397997963585
  20
52.7597154572467
  10
64.17868453758838
  20
53.14325842387959
  10
64.17868453758838
  20
53.56895900055528
  10
63.99397997963585
  20
53.95250196718818
  10
63.66115386668601
  20
54.21792193539085
  10
63.246126492253
  20
54.31264922529846
  10
62.83109911781996
  20
54.21792193539085
  10
62.498273004870114
  20
53.95250196718817
  10
62.313568446917586
  20
53.56895900055528
  10
62.313568446917586
  20
53.14325842387959
  10
62.498273004870114
  20
52.7597154572467
  10
62.83109911781996
  20
52.49429548904402
  0
HATCH
  5
1332
  100
AcDbEntity
  8
Bottom-Layer
  100
AcDbHatch
  10
0
  20
0
  30
0
  210
0
  220
0
  230
1
  2
SOLID
  70
1
  71
0
  91
1
  92
7
  72
0
  73
1
  93
14
  10
86.86817373634749
  20
64.69466598933198
  10
86.45314636191445
  20
64.59993869942437
  10
86.12032024896463
  20
64.33451873122169
  10
85.93561569101207
  20
63.950975764588804
  10
85.93561569101207
  20
63.52527518791312
  10
86.12032024896463
  20
63.14173222128022
  10
86.45314636191445
  20
62.87631225307755
  10
86.86817373634749
  20
62.781584963169934
  10
87.2832011107805
  20
62.87631225307755
  10
87.61602722373034
  20
63.14173222128022
  10
87.8007317816829
  20
63.52527518791312
  10
87.8007317816829
  20
63.950975764588804
  10
87.61602722373034
  20
64.3345187312217
  10
87.2832011107805
  20
64.59993869942437
  97
1
  330
1331
  75
0
  76
1
  47
0.4128176842155181
  98
1
  10
34.90568961886538
  20
22.81183545379326
  450
0
  451
0
  460
0
  461
0
  452
1
  462
1
  453
2
  463
0
  63
5
  421
255
  463
1
  63
7
  421
16777215
  470
LINEAR
  1001
ACAD
  1010
0
  1020
0
  1030
0
  0
LWPOLYLINE
  5
1331
  100
AcDbEntity
  8
Bottom-Layer
  100
AcDbPolyline
  90
14
  70
1
  43
0.05080010160020321
  10
86.86817373634749
  20
64.69466598933198
  10
86.45314636191445
  20
64.59993869942437
  10
86.12032024896463
  20
64.33451873122169
  10
85.93561569101207
  20
63.950975764588804
  10
85.93561569101207
  20
63.52527518791312
  10
86.12032024896463
  20
63.14173222128022
  10
86.45314636191445
  20
62.87631225307755
  10
86.86817373634749
  20
62.781584963169934
  10
87.2832011107805
  20
62.87631225307755
  10
87.61602722373034
  20
63.14173222128022
  10
87.8007317816829
  20
63.52527518791312
  10
87.8007317816829
  20
63.950975764588804
  10
87.61602722373034
  20
64.3345187312217
  10
87.2832011107805
  20
64.59993869942437
  0
HATCH
  5
1334
  100
AcDbEntity
  8
Bottom-Layer
  100
AcDbHatch
  10
0
  20
0
  30
0
  210
0
  220
0
  230
1
  2
SOLID
  70
1
  71
0
  91
1
  92
7
  72
0
  73
1
  93
14
  10
86.995173990348
  20
56.693649987299985
  10
86.58014661591496
  20
56.59892269739237
  10
86.24732050296514
  20
56.333502729189696
  10
86.06261594501258
  20
55.9499597625568
  10
86.06261594501258
  20
55.524259185881114
  10
86.24732050296514
  20
55.14071621924822
  10
86.58014661591496
  20
54.87529625104554
  10
86.995173990348
  20
54.78056896113793
  10
87.410201364781
  20
54.87529625104554
  10
87.74302747773085
  20
55.14071621924822
  10
87.9277320356834
  20
55.524259185881114
  10
87.9277320356834
  20
55.9499597625568
  10
87.74302747773085
  20
56.3335027291897
  10
87.410201364781
  20
56.59892269739237
  97
1
  330
1333
  75
0
  76
1
  47
0.4128176842155181
  98
1
  10
34.90568961886538
  20
22.81183545379326
  450
0
  451
0
  460
0
  461
0
  452
1
  462
1
  453
2
  463
0
  63
5
  421
255
  463
1
  63
7
  421
16777215
  470
LINEAR
  1001
ACAD
  1010
0
  1020
0
  1030
0
  0
LWPOLYLINE
  5
1333
  100
AcDbEntity
  8
Bottom-Layer
  100
AcDbPolyline
  90
14
  70
1
  43
0.05080010160020321
  10
86.995173990348
  20
56.693649987299985
  10
86.58014661591496
  20
56.59892269739237
  10
86.24732050296514
  20
56.333502729189696
  10
86.06261594501258
  20
55.9499597625568
  10
86.06261594501258
  20
55.524259185881114
  10
86.24732050296514
  20
55.14071621924822
  10
86.58014661591496
  20
54.87529625104554
  10
86.995173990348
  20
54.78056896113793
  10
87.410201364781
  20
54.87529625104554
  10
87.74302747773085
  20
55.14071621924822
  10
87.9277320356834
  20
55.524259185881114
  10
87.9277320356834
  20
55.9499597625568
  10
87.74302747773085
  20
56.3335027291897
  10
87.410201364781
  20
56.59892269739237
  0
HATCH
  5
1336
  100
AcDbEntity
  8
Bottom-Layer
  100
AcDbHatch
  10
0
  20
0
  30
0
  210
0
  220
0
  230
1
  2
SOLID
  70
1
  71
0
  91
1
  92
7
  72
0
  73
1
  93
14
  10
63.246126492253
  20
44.90655321310643
  10
63.66115386668601
  20
45.001280503014044
  10
63.99397997963585
  20
45.266700471216716
  10
64.17868453758838
  20
45.65024343784961
  10
64.17868453758838
  20
46.07594401452529
  10
63.99397997963585
  20
46.459486981158186
  10
63.66115386668601
  20
46.72490694936086
  10
63.246126492253
  20
46.819634239268474
  10
62.83109911781996
  20
46.72490694936086
  10
62.498273004870114
  20
46.459486981158186
  10
62.313568446917586
  20
46.07594401452529
  10
62.313568446917586
  20
45.65024343784961
  10
62.498273004870114
  20
45.266700471216716
  10
62.83109911781996
  20
45.001280503014044
  97
1
  330
1335
  75
0
  76
1
  47
0.4128176842155181
  98
1
  10
34.90568961886538
  20
22.81183545379326
  450
0
  451
0
  460
0
  461
0
  452
1
  462
1
  453
2
  463
0
  63
5
  421
255
  463
1
  63
7
  421
16777215
  470
LINEAR
  1001
ACAD
  1010
0
  1020
0
  1030
0
  0
LWPOLYLINE
  5
1335
  100
AcDbEntity
  8
Bottom-Layer
  100
AcDbPolyline
  90
14
  70
1
  43
0.05080010160020321
  10
63.246126492253
  20
44.90655321310643
  10
63.66115386668601
  20
45.001280503014044
  10
63.99397997963585
  20
45.266700471216716
  10
64.17868453758838
  20
45.65024343784961
  10
64.17868453758838
  20
46.07594401452529
  10
63.99397997963585
  20
46.459486981158186
  10
63.66115386668601
  20
46.72490694936086
  10
63.246126492253
  20
46.819634239268474
  10
62.83109911781996
  20
46.72490694936086
  10
62.498273004870114
  20
46.459486981158186
  10
62.313568446917586
  20
46.07594401452529
  10
62.313568446917586
  20
45.65024343784961
  10
62.498273004870114
  20
45.266700471216716
  10
62.83109911781996
  20
45.001280503014044
  0
HATCH
  5
1338
  100
AcDbEntity
  8
Bottom-Layer
  100
AcDbHatch
  10
0
  20
0
  30
0
  210
0
  220
0
  230
1
  2
SOLID
  70
1
  71
0
  91
1
  92
7
  72
0
  73
1
  93
14
  10
86.86817373634749
  20
48.94663449326899
  10
86.45314636191445
  20
48.85190720336138
  10
86.12032024896463
  20
48.5864872351587
  10
85.93561569101207
  20
48.202944268525805
  10
85.93561569101207
  20
47.777243691850124
  10
86.12032024896463
  20
47.39370072521723
  10
86.45314636191445
  20
47.12828075701456
  10
86.86817373634749
  20
47.03355346710694
  10
87.2832011107805
  20
47.12828075701456
  10
87.61602722373034
  20
47.39370072521723
  10
87.8007317816829
  20
47.777243691850124
  10
87.8007317816829
  20
48.202944268525805
  10
87.61602722373034
  20
48.5864872351587
  10
87.2832011107805
  20
48.85190720336138
  97
1
  330
1337
  75
0
  76
1
  47
0.4128176842155181
  98
1
  10
34.90568961886538
  20
22.81183545379326
  450
0
  451
0
  460
0
  461
0
  452
1
  462
1
  453
2
  463
0
  63
5
  421
255
  463
1
  63
7
  421
16777215
  470
LINEAR
  1001
ACAD
  1010
0
  1020
0
  1030
0
  0
LWPOLYLINE
  5
1337
  100
AcDbEntity
  8
Bottom-Layer
  100
AcDbPolyline
  90
14
  70
1
  43
0.05080010160020321
  10
86.86817373634749
  20
48.94663449326899
  10
86.45314636191445
  20
48.85190720336138
  10
86.12032024896463
  20
48.5864872351587
  10
85.93561569101207
  20
48.202944268525805
  10
85.93561569101207
  20
47.777243691850124
  10
86.12032024896463
  20
47.39370072521723
  10
86.45314636191445
  20
47.12828075701456
  10
86.86817373634749
  20
47.03355346710694
  10
87.2832011107805
  20
47.12828075701456
  10
87.61602722373034
  20
47.39370072521723
  10
87.8007317816829
  20
47.777243691850124
  10
87.8007317816829
  20
48.202944268525805
  10
87.61602722373034
  20
48.5864872351587
  10
87.2832011107805
  20
48.85190720336138
  0
LWPOLYLINE
  5
1339
  100
AcDbEntity
  8
Bottom-Layer
  100
AcDbPolyline
  90
2
  70
0
  43
0.05080010160020321
  10
63.246126492253
  20
62.8491236982474
  10
63.246126492253
  20
63.855664211328424
  0
LWPOLYLINE
  5
1340
  100
AcDbEntity
  8
Bottom-Layer
  100
AcDbPolyline
  90
2
  70
0
  43
0.05080010160020321
  10
63.246126492253
  20
62.8491236982474
  10
62.289585979171974
  20
62.84912369824739
  0
LWPOLYLINE
  5
1341
  100
AcDbEntity
  8
Bottom-Layer
  100
AcDbPolyline
  90
2
  70
0
  43
0.05080010160020321
  10
63.246126492253
  20
62.8491236982474
  10
64.20266700533402
  20
62.84912369824739
  0
LWPOLYLINE
  5
1342
  100
AcDbEntity
  8
Bottom-Layer
  100
AcDbPolyline
  90
2
  70
0
  43
0.05080010160020321
  10
63.246126492253
  20
47.86309372618746
  10
63.246126492253
  20
48.86963423926848
  0
LWPOLYLINE
  5
1343
  100
AcDbEntity
  8
Bottom-Layer
  100
AcDbPolyline
  90
2
  70
0
  43
0.05080010160020321
  10
63.246126492253
  20
47.86309372618746
  10
62.289585979171974
  20
47.863093726187444
  0
LWPOLYLINE
  5
1344
  100
AcDbEntity
  8
Bottom-Layer
  100
AcDbPolyline
  90
2
  70
0
  43
0.05080010160020321
  10
63.246126492253
  20
47.86309372618746
  10
64.20266700533402
  20
47.863093726187444
  0
LWPOLYLINE
  5
1345
  100
AcDbEntity
  8
Bottom-Layer
  100
AcDbPolyline
  90
2
  70
0
  43
0.05080010160020321
  10
63.246126492253
  20
55.356108712217434
  10
63.246126492253
  20
56.362649225298455
  0
LWPOLYLINE
  5
1346
  100
AcDbEntity
  8
Bottom-Layer
  100
AcDbPolyline
  90
2
  70
0
  43
0.05080010160020321
  10
63.246126492253
  20
55.356108712217434
  10
62.289585979171974
  20
55.35610871221742
  0
LWPOLYLINE
  5
1347
  100
AcDbEntity
  8
Bottom-Layer
  100
AcDbPolyline
  90
2
  70
0
  43
0.05080010160020321
  10
63.246126492253
  20
55.356108712217434
  10
64.20266700533402
  20
55.35610871221742
  0
LWPOLYLINE
  5
1348
  100
AcDbEntity
  8
Bottom-Layer
  100
AcDbPolyline
  90
2
  70
0
  43
0.05080010160020321
  10
86.86817373634749
  20
47.990093980187964
  10
86.86817373634749
  20
48.946634493268974
  0
LWPOLYLINE
  5
1349
  100
AcDbEntity
  8
Bottom-Layer
  100
AcDbPolyline
  90
2
  70
0
  43
0.05080010160020321
  10
86.86817373634749
  20
47.990093980187964
  10
87.82471424942851
  20
47.99009398018795
  0
LWPOLYLINE
  5
1350
  100
AcDbEntity
  8
Bottom-Layer
  100
AcDbPolyline
  90
2
  70
0
  43
0.05080010160020321
  10
86.86817373634749
  20
47.990093980187964
  10
85.91163322326646
  20
47.99009398018795
  0
LWPOLYLINE
  5
1351
  100
AcDbEntity
  8
Bottom-Layer
  100
AcDbPolyline
  90
2
  70
0
  43
0.05080010160020321
  10
86.86817373634749
  20
63.73812547625096
  10
86.86817373634749
  20
64.69466598933197
  0
LWPOLYLINE
  5
1352
  100
AcDbEntity
  8
Bottom-Layer
  100
AcDbPolyline
  90
2
  70
0
  43
0.05080010160020321
  10
86.86817373634749
  20
63.73812547625096
  10
87.82471424942851
  20
63.73812547625094
  0
LWPOLYLINE
  5
1353
  100
AcDbEntity
  8
Bottom-Layer
  100
AcDbPolyline
  90
2
  70
0
  43
0.05080010160020321
  10
86.86817373634749
  20
63.73812547625096
  10
85.91163322326646
  20
63.73812547625094
  0
LWPOLYLINE
  5
1354
  100
AcDbEntity
  8
Bottom-Layer
  100
AcDbPolyline
  90
2
  70
0
  43
0.05080010160020321
  10
86.995173990348
  20
55.737109474218954
  10
86.995173990348
  20
56.69364998729996
  0
LWPOLYLINE
  5
1355
  100
AcDbEntity
  8
Bottom-Layer
  100
AcDbPolyline
  90
2
  70
0
  43
0.05080010160020321
  10
86.995173990348
  20
55.737109474218954
  10
87.95171450342902
  20
55.73710947421894
  0
LWPOLYLINE
  5
1356
  100
AcDbEntity
  8
Bottom-Layer
  100
AcDbPolyline
  90
2
  70
0
  43
0.05080010160020321
  10
86.995173990348
  20
55.737109474218954
  10
86.03863347726697
  20
55.73710947421894
  0
LWPOLYLINE
  5
1357
  100
AcDbEntity
  8
Bottom-Layer
  100
AcDbPolyline
  90
2
  70
0
  43
1
  10
71.04394208788419
  20
55.219710439420886
  10
71.04394208788419
  20
50.6731013462027
  0
LWPOLYLINE
  5
1358
  100
AcDbEntity
  8
Bottom-Layer
  100
AcDbPolyline
  90
2
  70
0
  43
1
  10
86.74117348234698
  20
48.00609601219203
  10
86.74117348234698
  20
50.6731013462027
  0
LWPOLYLINE
  5
1359
  100
AcDbEntity
  8
Bottom-Layer
  100
AcDbPolyline
  90
2
  70
0
  43
1
  10
63.246126492253
  20
62.84912369824738
  10
65.1511303022606
  20
62.84912369824738
  0
LWPOLYLINE
  5
1360
  100
AcDbEntity
  8
Bottom-Layer
  100
AcDbPolyline
  90
2
  70
0
  43
1
  10
65.1511303022606
  20
62.84912369824738
  10
65.1511303022606
  20
66.92913385826773
  0
LWPOLYLINE
  5
1361
  100
AcDbEntity
  8
Bottom-Layer
  100
AcDbPolyline
  90
2
  70
0
  43
1
  10
65.1511303022606
  20
66.92913385826773
  10
82.29616459232919
  20
66.92913385826773
  0
LWPOLYLINE
  5
1374
  100
AcDbEntity
  8
Bottom-Layer
  100
AcDbPolyline
  90
2
  70
0
  43
1
  10
63.246126492253
  20
55.3721107442215
  10
67.31013462026924
  20
55.3721107442215
  0
LWPOLYLINE
  5
1375
  100
AcDbEntity
  8
Bottom-Layer
  100
AcDbPolyline
  90
2
  70
0
  43
1
  10
67.31013462026924
  20
55.3721107442215
  10
68.43713487426974
  20
55.3721107442215
  0
LWPOLYLINE
  5
1376
  100
AcDbEntity
  8
Bottom-Layer
  100
AcDbPolyline
  90
2
  70
0
  43
1
  10
68.43713487426974
  20
55.3721107442215
  10
68.7006604013208
  20
55.10858521717044
  0
LWPOLYLINE
  5
1377
  100
AcDbEntity
  8
Bottom-Layer
  100
AcDbPolyline
  90
2
  70
0
  43
1
  10
68.58013716027433
  20
55.10287020574042
  10
68.7006604013208
  20
55.10858521717044
  0
LWPOLYLINE
  5
1378
  100
AcDbEntity
  8
Bottom-Layer
  100
AcDbPolyline
  90
2
  70
0
  43
1
  10
68.7006604013208
  20
55.10858521717044
  10
71.04394208788419
  20
55.219710439420886
  0
LWPOLYLINE
  5
1382
  100
AcDbEntity
  8
Bottom-Layer
  100
AcDbPolyline
  90
2
  70
0
  43
1
  10
68.70637541275086
  20
54.97663195326392
  10
68.70637541275086
  20
54.486695453390915
  0
LWPOLYLINE
  5
1383
  100
AcDbEntity
  8
Bottom-Layer
  100
AcDbPolyline
  90
2
  70
0
  43
1
  10
68.58013716027433
  20
55.10287020574042
  10
68.7006604013208
  20
54.98234696469393
  0
LWPOLYLINE
  5
1384
  100
AcDbEntity
  8
Bottom-Layer
  100
AcDbPolyline
  90
2
  70
0
  43
1
  10
68.7006604013208
  20
54.98234696469393
  10
68.70637541275086
  20
54.97663195326392
  0
LWPOLYLINE
  5
1385
  100
AcDbEntity
  8
Bottom-Layer
  100
AcDbPolyline
  90
2
  70
0
  43
1
  10
68.7006604013208
  20
55.10858521717044
  10
68.7006604013208
  20
54.98234696469393
  0
LWPOLYLINE
  5
1386
  100
AcDbEntity
  8
Bottom-Layer
  100
AcDbPolyline
  90
2
  70
0
  43
1
  10
68.7006604013208
  20
54.492410464820935
  10
68.70637541275086
  20
54.486695453390915
  0
LWPOLYLINE
  5
1387
  100
AcDbEntity
  8
Bottom-Layer
  100
AcDbPolyline
  90
2
  70
0
  43
1
  10
68.70637541275086
  20
54.97663195326392
  10
68.7006604013208
  20
54.97091694183389
  0
LWPOLYLINE
  5
1388
  100
AcDbEntity
  8
Bottom-Layer
  100
AcDbPolyline
  90
2
  70
0
  43
1
  10
68.7006604013208
  20
54.98234696469393
  10
68.7006604013208
  20
54.97091694183389
  0
LWPOLYLINE
  5
1389
  100
AcDbEntity
  8
Bottom-Layer
  100
AcDbPolyline
  90
2
  70
0
  43
1
  10
68.7006604013208
  20
54.97091694183389
  10
68.7006604013208
  20
54.492410464820935
  0
LWPOLYLINE
  5
1390
  100
AcDbEntity
  8
Bottom-Layer
  100
AcDbPolyline
  90
2
  70
0
  43
1
  10
68.7006604013208
  20
54.97091694183389
  10
68.36294894589791
  20
54.633205486410986
  0
LWPOLYLINE
  5
1391
  100
AcDbEntity
  8
Bottom-Layer
  100
AcDbPolyline
  90
2
  70
0
  43
1
  10
68.36294894589791
  20
54.633205486410986
  10
68.36294894589791
  20
54.08412242824487
  0
LWPOLYLINE
  5
1392
  100
AcDbEntity
  8
Bottom-Layer
  100
AcDbPolyline
  90
2
  70
0
  43
1
  10
68.70637541275086
  20
54.486695453390915
  10
68.70637541275086
  20
54.42755143510288
  0
LWPOLYLINE
  5
1393
  100
AcDbEntity
  8
Bottom-Layer
  100
AcDbPolyline
  90
2
  70
0
  43
1
  10
68.70637541275086
  20
54.42755143510288
  10
68.36294894589791
  20
54.08412242824487
  0
LWPOLYLINE
  5
1404
  100
AcDbEntity
  8
Bottom-Layer
  100
AcDbPolyline
  90
2
  70
0
  43
1.00000254000508
  10
74.24815849631698
  20
55.97612395224792
  10
74.53314706629415
  20
56.26111252222505
  0
LWPOLYLINE
  5
1405
  100
AcDbEntity
  8
Bottom-Layer
  100
AcDbPolyline
  90
2
  70
0
  43
1.00000254000508
  10
74.53314706629415
  20
56.26111252222505
  10
78.23215646431292
  20
56.26111252222505
  0
LWPOLYLINE
  5
1406
  100
AcDbEntity
  8
Bottom-Layer
  100
AcDbPolyline
  90
2
  70
0
  43
1.00000254000508
  10
78.23215646431292
  20
56.26111252222505
  10
83.82016764033527
  20
50.6731013462027
  0
LWPOLYLINE
  5
1407
  100
AcDbEntity
  8
Bottom-Layer
  100
AcDbPolyline
  90
2
  70
0
  43
1.00000254000508
  10
83.82016764033527
  20
50.6731013462027
  10
86.48717297434597
  20
48.00609601219203
  0
LWPOLYLINE
  5
1408
  100
AcDbEntity
  8
Bottom-Layer
  100
AcDbPolyline
  90
2
  70
0
  43
1.00000254000508
  10
86.48717297434597
  20
48.00609601219203
  10
86.74117348234698
  20
48.00609601219203
  0
LWPOLYLINE
  5
1409
  100
AcDbEntity
  8
Bottom-Layer
  100
AcDbPolyline
  90
2
  70
0
  43
1
  10
71.04394208788419
  20
50.6731013462027
  10
83.82016764033527
  20
50.6731013462027
  0
LWPOLYLINE
  5
1410
  100
AcDbEntity
  8
Bottom-Layer
  100
AcDbPolyline
  90
2
  70
0
  43
1
  10
86.74117348234698
  20
50.6731013462027
  10
83.82016764033527
  20
50.6731013462027
  0
LWPOLYLINE
  5
1430
  100
AcDbEntity
  8
Bottom-Layer
  100
AcDbPolyline
  90
2
  70
0
  43
1
  10
75.27051054102112
  20
65.68326136652267
  10
74.64569409127752
  20
65.07438762663242
  0
LWPOLYLINE
  5
1431
  100
AcDbEntity
  8
Bottom-Layer
  100
AcDbPolyline
  90
2
  70
0
  43
1
  10
74.64569409127752
  20
65.07438762663242
  10
67.31013462026924
  20
65.16918346536121
  0
LWPOLYLINE
  5
1432
  100
AcDbEntity
  8
Bottom-Layer
  100
AcDbPolyline
  90
2
  70
0
  43
1
  10
67.31013462026924
  20
65.16918346536121
  10
67.31013462026924
  20
55.3721107442215
  0
LWPOLYLINE
  5
1433
  100
AcDbEntity
  8
Bottom-Layer
  100
AcDbPolyline
  90
2
  70
0
  43
1
  10
82.29616459232919
  20
66.92913385826773
  10
82.67716535433071
  20
67.31013462026925
  0
LWPOLYLINE
  5
1434
  100
AcDbEntity
  8
Bottom-Layer
  100
AcDbPolyline
  90
2
  70
0
  43
0.8
  10
88.12057404114809
  20
62.716937174358435
  10
88.12057404114809
  20
60.75931377814351
  0
LWPOLYLINE
  5
1435
  100
AcDbEntity
  8
Bottom-Layer
  100
AcDbPolyline
  90
2
  70
0
  43
0.8
  10
88.12057404114809
  20
60.75931377814351
  10
84.83616967233935
  20
57.47490940933481
  0
LWPOLYLINE
  5
1436
  100
AcDbEntity
  8
Bottom-Layer
  100
AcDbPolyline
  90
2
  70
0
  43
0.8
  10
84.83616967233935
  20
57.47490940933481
  10
84.83616967233935
  20
55.626111252222515
  0
LWPOLYLINE
  5
1437
  100
AcDbEntity
  8
Bottom-Layer
  100
AcDbPolyline
  90
2
  70
0
  43
0.8
  10
84.83616967233935
  20
55.626111252222515
  10
86.995173990348
  20
55.626111252222515
  0
LWPOLYLINE
  5
1438
  100
AcDbEntity
  8
Bottom-Layer
  100
AcDbPolyline
  90
2
  70
0
  43
1
  10
82.67716535433071
  20
67.31013462026925
  10
86.23317246634493
  20
63.754127508255024
  0
LWPOLYLINE
  5
1439
  100
AcDbEntity
  8
Bottom-Layer
  100
AcDbPolyline
  90
2
  70
0
  43
1
  10
86.23317246634493
  20
63.754127508255024
  10
86.74117348234698
  20
63.754127508255024
  0
LWPOLYLINE
  5
1440
  100
AcDbEntity
  8
Bottom-Layer
  100
AcDbPolyline
  90
2
  70
0
  43
0.8
  10
86.74117348234698
  20
63.754127508255024
  10
87.08338370725151
  20
63.754127508255024
  0
LWPOLYLINE
  5
1441
  100
AcDbEntity
  8
Bottom-Layer
  100
AcDbPolyline
  90
2
  70
0
  43
0.8
  10
87.08338370725151
  20
63.754127508255024
  10
88.12057404114809
  20
62.716937174358435
  0
LWPOLYLINE
  5
1442
  100
AcDbEntity
  8
Bottom-Layer
  100
AcDbPolyline
  90
2
  70
0
  43
1
  10
63.246126492253
  20
47.87909575819152
  10
63.246126492253
  20
51.18307310009217
  0
LWPOLYLINE
  5
1443
  100
AcDbEntity
  8
Bottom-Layer
  100
AcDbPolyline
  90
2
  70
0
  43
1
  10
63.246126492253
  20
51.18307310009217
  10
67.16592359790125
  20
55.10287020574042
  0
LWPOLYLINE
  5
1444
  100
AcDbEntity
  8
Bottom-Layer
  100
AcDbPolyline
  90
2
  70
0
  43
1
  10
67.16592359790125
  20
55.10287020574042
  10
68.58013716027433
  20
55.10287020574042
  0
HATCH
  5
1446
  100
AcDbEntity
  8
Bottom-Layer
  100
AcDbHatch
  10
0
  20
0
  30
0
  210
0
  220
0
  230
1
  2
SOLID
  70
1
  71
0
  91
1
  92
7
  72
0
  73
1
  93
4
  10
63.946126492252986
  20
62.09912369824738
  10
62.54612649225298
  20
62.09912369824738
  10
62.54612649225298
  20
63.599123698247396
  10
63.946126492252986
  20
63.599123698247396
  97
1
  330
1445
  75
0
  76
1
  47
0.4128176842155181
  98
1
  10
34.90568961886538
  20
22.81183545379326
  450
0
  451
0
  460
0
  461
0
  452
1
  462
1
  453
2
  463
0
  63
5
  421
255
  463
1
  63
7
  421
16777215
  470
LINEAR
  1001
ACAD
  1010
0
  1020
0
  1030
0
  0
LWPOLYLINE
  5
1445
  100
AcDbEntity
  8
Bottom-Layer
  100
AcDbPolyline
  90
4
  70
1
  43
0
  10
63.946126492252986
  20
62.09912369824738
  10
62.54612649225298
  20
62.09912369824738
  10
62.54612649225298
  20
63.599123698247396
  10
63.946126492252986
  20
63.599123698247396
  0
HATCH
  5
1467
  100
AcDbEntity
  8
Bottom-Layer
  100
AcDbHatch
  10
0
  20
0
  30
0
  210
0
  220
0
  230
1
  2
SOLID
  70
1
  71
0
  91
1
  92
7
  72
1
  73
1
  93
2
  10
62.546126492252995
  20
60.84912369824741
  42
1
  10
63.946126492253
  20
60.84912369824741
  42
1
  97
1
  330
1466
  75
0
  76
1
  47
0.8681437583925616
  98
1
  10
3.629517071192367
  20
33.92795499968543
  450
0
  451
0
  460
0
  461
0
  452
1
  462
1
  453
2
  463
0
  63
5
  421
255
  463
1
  63
7
  421
16777215
  470
LINEAR
  1001
ACAD
  1010
0
  1020
0
  1030
0
  0
LWPOLYLINE
  5
1468
  100
AcDbEntity
  8
Bottom-Layer
  100
AcDbPolyline
  90
4
  70
0
  43
0
  10
62.54612649225298
  20
60.84912369822344
  42
1
  10
63.946126492252986
  20
60.84912369822344
  10
63.946126492252986
  20
60.84912369827137
  42
1
  10
62.54612649225298
  20
60.84912369827137
  0
HATCH
  5
1497
  100
AcDbEntity
  8
Bottom-Layer
  100
AcDbHatch
  10
0
  20
0
  30
0
  210
0
  220
0
  230
1
  2
SOLID
  70
1
  71
0
  91
1
  92
7
  72
1
  73
1
  93
2
  10
86.16817373634748
  20
63.73812547625096
  42
1
  10
87.56817373634749
  20
63.73812547625096
  42
1
  97
1
  330
1496
  75
0
  76
1
  47
0.8681437583925616
  98
1
  10
3.629517071192367
  20
33.92795499968543
  450
0
  451
0
  460
0
  461
0
  452
1
  462
1
  453
2
  463
0
  63
5
  421
255
  463
1
  63
7
  421
16777215
  470
LINEAR
  1001
ACAD
  1010
0
  1020
0
  1030
0
  0
LWPOLYLINE
  5
1498
  100
AcDbEntity
  8
Bottom-Layer
  100
AcDbPolyline
  90
4
  70
0
  43
0
  10
86.16817373634747
  20
63.738125476227
  42
1
  10
87.56817373634748
  20
63.738125476227
  10
87.56817373634748
  20
63.73812547627493
  42
1
  10
86.16817373634747
  20
63.73812547627493
  0
HATCH
  5
1527
  100
AcDbEntity
  8
Bottom-Layer
  100
AcDbHatch
  10
0
  20
0
  30
0
  210
0
  220
0
  230
1
  2
SOLID
  70
1
  71
0
  91
1
  92
7
  72
0
  73
1
  93
4
  10
86.16817373634747
  20
62.48812547625098
  10
87.56817373634748
  20
62.48812547625098
  10
87.56817373634748
  20
60.98812547625096
  10
86.16817373634747
  20
60.98812547625096
  97
1
  330
1526
  75
0
  76
1
  47
0.4128176842155181
  98
1
  10
34.90568961886538
  20
22.81183545379326
  450
0
  451
0
  460
0
  461
0
  452
1
  462
1
  453
2
  463
0
  63
5
  421
255
  463
1
  63
7
  421
16777215
  470
LINEAR
  1001
ACAD
  1010
0
  1020
0
  1030
0
  0
LWPOLYLINE
  5
1526
  100
AcDbEntity
  8
Bottom-Layer
  100
AcDbPolyline
  90
4
  70
1
  43
0
  10
86.16817373634747
  20
62.48812547625098
  10
87.56817373634748
  20
62.48812547625098
  10
87.56817373634748
  20
60.98812547625096
  10
86.16817373634747
  20
60.98812547625096
  0
HATCH
  5
1548
  100
AcDbEntity
  8
Bottom-Layer
  100
AcDbHatch
  10
0
  20
0
  30
0
  210
0
  220
0
  230
1
  2
SOLID
  70
1
  71
0
  91
1
  92
7
  72
0
  73
1
  93
4
  10
63.946126492252986
  20
54.606108712217406
  10
62.54612649225298
  20
54.606108712217406
  10
62.54612649225298
  20
56.10610871221743
  10
63.946126492252986
  20
56.10610871221743
  97
1
  330
1547
  75
0
  76
1
  47
0.4128176842155181
  98
1
  10
34.90568961886538
  20
22.81183545379326
  450
0
  451
0
  460
0
  461
0
  452
1
  462
1
  453
2
  463
0
  63
5
  421
255
  463
1
  63
7
  421
16777215
  470
LINEAR
  1001
ACAD
  1010
0
  1020
0
  1030
0
  0
LWPOLYLINE
  5
1547
  100
AcDbEntity
  8
Bottom-Layer
  100
AcDbPolyline
  90
4
  70
1
  43
0
  10
63.946126492252986
  20
54.606108712217406
  10
62.54612649225298
  20
54.606108712217406
  10
62.54612649225298
  20
56.10610871221743
  10
63.946126492252986
  20
56.10610871221743
  0
HATCH
  5
1569
  100
AcDbEntity
  8
Bottom-Layer
  100
AcDbHatch
  10
0
  20
0
  30
0
  210
0
  220
0
  230
1
  2
SOLID
  70
1
  71
0
  91
1
  92
7
  72
1
  73
1
  93
2
  10
62.546126492252995
  20
53.356108712217434
  42
1
  10
63.946126492253
  20
53.356108712217434
  42
1
  97
1
  330
1568
  75
0
  76
1
  47
0.8681437583925616
  98
1
  10
3.629517071192367
  20
33.92795499968543
  450
0
  451
0
  460
0
  461
0
  452
1
  462
1
  453
2
  463
0
  63
5
  421
255
  463
1
  63
7
  421
16777215
  470
LINEAR
  1001
ACAD
  1010
0
  1020
0
  1030
0
  0
LWPOLYLINE
  5
1570
  100
AcDbEntity
  8
Bottom-Layer
  100
AcDbPolyline
  90
4
  70
0
  43
0
  10
62.54612649225298
  20
53.35610871219346
  42
1
  10
63.946126492252986
  20
53.35610871219346
  10
63.946126492252986
  20
53.3561087122414
  42
1
  10
62.54612649225298
  20
53.3561087122414
  0
HATCH
  5
1599
  100
AcDbEntity
  8
Bottom-Layer
  100
AcDbHatch
  10
0
  20
0
  30
0
  210
0
  220
0
  230
1
  2
SOLID
  70
1
  71
0
  91
1
  92
7
  72
1
  73
1
  93
2
  10
86.29517399034799
  20
55.737109474218954
  42
1
  10
87.695173990348
  20
55.737109474218954
  42
1
  97
1
  330
1598
  75
0
  76
1
  47
0.8681437583925616
  98
1
  10
3.629517071192367
  20
33.92795499968543
  450
0
  451
0
  460
0
  461
0
  452
1
  462
1
  453
2
  463
0
  63
5
  421
255
  463
1
  63
7
  421
16777215
  470
LINEAR
  1001
ACAD
  1010
0
  1020
0
  1030
0
  0
LWPOLYLINE
  5
1600
  100
AcDbEntity
  8
Bottom-Layer
  100
AcDbPolyline
  90
4
  70
0
  43
0
  10
86.29517399034798
  20
55.73710947419499
  42
1
  10
87.69517399034798
  20
55.73710947419499
  10
87.69517399034798
  20
55.73710947424293
  42
1
  10
86.29517399034798
  20
55.73710947424293
  0
HATCH
  5
1629
  100
AcDbEntity
  8
Bottom-Layer
  100
AcDbHatch
  10
0
  20
0
  30
0
  210
0
  220
0
  230
1
  2
SOLID
  70
1
  71
0
  91
1
  92
7
  72
0
  73
1
  93
4
  10
86.29517399034798
  20
54.487109474218975
  10
87.69517399034798
  20
54.487109474218975
  10
87.69517399034798
  20
52.987109474218954
  10
86.29517399034798
  20
52.987109474218954
  97
1
  330
1628
  75
0
  76
1
  47
0.4128176842155181
  98
1
  10
34.90568961886538
  20
22.81183545379326
  450
0
  451
0
  460
0
  461
0
  452
1
  462
1
  453
2
  463
0
  63
5
  421
255
  463
1
  63
7
  421
16777215
  470
LINEAR
  1001
ACAD
  1010
0
  1020
0
  1030
0
  0
LWPOLYLINE
  5
1628
  100
AcDbEntity
  8
Bottom-Layer
  100
AcDbPolyline
  90
4
  70
1
  43
0
  10
86.29517399034798
  20
54.487109474218975
  10
87.69517399034798
  20
54.487109474218975
  10
87.69517399034798
  20
52.987109474218954
  10
86.29517399034798
  20
52.987109474218954
  0
HATCH
  5
1650
  100
AcDbEntity
  8
Bottom-Layer
  100
AcDbHatch
  10
0
  20
0
  30
0
  210
0
  220
0
  230
1
  2
SOLID
  70
1
  71
0
  91
1
  92
7
  72
0
  73
1
  93
4
  10
86.16817373634747
  20
46.740093980187986
  10
87.56817373634748
  20
46.740093980187986
  10
87.56817373634748
  20
45.240093980187964
  10
86.16817373634747
  20
45.240093980187964
  97
1
  330
1649
  75
0
  76
1
  47
0.4128176842155181
  98
1
  10
34.90568961886538
  20
22.81183545379326
  450
0
  451
0
  460
0
  461
0
  452
1
  462
1
  453
2
  463
0
  63
5
  421
255
  463
1
  63
7
  421
16777215
  470
LINEAR
  1001
ACAD
  1010
0
  1020
0
  1030
0
  0
LWPOLYLINE
  5
1649
  100
AcDbEntity
  8
Bottom-Layer
  100
AcDbPolyline
  90
4
  70
1
  43
0
  10
86.16817373634747
  20
46.740093980187986
  10
87.56817373634748
  20
46.740093980187986
  10
87.56817373634748
  20
45.240093980187964
  10
86.16817373634747
  20
45.240093980187964
  0
HATCH
  5
1671
  100
AcDbEntity
  8
Bottom-Layer
  100
AcDbHatch
  10
0
  20
0
  30
0
  210
0
  220
0
  230
1
  2
SOLID
  70
1
  71
0
  91
1
  92
7
  72
1
  73
1
  93
2
  10
86.16817373634748
  20
47.990093980187964
  42
1
  10
87.56817373634749
  20
47.990093980187964
  42
1
  97
1
  330
1670
  75
0
  76
1
  47
0.8681437583925616
  98
1
  10
3.629517071192367
  20
33.92795499968543
  450
0
  451
0
  460
0
  461
0
  452
1
  462
1
  453
2
  463
0
  63
5
  421
255
  463
1
  63
7
  421
16777215
  470
LINEAR
  1001
ACAD
  1010
0
  1020
0
  1030
0
  0
LWPOLYLINE
  5
1672
  100
AcDbEntity
  8
Bottom-Layer
  100
AcDbPolyline
  90
4
  70
0
  43
0
  10
86.16817373634747
  20
47.990093980164005
  42
1
  10
87.56817373634748
  20
47.990093980164
  10
87.56817373634748
  20
47.99009398021194
  42
1
  10
86.16817373634747
  20
47.99009398021194
  0
HATCH
  5
1701
  100
AcDbEntity
  8
Bottom-Layer
  100
AcDbHatch
  10
0
  20
0
  30
0
  210
0
  220
0
  230
1
  2
SOLID
  70
1
  71
0
  91
1
  92
7
  72
0
  73
1
  93
4
  10
63.946126492252986
  20
47.11309372618744
  10
62.54612649225298
  20
47.11309372618744
  10
62.54612649225298
  20
48.61309372618746
  10
63.946126492252986
  20
48.61309372618746
  97
1
  330
1700
  75
0
  76
1
  47
0.4128176842155181
  98
1
  10
34.90568961886538
  20
22.81183545379326
  450
0
  451
0
  460
0
  461
0
  452
1
  462
1
  453
2
  463
0
  63
5
  421
255
  463
1
  63
7
  421
16777215
  470
LINEAR
  1001
ACAD
  1010
0
  1020
0
  1030
0
  0
LWPOLYLINE
  5
1700
  100
AcDbEntity
  8
Bottom-Layer
  100
AcDbPolyline
  90
4
  70
1
  43
0
  10
63.946126492252986
  20
47.11309372618744
  10
62.54612649225298
  20
47.11309372618744
  10
62.54612649225298
  20
48.61309372618746
  10
63.946126492252986
  20
48.61309372618746
  0
HATCH
  5
1722
  100
AcDbEntity
  8
Bottom-Layer
  100
AcDbHatch
  10
0
  20
0
  30
0
  210
0
  220
0
  230
1
  2
SOLID
  70
1
  71
0
  91
1
  92
7
  72
1
  73
1
  93
2
  10
62.546126492252995
  20
45.86309372618745
  42
1
  10
63.946126492253
  20
45.86309372618745
  42
1
  97
1
  330
1721
  75
0
  76
1
  47
0.8681437583925616
  98
1
  10
3.629517071192367
  20
33.92795499968543
  450
0
  451
0
  460
0
  461
0
  452
1
  462
1
  453
2
  463
0
  63
5
  421
255
  463
1
  63
7
  421
16777215
  470
LINEAR
  1001
ACAD
  1010
0
  1020
0
  1030
0
  0
LWPOLYLINE
  5
1723
  100
AcDbEntity
  8
Bottom-Layer
  100
AcDbPolyline
  90
4
  70
0
  43
0
  10
62.54612649225298
  20
45.86309372616349
  42
1
  10
63.946126492252986
  20
45.863093726163484
  10
63.946126492252986
  20
45.86309372621142
  42
1
  10
62.54612649225298
  20
45.86309372621142
  0
HATCH
  5
1752
  100
AcDbEntity
  8
Bottom-Layer
  100
AcDbHatch
  10
0
  20
0
  30
0
  210
0
  220
0
  230
1
  2
SOLID
  70
1
  71
0
  91
1
  92
7
  72
1
  73
1
  93
2
  10
70.29514859029717
  20
45.99415798831598
  42
1
  10
71.81915163830328
  20
45.99415798831598
  42
1
  97
1
  330
1751
  75
0
  76
1
  47
0.8681437583925616
  98
1
  10
3.629517071192367
  20
33.92795499968543
  450
0
  451
0
  460
0
  461
0
  452
1
  462
1
  453
2
  463
0
  63
5
  421
255
  463
1
  63
7
  421
16777215
  470
LINEAR
  1001
ACAD
  1010
0
  1020
0
  1030
0
  0
LWPOLYLINE
  5
1753
  100
AcDbEntity
  8
Bottom-Layer
  100
AcDbPolyline
  90
2
  70
1
  43
0
  10
70.29514859029716
  20
45.99415798831598
  42
1
  10
71.81915163830327
  20
45.99415798831598
  42
1
  0
HATCH
  5
1782
  100
AcDbEntity
  8
Bottom-Layer
  100
AcDbHatch
  10
0
  20
0
  30
0
  210
0
  220
0
  230
1
  2
SOLID
  70
1
  71
0
  91
1
  92
7
  72
1
  73
1
  93
2
  10
74.29514859029717
  20
45.99415798831598
  42
1
  10
75.81915163830328
  20
45.99415798831598
  42
1
  97
1
  330
1781
  75
0
  76
1
  47
0.8681437583925616
  98
1
  10
3.629517071192367
  20
33.92795499968543
  450
0
  451
0
  460
0
  461
0
  452
1
  462
1
  453
2
  463
0
  63
5
  421
255
  463
1
  63
7
  421
16777215
  470
LINEAR
  1001
ACAD
  1010
0
  1020
0
  1030
0
  0
LWPOLYLINE
  5
1783
  100
AcDbEntity
  8
Bottom-Layer
  100
AcDbPolyline
  90
2
  70
1
  43
0
  10
74.29514859029719
  20
45.99415798831598
  42
1
  10
75.81915163830327
  20
45.99415798831598
  42
1
  0
HATCH
  5
1812
  100
AcDbEntity
  8
Bottom-Layer
  100
AcDbHatch
  10
0
  20
0
  30
0
  210
0
  220
0
  230
1
  2
SOLID
  70
1
  71
0
  91
1
  92
7
  72
1
  73
1
  93
2
  10
78.2951485902972
  20
45.99415798831598
  42
1
  10
79.81915163830331
  20
45.99415798831598
  42
1
  97
1
  330
1811
  75
0
  76
1
  47
0.8681437583925616
  98
1
  10
3.629517071192367
  20
33.92795499968543
  450
0
  451
0
  460
0
  461
0
  452
1
  462
1
  453
2
  463
0
  63
5
  421
255
  463
1
  63
7
  421
16777215
  470
LINEAR
  1001
ACAD
  1010
0
  1020
0
  1030
0
  0
LWPOLYLINE
  5
1813
  100
AcDbEntity
  8
Bottom-Layer
  100
AcDbPolyline
  90
2
  70
1
  43
0
  10
78.29514859029719
  20
45.99415798831598
  42
1
  10
79.8191516383033
  20
45.99415798831598
  42
1
  0
HATCH
  5
1842
  100
AcDbEntity
  8
Bottom-Layer
  100
AcDbHatch
  10
0
  20
0
  30
0
  210
0
  220
0
  230
1
  2
SOLID
  70
1
  71
0
  91
1
  92
7
  72
1
  73
1
  93
2
  10
70.29514859029717
  20
48.49403098806198
  42
1
  10
71.81915163830328
  20
48.49403098806198
  42
1
  97
1
  330
1841
  75
0
  76
1
  47
0.8681437583925616
  98
1
  10
3.629517071192367
  20
33.92795499968543
  450
0
  451
0
  460
0
  461
0
  452
1
  462
1
  453
2
  463
0
  63
5
  421
255
  463
1
  63
7
  421
16777215
  470
LINEAR
  1001
ACAD
  1010
0
  1020
0
  1030
0
  0
LWPOLYLINE
  5
1843
  100
AcDbEntity
  8
Bottom-Layer
  100
AcDbPolyline
  90
2
  70
1
  43
0
  10
70.29514859029716
  20
48.49403098806198
  42
1
  10
71.81915163830327
  20
48.49403098806198
  42
1
  0
HATCH
  5
1872
  100
AcDbEntity
  8
Bottom-Layer
  100
AcDbHatch
  10
0
  20
0
  30
0
  210
0
  220
0
  230
1
  2
SOLID
  70
1
  71
0
  91
1
  92
7
  72
1
  73
1
  93
2
  10
74.29514859029717
  20
48.49403098806198
  42
1
  10
75.81915163830328
  20
48.49403098806198
  42
1
  97
1
  330
1871
  75
0
  76
1
  47
0.8681437583925616
  98
1
  10
3.629517071192367
  20
33.92795499968543
  450
0
  451
0
  460
0
  461
0
  452
1
  462
1
  453
2
  463
0
  63
5
  421
255
  463
1
  63
7
  421
16777215
  470
LINEAR
  1001
ACAD
  1010
0
  1020
0
  1030
0
  0
LWPOLYLINE
  5
1873
  100
AcDbEntity
  8
Bottom-Layer
  100
AcDbPolyline
  90
2
  70
1
  43
0
  10
74.29514859029719
  20
48.49403098806198
  42
1
  10
75.81915163830327
  20
48.49403098806198
  42
1
  0
HATCH
  5
1902
  100
AcDbEntity
  8
Bottom-Layer
  100
AcDbHatch
  10
0
  20
0
  30
0
  210
0
  220
0
  230
1
  2
SOLID
  70
1
  71
0
  91
1
  92
7
  72
1
  73
1
  93
2
  10
78.2951485902972
  20
48.49403098806198
  42
1
  10
79.81915163830331
  20
48.49403098806198
  42
1
  97
1
  330
1901
  75
0
  76
1
  47
0.8681437583925616
  98
1
  10
3.629517071192367
  20
33.92795499968543
  450
0
  451
0
  460
0
  461
0
  452
1
  462
1
  453
2
  463
0
  63
5
  421
255
  463
1
  63
7
  421
16777215
  470
LINEAR
  1001
ACAD
  1010
0
  1020
0
  1030
0
  0
LWPOLYLINE
  5
1903
  100
AcDbEntity
  8
Bottom-Layer
  100
AcDbPolyline
  90
2
  70
1
  43
0
  10
78.29514859029719
  20
48.49403098806198
  42
1
  10
79.8191516383033
  20
48.49403098806198
  42
1
  0
HATCH
  5
1932
  100
AcDbEntity
  8
Bottom-Layer
  100
AcDbHatch
  10
0
  20
0
  30
0
  210
0
  220
0
  230
1
  2
SOLID
  70
1
  71
0
  91
1
  92
7
  72
1
  73
1
  93
2
  10
80.35722631445262
  20
47.24409448818898
  42
1
  10
81.95722631445261
  20
47.24409448818898
  42
1
  97
1
  330
1931
  75
0
  76
1
  47
0.8681437583925616
  98
1
  10
3.629517071192367
  20
33.92795499968543
  450
0
  451
0
  460
0
  461
0
  452
1
  462
1
  453
2
  463
0
  63
5
  421
255
  463
1
  63
7
  421
16777215
  470
LINEAR
  1001
ACAD
  1010
0
  1020
0
  1030
0
  0
LWPOLYLINE
  5
1933
  100
AcDbEntity
  8
Bottom-Layer
  100
AcDbPolyline
  90
4
  70
0
  43
0
  10
80.35722631445263
  20
47.24409448842855
  42
1
  10
81.95722631445263
  20
47.24409448813508
  10
81.95722631445263
  20
47.244094487949404
  42
1
  10
80.35722631445263
  20
47.24409448824288
  0
HATCH
  5
1962
  100
AcDbEntity
  8
Bottom-Layer
  100
AcDbHatch
  10
0
  20
0
  30
0
  210
0
  220
0
  230
1
  2
SOLID
  70
1
  71
0
  91
1
  92
7
  72
1
  73
1
  93
2
  10
68.15707391414784
  20
47.24409448818898
  42
1
  10
69.75707391414784
  20
47.24409448818898
  42
1
  97
1
  330
1961
  75
0
  76
1
  47
0.8681437583925616
  98
1
  10
3.629517071192367
  20
33.92795499968543
  450
0
  451
0
  460
0
  461
0
  452
1
  462
1
  453
2
  463
0
  63
5
  421
255
  463
1
  63
7
  421
16777215
  470
LINEAR
  1001
ACAD
  1010
0
  1020
0
  1030
0
  0
LWPOLYLINE
  5
1963
  100
AcDbEntity
  8
Bottom-Layer
  100
AcDbPolyline
  90
4
  70
0
  43
0
  10
68.15707391414786
  20
47.24409448842855
  42
1
  10
69.75707391414782
  20
47.24409448813508
  10
69.75707391414782
  20
47.244094487949404
  42
1
  10
68.15707391414786
  20
47.24409448824288
  0
HATCH
  5
1460
  100
AcDbEntity
  8
Bottom-Solder-Mask-Layer
  100
AcDbHatch
  10
0
  20
0
  30
0
  210
0
  220
0
  230
1
  2
SOLID
  70
1
  71
0
  91
1
  92
7
  72
0
  73
1
  93
4
  10
63.99692659385316
  20
62.048323596647194
  10
62.49532639065278
  20
62.048323596647194
  10
62.49532639065278
  20
63.649923799847585
  10
63.99692659385316
  20
63.649923799847585
  97
1
  330
1459
  75
0
  76
1
  47
0.4128176842155181
  98
1
  10
34.90568961886538
  20
22.81183545379326
  450
0
  451
0
  460
0
  461
0
  452
1
  462
1
  453
2
  463
0
  63
5
  421
255
  463
1
  63
7
  421
16777215
  470
LINEAR
  1001
ACAD
  1010
0
  1020
0
  1030
0
  0
LWPOLYLINE
  5
1459
  100
AcDbEntity
  8
Bottom-Solder-Mask-Layer
  100
AcDbPolyline
  90
4
  70
1
  43
0
  10
63.99692659385316
  20
62.048323596647194
  10
62.49532639065278
  20
62.048323596647194
  10
62.49532639065278
  20
63.649923799847585
  10
63.99692659385316
  20
63.649923799847585
  0
HATCH
  5
1488
  100
AcDbEntity
  8
Bottom-Solder-Mask-Layer
  100
AcDbHatch
  10
0
  20
0
  30
0
  210
0
  220
0
  230
1
  2
SOLID
  70
1
  71
0
  91
1
  92
7
  72
1
  73
1
  93
2
  10
62.49532639065279
  20
60.84912369824741
  42
1
  10
63.9969265938532
  20
60.84912369824741
  42
1
  97
1
  330
1487
  75
0
  76
1
  47
0.8681437583925616
  98
1
  10
3.629517071192367
  20
33.92795499968543
  450
0
  451
0
  460
0
  461
0
  452
1
  462
1
  453
2
  463
0
  63
5
  421
255
  463
1
  63
7
  421
16777215
  470
LINEAR
  1001
ACAD
  1010
0
  1020
0
  1030
0
  0
LWPOLYLINE
  5
1489
  100
AcDbEntity
  8
Bottom-Solder-Mask-Layer
  100
AcDbPolyline
  90
2
  70
1
  43
0
  10
62.49532639065278
  20
60.84912369824741
  42
1
  10
63.99692659385319
  20
60.84912369824741
  42
1
  0
HATCH
  5
1518
  100
AcDbEntity
  8
Bottom-Solder-Mask-Layer
  100
AcDbHatch
  10
0
  20
0
  30
0
  210
0
  220
0
  230
1
  2
SOLID
  70
1
  71
0
  91
1
  92
7
  72
1
  73
1
  93
2
  10
86.11737363474728
  20
63.73812547625096
  42
1
  10
87.61897383794769
  20
63.73812547625096
  42
1
  97
1
  330
1517
  75
0
  76
1
  47
0.8681437583925616
  98
1
  10
3.629517071192367
  20
33.92795499968543
  450
0
  451
0
  460
0
  461
0
  452
1
  462
1
  453
2
  463
0
  63
5
  421
255
  463
1
  63
7
  421
16777215
  470
LINEAR
  1001
ACAD
  1010
0
  1020
0
  1030
0
  0
LWPOLYLINE
  5
1519
  100
AcDbEntity
  8
Bottom-Solder-Mask-Layer
  100
AcDbPolyline
  90
2
  70
1
  43
0
  10
86.11737363474727
  20
63.73812547625096
  42
1
  10
87.61897383794768
  20
63.73812547625096
  42
1
  0
HATCH
  5
1541
  100
AcDbEntity
  8
Bottom-Solder-Mask-Layer
  100
AcDbHatch
  10
0
  20
0
  30
0
  210
0
  220
0
  230
1
  2
SOLID
  70
1
  71
0
  91
1
  92
7
  72
0
  73
1
  93
4
  10
86.1173736347473
  20
62.53892557785117
  10
87.61897383794768
  20
62.53892557785117
  10
87.61897383794768
  20
60.937325374650776
  10
86.1173736347473
  20
60.937325374650776
  97
1
  330
1540
  75
0
  76
1
  47
0.4128176842155181
  98
1
  10
34.90568961886538
  20
22.81183545379326
  450
0
  451
0
  460
0
  461
0
  452
1
  462
1
  453
2
  463
0
  63
5
  421
255
  463
1
  63
7
  421
16777215
  470
LINEAR
  1001
ACAD
  1010
0
  1020
0
  1030
0
  0
LWPOLYLINE
  5
1540
  100
AcDbEntity
  8
Bottom-Solder-Mask-Layer
  100
AcDbPolyline
  90
4
  70
1
  43
0
  10
86.1173736347473
  20
62.53892557785117
  10
87.61897383794768
  20
62.53892557785117
  10
87.61897383794768
  20
60.937325374650776
  10
86.1173736347473
  20
60.937325374650776
  0
HATCH
  5
1562
  100
AcDbEntity
  8
Bottom-Solder-Mask-Layer
  100
AcDbHatch
  10
0
  20
0
  30
0
  210
0
  220
0
  230
1
  2
SOLID
  70
1
  71
0
  91
1
  92
7
  72
0
  73
1
  93
4
  10
63.99692659385316
  20
54.55530861061722
  10
62.49532639065278
  20
54.55530861061722
  10
62.49532639065278
  20
56.15690881381761
  10
63.99692659385316
  20
56.15690881381761
  97
1
  330
1561
  75
0
  76
1
  47
0.4128176842155181
  98
1
  10
34.90568961886538
  20
22.81183545379326
  450
0
  451
0
  460
0
  461
0
  452
1
  462
1
  453
2
  463
0
  63
5
  421
255
  463
1
  63
7
  421
16777215
  470
LINEAR
  1001
ACAD
  1010
0
  1020
0
  1030
0
  0
LWPOLYLINE
  5
1561
  100
AcDbEntity
  8
Bottom-Solder-Mask-Layer
  100
AcDbPolyline
  90
4
  70
1
  43
0
  10
63.99692659385316
  20
54.55530861061722
  10
62.49532639065278
  20
54.55530861061722
  10
62.49532639065278
  20
56.15690881381761
  10
63.99692659385316
  20
56.15690881381761
  0
HATCH
  5
1590
  100
AcDbEntity
  8
Bottom-Solder-Mask-Layer
  100
AcDbHatch
  10
0
  20
0
  30
0
  210
0
  220
0
  230
1
  2
SOLID
  70
1
  71
0
  91
1
  92
7
  72
1
  73
1
  93
2
  10
62.49532639065279
  20
53.356108712217434
  42
1
  10
63.9969265938532
  20
53.356108712217434
  42
1
  97
1
  330
1589
  75
0
  76
1
  47
0.8681437583925616
  98
1
  10
3.629517071192367
  20
33.92795499968543
  450
0
  451
0
  460
0
  461
0
  452
1
  462
1
  453
2
  463
0
  63
5
  421
255
  463
1
  63
7
  421
16777215
  470
LINEAR
  1001
ACAD
  1010
0
  1020
0
  1030
0
  0
LWPOLYLINE
  5
1591
  100
AcDbEntity
  8
Bottom-Solder-Mask-Layer
  100
AcDbPolyline
  90
2
  70
1
  43
0
  10
62.49532639065278
  20
53.356108712217434
  42
1
  10
63.99692659385319
  20
53.356108712217434
  42
1
  0
HATCH
  5
1620
  100
AcDbEntity
  8
Bottom-Solder-Mask-Layer
  100
AcDbHatch
  10
0
  20
0
  30
0
  210
0
  220
0
  230
1
  2
SOLID
  70
1
  71
0
  91
1
  92
7
  72
1
  73
1
  93
2
  10
86.24437388874779
  20
55.737109474218954
  42
1
  10
87.7459740919482
  20
55.737109474218954
  42
1
  97
1
  330
1619
  75
0
  76
1
  47
0.8681437583925616
  98
1
  10
3.629517071192367
  20
33.92795499968543
  450
0
  451
0
  460
0
  461
0
  452
1
  462
1
  453
2
  463
0
  63
5
  421
255
  463
1
  63
7
  421
16777215
  470
LINEAR
  1001
ACAD
  1010
0
  1020
0
  1030
0
  0
LWPOLYLINE
  5
1621
  100
AcDbEntity
  8
Bottom-Solder-Mask-Layer
  100
AcDbPolyline
  90
2
  70
1
  43
0
  10
86.24437388874777
  20
55.737109474218954
  42
1
  10
87.74597409194821
  20
55.737109474218954
  42
1
  0
HATCH
  5
1643
  100
AcDbEntity
  8
Bottom-Solder-Mask-Layer
  100
AcDbHatch
  10
0
  20
0
  30
0
  210
0
  220
0
  230
1
  2
SOLID
  70
1
  71
0
  91
1
  92
7
  72
0
  73
1
  93
4
  10
86.2443738887478
  20
54.53790957581916
  10
87.74597409194821
  20
54.53790957581916
  10
87.74597409194821
  20
52.936309372618766
  10
86.2443738887478
  20
52.936309372618766
  97
1
  330
1642
  75
0
  76
1
  47
0.4128176842155181
  98
1
  10
34.90568961886538
  20
22.81183545379326
  450
0
  451
0
  460
0
  461
0
  452
1
  462
1
  453
2
  463
0
  63
5
  421
255
  463
1
  63
7
  421
16777215
  470
LINEAR
  1001
ACAD
  1010
0
  1020
0
  1030
0
  0
LWPOLYLINE
  5
1642
  100
AcDbEntity
  8
Bottom-Solder-Mask-Layer
  100
AcDbPolyline
  90
4
  70
1
  43
0
  10
86.2443738887478
  20
54.53790957581916
  10
87.74597409194821
  20
54.53790957581916
  10
87.74597409194821
  20
52.936309372618766
  10
86.2443738887478
  20
52.936309372618766
  0
HATCH
  5
1664
  100
AcDbEntity
  8
Bottom-Solder-Mask-Layer
  100
AcDbHatch
  10
0
  20
0
  30
0
  210
0
  220
0
  230
1
  2
SOLID
  70
1
  71
0
  91
1
  92
7
  72
0
  73
1
  93
4
  10
86.11737363474727
  20
46.790894081788174
  10
87.61897383794768
  20
46.790894081788174
  10
87.61897383794768
  20
45.18929387858778
  10
86.11737363474727
  20
45.18929387858778
  97
1
  330
1663
  75
0
  76
1
  47
0.4128176842155181
  98
1
  10
34.90568961886538
  20
22.81183545379326
  450
0
  451
0
  460
0
  461
0
  452
1
  462
1
  453
2
  463
0
  63
5
  421
255
  463
1
  63
7
  421
16777215
  470
LINEAR
  1001
ACAD
  1010
0
  1020
0
  1030
0
  0
LWPOLYLINE
  5
1663
  100
AcDbEntity
  8
Bottom-Solder-Mask-Layer
  100
AcDbPolyline
  90
4
  70
1
  43
0
  10
86.11737363474727
  20
46.790894081788174
  10
87.61897383794768
  20
46.790894081788174
  10
87.61897383794768
  20
45.18929387858778
  10
86.11737363474727
  20
45.18929387858778
  0
HATCH
  5
1692
  100
AcDbEntity
  8
Bottom-Solder-Mask-Layer
  100
AcDbHatch
  10
0
  20
0
  30
0
  210
0
  220
0
  230
1
  2
SOLID
  70
1
  71
0
  91
1
  92
7
  72
1
  73
1
  93
2
  10
86.11737363474728
  20
47.990093980187964
  42
1
  10
87.61897383794769
  20
47.990093980187964
  42
1
  97
1
  330
1691
  75
0
  76
1
  47
0.8681437583925616
  98
1
  10
3.629517071192367
  20
33.92795499968543
  450
0
  451
0
  460
0
  461
0
  452
1
  462
1
  453
2
  463
0
  63
5
  421
255
  463
1
  63
7
  421
16777215
  470
LINEAR
  1001
ACAD
  1010
0
  1020
0
  1030
0
  0
LWPOLYLINE
  5
1693
  100
AcDbEntity
  8
Bottom-Solder-Mask-Layer
  100
AcDbPolyline
  90
2
  70
1
  43
0
  10
86.11737363474727
  20
47.990093980187964
  42
1
  10
87.61897383794768
  20
47.990093980187964
  42
1
  0
HATCH
  5
1715
  100
AcDbEntity
  8
Bottom-Solder-Mask-Layer
  100
AcDbHatch
  10
0
  20
0
  30
0
  210
0
  220
0
  230
1
  2
SOLID
  70
1
  71
0
  91
1
  92
7
  72
0
  73
1
  93
4
  10
63.99692659385316
  20
47.06229362458725
  10
62.49532639065278
  20
47.06229362458725
  10
62.49532639065278
  20
48.66389382778764
  10
63.99692659385316
  20
48.66389382778764
  97
1
  330
1714
  75
0
  76
1
  47
0.4128176842155181
  98
1
  10
34.90568961886538
  20
22.81183545379326
  450
0
  451
0
  460
0
  461
0
  452
1
  462
1
  453
2
  463
0
  63
5
  421
255
  463
1
  63
7
  421
16777215
  470
LINEAR
  1001
ACAD
  1010
0
  1020
0
  1030
0
  0
LWPOLYLINE
  5
1714
  100
AcDbEntity
  8
Bottom-Solder-Mask-Layer
  100
AcDbPolyline
  90
4
  70
1
  43
0
  10
63.99692659385316
  20
47.06229362458725
  10
62.49532639065278
  20
47.06229362458725
  10
62.49532639065278
  20
48.66389382778764
  10
63.99692659385316
  20
48.66389382778764
  0
HATCH
  5
1743
  100
AcDbEntity
  8
Bottom-Solder-Mask-Layer
  100
AcDbHatch
  10
0
  20
0
  30
0
  210
0
  220
0
  230
1
  2
SOLID
  70
1
  71
0
  91
1
  92
7
  72
1
  73
1
  93
2
  10
62.49532639065279
  20
45.86309372618745
  42
1
  10
63.9969265938532
  20
45.86309372618745
  42
1
  97
1
  330
1742
  75
0
  76
1
  47
0.8681437583925616
  98
1
  10
3.629517071192367
  20
33.92795499968543
  450
0
  451
0
  460
0
  461
0
  452
1
  462
1
  453
2
  463
0
  63
5
  421
255
  463
1
  63
7
  421
16777215
  470
LINEAR
  1001
ACAD
  1010
0
  1020
0
  1030
0
  0
LWPOLYLINE
  5
1744
  100
AcDbEntity
  8
Bottom-Solder-Mask-Layer
  100
AcDbPolyline
  90
2
  70
1
  43
0
  10
62.49532639065278
  20
45.86309372618745
  42
1
  10
63.99692659385319
  20
45.86309372618745
  42
1
  0
HATCH
  5
1773
  100
AcDbEntity
  8
Bottom-Solder-Mask-Layer
  100
AcDbHatch
  10
0
  20
0
  30
0
  210
0
  220
0
  230
1
  2
SOLID
  70
1
  71
0
  91
1
  92
7
  72
1
  73
1
  93
2
  10
70.24434848869697
  20
45.99415798831598
  42
1
  10
71.86995173990348
  20
45.99415798831598
  42
1
  97
1
  330
1772
  75
0
  76
1
  47
0.8681437583925616
  98
1
  10
3.629517071192367
  20
33.92795499968543
  450
0
  451
0
  460
0
  461
0
  452
1
  462
1
  453
2
  463
0
  63
5
  421
255
  463
1
  63
7
  421
16777215
  470
LINEAR
  1001
ACAD
  1010
0
  1020
0
  1030
0
  0
LWPOLYLINE
  5
1774
  100
AcDbEntity
  8
Bottom-Solder-Mask-Layer
  100
AcDbPolyline
  90
2
  70
1
  43
0
  10
70.24434848869696
  20
45.99415798831598
  42
1
  10
71.86995173990347
  20
45.99415798831598
  42
1
  0
HATCH
  5
1803
  100
AcDbEntity
  8
Bottom-Solder-Mask-Layer
  100
AcDbHatch
  10
0
  20
0
  30
0
  210
0
  220
0
  230
1
  2
SOLID
  70
1
  71
0
  91
1
  92
7
  72
1
  73
1
  93
2
  10
74.24434848869697
  20
45.99415798831598
  42
1
  10
75.86995173990348
  20
45.99415798831598
  42
1
  97
1
  330
1802
  75
0
  76
1
  47
0.8681437583925616
  98
1
  10
3.629517071192367
  20
33.92795499968543
  450
0
  451
0
  460
0
  461
0
  452
1
  462
1
  453
2
  463
0
  63
5
  421
255
  463
1
  63
7
  421
16777215
  470
LINEAR
  1001
ACAD
  1010
0
  1020
0
  1030
0
  0
LWPOLYLINE
  5
1804
  100
AcDbEntity
  8
Bottom-Solder-Mask-Layer
  100
AcDbPolyline
  90
2
  70
1
  43
0
  10
74.24434848869696
  20
45.99415798831598
  42
1
  10
75.8699517399035
  20
45.99415798831598
  42
1
  0
HATCH
  5
1833
  100
AcDbEntity
  8
Bottom-Solder-Mask-Layer
  100
AcDbHatch
  10
0
  20
0
  30
0
  210
0
  220
0
  230
1
  2
SOLID
  70
1
  71
0
  91
1
  92
7
  72
1
  73
1
  93
2
  10
78.244348488697
  20
45.99415798831598
  42
1
  10
79.86995173990351
  20
45.99415798831598
  42
1
  97
1
  330
1832
  75
0
  76
1
  47
0.8681437583925616
  98
1
  10
3.629517071192367
  20
33.92795499968543
  450
0
  451
0
  460
0
  461
0
  452
1
  462
1
  453
2
  463
0
  63
5
  421
255
  463
1
  63
7
  421
16777215
  470
LINEAR
  1001
ACAD
  1010
0
  1020
0
  1030
0
  0
LWPOLYLINE
  5
1834
  100
AcDbEntity
  8
Bottom-Solder-Mask-Layer
  100
AcDbPolyline
  90
2
  70
1
  43
0
  10
78.24434848869699
  20
45.99415798831598
  42
1
  10
79.8699517399035
  20
45.99415798831598
  42
1
  0
HATCH
  5
1863
  100
AcDbEntity
  8
Bottom-Solder-Mask-Layer
  100
AcDbHatch
  10
0
  20
0
  30
0
  210
0
  220
0
  230
1
  2
SOLID
  70
1
  71
0
  91
1
  92
7
  72
1
  73
1
  93
2
  10
70.24434848869697
  20
48.49403098806198
  42
1
  10
71.86995173990348
  20
48.49403098806198
  42
1
  97
1
  330
1862
  75
0
  76
1
  47
0.8681437583925616
  98
1
  10
3.629517071192367
  20
33.92795499968543
  450
0
  451
0
  460
0
  461
0
  452
1
  462
1
  453
2
  463
0
  63
5
  421
255
  463
1
  63
7
  421
16777215
  470
LINEAR
  1001
ACAD
  1010
0
  1020
0
  1030
0
  0
LWPOLYLINE
  5
1864
  100
AcDbEntity
  8
Bottom-Solder-Mask-Layer
  100
AcDbPolyline
  90
2
  70
1
  43
0
  10
70.24434848869696
  20
48.49403098806198
  42
1
  10
71.86995173990347
  20
48.49403098806198
  42
1
  0
HATCH
  5
1893
  100
AcDbEntity
  8
Bottom-Solder-Mask-Layer
  100
AcDbHatch
  10
0
  20
0
  30
0
  210
0
  220
0
  230
1
  2
SOLID
  70
1
  71
0
  91
1
  92
7
  72
1
  73
1
  93
2
  10
74.24434848869697
  20
48.49403098806198
  42
1
  10
75.86995173990348
  20
48.49403098806198
  42
1
  97
1
  330
1892
  75
0
  76
1
  47
0.8681437583925616
  98
1
  10
3.629517071192367
  20
33.92795499968543
  450
0
  451
0
  460
0
  461
0
  452
1
  462
1
  453
2
  463
0
  63
5
  421
255
  463
1
  63
7
  421
16777215
  470
LINEAR
  1001
ACAD
  1010
0
  1020
0
  1030
0
  0
LWPOLYLINE
  5
1894
  100
AcDbEntity
  8
Bottom-Solder-Mask-Layer
  100
AcDbPolyline
  90
2
  70
1
  43
0
  10
74.24434848869696
  20
48.49403098806198
  42
1
  10
75.8699517399035
  20
48.49403098806198
  42
1
  0
HATCH
  5
1923
  100
AcDbEntity
  8
Bottom-Solder-Mask-Layer
  100
AcDbHatch
  10
0
  20
0
  30
0
  210
0
  220
0
  230
1
  2
SOLID
  70
1
  71
0
  91
1
  92
7
  72
1
  73
1
  93
2
  10
78.244348488697
  20
48.49403098806198
  42
1
  10
79.86995173990351
  20
48.49403098806198
  42
1
  97
1
  330
1922
  75
0
  76
1
  47
0.8681437583925616
  98
1
  10
3.629517071192367
  20
33.92795499968543
  450
0
  451
0
  460
0
  461
0
  452
1
  462
1
  453
2
  463
0
  63
5
  421
255
  463
1
  63
7
  421
16777215
  470
LINEAR
  1001
ACAD
  1010
0
  1020
0
  1030
0
  0
LWPOLYLINE
  5
1924
  100
AcDbEntity
  8
Bottom-Solder-Mask-Layer
  100
AcDbPolyline
  90
2
  70
1
  43
0
  10
78.24434848869699
  20
48.49403098806198
  42
1
  10
79.8699517399035
  20
48.49403098806198
  42
1
  0
HATCH
  5
1953
  100
AcDbEntity
  8
Bottom-Solder-Mask-Layer
  100
AcDbHatch
  10
0
  20
0
  30
0
  210
0
  220
0
  230
1
  2
SOLID
  70
1
  71
0
  91
1
  92
7
  72
1
  73
1
  93
2
  10
80.30642621285241
  20
47.24409448818898
  42
1
  10
82.00802641605281
  20
47.24409448818898
  42
1
  97
1
  330
1952
  75
0
  76
1
  47
0.8681437583925616
  98
1
  10
3.629517071192367
  20
33.92795499968543
  450
0
  451
0
  460
0
  461
0
  452
1
  462
1
  453
2
  463
0
  63
5
  421
255
  463
1
  63
7
  421
16777215
  470
LINEAR
  1001
ACAD
  1010
0
  1020
0
  1030
0
  0
LWPOLYLINE
  5
1954
  100
AcDbEntity
  8
Bottom-Solder-Mask-Layer
  100
AcDbPolyline
  90
2
  70
1
  43
0
  10
80.30642621285243
  20
47.24409448818898
  42
1
  10
82.00802641605283
  20
47.24409448818898
  42
1
  0
HATCH
  5
1983
  100
AcDbEntity
  8
Bottom-Solder-Mask-Layer
  100
AcDbHatch
  10
0
  20
0
  30
0
  210
0
  220
0
  230
1
  2
SOLID
  70
1
  71
0
  91
1
  92
7
  72
1
  73
1
  93
2
  10
68.10627381254764
  20
47.24409448818898
  42
1
  10
69.80787401574804
  20
47.24409448818898
  42
1
  97
1
  330
1982
  75
0
  76
1
  47
0.8681437583925616
  98
1
  10
3.629517071192367
  20
33.92795499968543
  450
0
  451
0
  460
0
  461
0
  452
1
  462
1
  453
2
  463
0
  63
5
  421
255
  463
1
  63
7
  421
16777215
  470
LINEAR
  1001
ACAD
  1010
0
  1020
0
  1030
0
  0
LWPOLYLINE
  5
1984
  100
AcDbEntity
  8
Bottom-Solder-Mask-Layer
  100
AcDbPolyline
  90
2
  70
1
  43
0
  10
68.10627381254763
  20
47.24409448818898
  42
1
  10
69.80787401574806
  20
47.24409448818898
  42
1
  0
HATCH
  5
1462
  100
AcDbEntity
  8
Bottom-Paste-Mask-Layer
  100
AcDbHatch
  10
0
  20
0
  30
0
  210
0
  220
0
  230
1
  2
SOLID
  70
1
  71
0
  91
1
  92
7
  72
0
  73
1
  93
4
  10
63.946126492252986
  20
62.09912369824738
  10
62.54612649225298
  20
62.09912369824738
  10
62.54612649225298
  20
63.599123698247396
  10
63.946126492252986
  20
63.599123698247396
  97
1
  330
1461
  75
0
  76
1
  47
0.4128176842155181
  98
1
  10
34.90568961886538
  20
22.81183545379326
  450
0
  451
0
  460
0
  461
0
  452
1
  462
1
  453
2
  463
0
  63
5
  421
255
  463
1
  63
7
  421
16777215
  470
LINEAR
  1001
ACAD
  1010
0
  1020
0
  1030
0
  0
LWPOLYLINE
  5
1461
  100
AcDbEntity
  8
Bottom-Paste-Mask-Layer
  100
AcDbPolyline
  90
4
  70
1
  43
0
  10
63.946126492252986
  20
62.09912369824738
  10
62.54612649225298
  20
62.09912369824738
  10
62.54612649225298
  20
63.599123698247396
  10
63.946126492252986
  20
63.599123698247396
  0
HATCH
  5
1491
  100
AcDbEntity
  8
Bottom-Paste-Mask-Layer
  100
AcDbHatch
  10
0
  20
0
  30
0
  210
0
  220
0
  230
1
  2
SOLID
  70
1
  71
0
  91
1
  92
7
  72
1
  73
1
  93
2
  10
62.546126492252995
  20
60.84912369824741
  42
1
  10
63.946126492253
  20
60.84912369824741
  42
1
  97
1
  330
1490
  75
0
  76
1
  47
0.8681437583925616
  98
1
  10
3.629517071192367
  20
33.92795499968543
  450
0
  451
0
  460
0
  461
0
  452
1
  462
1
  453
2
  463
0
  63
5
  421
255
  463
1
  63
7
  421
16777215
  470
LINEAR
  1001
ACAD
  1010
0
  1020
0
  1030
0
  0
LWPOLYLINE
  5
1492
  100
AcDbEntity
  8
Bottom-Paste-Mask-Layer
  100
AcDbPolyline
  90
4
  70
0
  43
0
  10
62.54612649225298
  20
60.84912369822344
  42
1
  10
63.946126492252986
  20
60.84912369822344
  10
63.946126492252986
  20
60.84912369827137
  42
1
  10
62.54612649225298
  20
60.84912369827137
  0
HATCH
  5
1521
  100
AcDbEntity
  8
Bottom-Paste-Mask-Layer
  100
AcDbHatch
  10
0
  20
0
  30
0
  210
0
  220
0
  230
1
  2
SOLID
  70
1
  71
0
  91
1
  92
7
  72
1
  73
1
  93
2
  10
86.16817373634748
  20
63.73812547625096
  42
1
  10
87.56817373634749
  20
63.73812547625096
  42
1
  97
1
  330
1520
  75
0
  76
1
  47
0.8681437583925616
  98
1
  10
3.629517071192367
  20
33.92795499968543
  450
0
  451
0
  460
0
  461
0
  452
1
  462
1
  453
2
  463
0
  63
5
  421
255
  463
1
  63
7
  421
16777215
  470
LINEAR
  1001
ACAD
  1010
0
  1020
0
  1030
0
  0
LWPOLYLINE
  5
1522
  100
AcDbEntity
  8
Bottom-Paste-Mask-Layer
  100
AcDbPolyline
  90
4
  70
0
  43
0
  10
86.16817373634747
  20
63.738125476227
  42
1
  10
87.56817373634748
  20
63.738125476227
  10
87.56817373634748
  20
63.73812547627493
  42
1
  10
86.16817373634747
  20
63.73812547627493
  0
HATCH
  5
1543
  100
AcDbEntity
  8
Bottom-Paste-Mask-Layer
  100
AcDbHatch
  10
0
  20
0
  30
0
  210
0
  220
0
  230
1
  2
SOLID
  70
1
  71
0
  91
1
  92
7
  72
0
  73
1
  93
4
  10
86.16817373634747
  20
62.48812547625098
  10
87.56817373634748
  20
62.48812547625098
  10
87.56817373634748
  20
60.98812547625096
  10
86.16817373634747
  20
60.98812547625096
  97
1
  330
1542
  75
0
  76
1
  47
0.4128176842155181
  98
1
  10
34.90568961886538
  20
22.81183545379326
  450
0
  451
0
  460
0
  461
0
  452
1
  462
1
  453
2
  463
0
  63
5
  421
255
  463
1
  63
7
  421
16777215
  470
LINEAR
  1001
ACAD
  1010
0
  1020
0
  1030
0
  0
LWPOLYLINE
  5
1542
  100
AcDbEntity
  8
Bottom-Paste-Mask-Layer
  100
AcDbPolyline
  90
4
  70
1
  43
0
  10
86.16817373634747
  20
62.48812547625098
  10
87.56817373634748
  20
62.48812547625098
  10
87.56817373634748
  20
60.98812547625096
  10
86.16817373634747
  20
60.98812547625096
  0
HATCH
  5
1564
  100
AcDbEntity
  8
Bottom-Paste-Mask-Layer
  100
AcDbHatch
  10
0
  20
0
  30
0
  210
0
  220
0
  230
1
  2
SOLID
  70
1
  71
0
  91
1
  92
7
  72
0
  73
1
  93
4
  10
63.946126492252986
  20
54.606108712217406
  10
62.54612649225298
  20
54.606108712217406
  10
62.54612649225298
  20
56.10610871221743
  10
63.946126492252986
  20
56.10610871221743
  97
1
  330
1563
  75
0
  76
1
  47
0.4128176842155181
  98
1
  10
34.90568961886538
  20
22.81183545379326
  450
0
  451
0
  460
0
  461
0
  452
1
  462
1
  453
2
  463
0
  63
5
  421
255
  463
1
  63
7
  421
16777215
  470
LINEAR
  1001
ACAD
  1010
0
  1020
0
  1030
0
  0
LWPOLYLINE
  5
1563
  100
AcDbEntity
  8
Bottom-Paste-Mask-Layer
  100
AcDbPolyline
  90
4
  70
1
  43
0
  10
63.946126492252986
  20
54.606108712217406
  10
62.54612649225298
  20
54.606108712217406
  10
62.54612649225298
  20
56.10610871221743
  10
63.946126492252986
  20
56.10610871221743
  0
HATCH
  5
1593
  100
AcDbEntity
  8
Bottom-Paste-Mask-Layer
  100
AcDbHatch
  10
0
  20
0
  30
0
  210
0
  220
0
  230
1
  2
SOLID
  70
1
  71
0
  91
1
  92
7
  72
1
  73
1
  93
2
  10
62.546126492252995
  20
53.356108712217434
  42
1
  10
63.946126492253
  20
53.356108712217434
  42
1
  97
1
  330
1592
  75
0
  76
1
  47
0.8681437583925616
  98
1
  10
3.629517071192367
  20
33.92795499968543
  450
0
  451
0
  460
0
  461
0
  452
1
  462
1
  453
2
  463
0
  63
5
  421
255
  463
1
  63
7
  421
16777215
  470
LINEAR
  1001
ACAD
  1010
0
  1020
0
  1030
0
  0
LWPOLYLINE
  5
1594
  100
AcDbEntity
  8
Bottom-Paste-Mask-Layer
  100
AcDbPolyline
  90
4
  70
0
  43
0
  10
62.54612649225298
  20
53.35610871219346
  42
1
  10
63.946126492252986
  20
53.35610871219346
  10
63.946126492252986
  20
53.3561087122414
  42
1
  10
62.54612649225298
  20
53.3561087122414
  0
HATCH
  5
1623
  100
AcDbEntity
  8
Bottom-Paste-Mask-Layer
  100
AcDbHatch
  10
0
  20
0
  30
0
  210
0
  220
0
  230
1
  2
SOLID
  70
1
  71
0
  91
1
  92
7
  72
1
  73
1
  93
2
  10
86.29517399034799
  20
55.737109474218954
  42
1
  10
87.695173990348
  20
55.737109474218954
  42
1
  97
1
  330
1622
  75
0
  76
1
  47
0.8681437583925616
  98
1
  10
3.629517071192367
  20
33.92795499968543
  450
0
  451
0
  460
0
  461
0
  452
1
  462
1
  453
2
  463
0
  63
5
  421
255
  463
1
  63
7
  421
16777215
  470
LINEAR
  1001
ACAD
  1010
0
  1020
0
  1030
0
  0
LWPOLYLINE
  5
1624
  100
AcDbEntity
  8
Bottom-Paste-Mask-Layer
  100
AcDbPolyline
  90
4
  70
0
  43
0
  10
86.29517399034798
  20
55.73710947419499
  42
1
  10
87.69517399034798
  20
55.73710947419499
  10
87.69517399034798
  20
55.73710947424293
  42
1
  10
86.29517399034798
  20
55.73710947424293
  0
HATCH
  5
1645
  100
AcDbEntity
  8
Bottom-Paste-Mask-Layer
  100
AcDbHatch
  10
0
  20
0
  30
0
  210
0
  220
0
  230
1
  2
SOLID
  70
1
  71
0
  91
1
  92
7
  72
0
  73
1
  93
4
  10
86.29517399034798
  20
54.487109474218975
  10
87.69517399034798
  20
54.487109474218975
  10
87.69517399034798
  20
52.987109474218954
  10
86.29517399034798
  20
52.987109474218954
  97
1
  330
1644
  75
0
  76
1
  47
0.4128176842155181
  98
1
  10
34.90568961886538
  20
22.81183545379326
  450
0
  451
0
  460
0
  461
0
  452
1
  462
1
  453
2
  463
0
  63
5
  421
255
  463
1
  63
7
  421
16777215
  470
LINEAR
  1001
ACAD
  1010
0
  1020
0
  1030
0
  0
LWPOLYLINE
  5
1644
  100
AcDbEntity
  8
Bottom-Paste-Mask-Layer
  100
AcDbPolyline
  90
4
  70
1
  43
0
  10
86.29517399034798
  20
54.487109474218975
  10
87.69517399034798
  20
54.487109474218975
  10
87.69517399034798
  20
52.987109474218954
  10
86.29517399034798
  20
52.987109474218954
  0
HATCH
  5
1666
  100
AcDbEntity
  8
Bottom-Paste-Mask-Layer
  100
AcDbHatch
  10
0
  20
0
  30
0
  210
0
  220
0
  230
1
  2
SOLID
  70
1
  71
0
  91
1
  92
7
  72
0
  73
1
  93
4
  10
86.16817373634747
  20
46.740093980187986
  10
87.56817373634748
  20
46.740093980187986
  10
87.56817373634748
  20
45.240093980187964
  10
86.16817373634747
  20
45.240093980187964
  97
1
  330
1665
  75
0
  76
1
  47
0.4128176842155181
  98
1
  10
34.90568961886538
  20
22.81183545379326
  450
0
  451
0
  460
0
  461
0
  452
1
  462
1
  453
2
  463
0
  63
5
  421
255
  463
1
  63
7
  421
16777215
  470
LINEAR
  1001
ACAD
  1010
0
  1020
0
  1030
0
  0
LWPOLYLINE
  5
1665
  100
AcDbEntity
  8
Bottom-Paste-Mask-Layer
  100
AcDbPolyline
  90
4
  70
1
  43
0
  10
86.16817373634747
  20
46.740093980187986
  10
87.56817373634748
  20
46.740093980187986
  10
87.56817373634748
  20
45.240093980187964
  10
86.16817373634747
  20
45.240093980187964
  0
HATCH
  5
1695
  100
AcDbEntity
  8
Bottom-Paste-Mask-Layer
  100
AcDbHatch
  10
0
  20
0
  30
0
  210
0
  220
0
  230
1
  2
SOLID
  70
1
  71
0
  91
1
  92
7
  72
1
  73
1
  93
2
  10
86.16817373634748
  20
47.990093980187964
  42
1
  10
87.56817373634749
  20
47.990093980187964
  42
1
  97
1
  330
1694
  75
0
  76
1
  47
0.8681437583925616
  98
1
  10
3.629517071192367
  20
33.92795499968543
  450
0
  451
0
  460
0
  461
0
  452
1
  462
1
  453
2
  463
0
  63
5
  421
255
  463
1
  63
7
  421
16777215
  470
LINEAR
  1001
ACAD
  1010
0
  1020
0
  1030
0
  0
LWPOLYLINE
  5
1696
  100
AcDbEntity
  8
Bottom-Paste-Mask-Layer
  100
AcDbPolyline
  90
4
  70
0
  43
0
  10
86.16817373634747
  20
47.990093980164005
  42
1
  10
87.56817373634748
  20
47.990093980164
  10
87.56817373634748
  20
47.99009398021194
  42
1
  10
86.16817373634747
  20
47.99009398021194
  0
HATCH
  5
1717
  100
AcDbEntity
  8
Bottom-Paste-Mask-Layer
  100
AcDbHatch
  10
0
  20
0
  30
0
  210
0
  220
0
  230
1
  2
SOLID
  70
1
  71
0
  91
1
  92
7
  72
0
  73
1
  93
4
  10
63.946126492252986
  20
47.11309372618744
  10
62.54612649225298
  20
47.11309372618744
  10
62.54612649225298
  20
48.61309372618746
  10
63.946126492252986
  20
48.61309372618746
  97
1
  330
1716
  75
0
  76
1
  47
0.4128176842155181
  98
1
  10
34.90568961886538
  20
22.81183545379326
  450
0
  451
0
  460
0
  461
0
  452
1
  462
1
  453
2
  463
0
  63
5
  421
255
  463
1
  63
7
  421
16777215
  470
LINEAR
  1001
ACAD
  1010
0
  1020
0
  1030
0
  0
LWPOLYLINE
  5
1716
  100
AcDbEntity
  8
Bottom-Paste-Mask-Layer
  100
AcDbPolyline
  90
4
  70
1
  43
0
  10
63.946126492252986
  20
47.11309372618744
  10
62.54612649225298
  20
47.11309372618744
  10
62.54612649225298
  20
48.61309372618746
  10
63.946126492252986
  20
48.61309372618746
  0
HATCH
  5
1746
  100
AcDbEntity
  8
Bottom-Paste-Mask-Layer
  100
AcDbHatch
  10
0
  20
0
  30
0
  210
0
  220
0
  230
1
  2
SOLID
  70
1
  71
0
  91
1
  92
7
  72
1
  73
1
  93
2
  10
62.546126492252995
  20
45.86309372618745
  42
1
  10
63.946126492253
  20
45.86309372618745
  42
1
  97
1
  330
1745
  75
0
  76
1
  47
0.8681437583925616
  98
1
  10
3.629517071192367
  20
33.92795499968543
  450
0
  451
0
  460
0
  461
0
  452
1
  462
1
  453
2
  463
0
  63
5
  421
255
  463
1
  63
7
  421
16777215
  470
LINEAR
  1001
ACAD
  1010
0
  1020
0
  1030
0
  0
LWPOLYLINE
  5
1747
  100
AcDbEntity
  8
Bottom-Paste-Mask-Layer
  100
AcDbPolyline
  90
4
  70
0
  43
0
  10
62.54612649225298
  20
45.86309372616349
  42
1
  10
63.946126492252986
  20
45.863093726163484
  10
63.946126492252986
  20
45.86309372621142
  42
1
  10
62.54612649225298
  20
45.86309372621142
  0
HATCH
  5
1776
  100
AcDbEntity
  8
Bottom-Paste-Mask-Layer
  100
AcDbHatch
  10
0
  20
0
  30
0
  210
0
  220
0
  230
1
  2
SOLID
  70
1
  71
0
  91
1
  92
7
  72
1
  73
1
  93
2
  10
70.29514859029717
  20
45.99415798831598
  42
1
  10
71.81915163830328
  20
45.99415798831598
  42
1
  97
1
  330
1775
  75
0
  76
1
  47
0.8681437583925616
  98
1
  10
3.629517071192367
  20
33.92795499968543
  450
0
  451
0
  460
0
  461
0
  452
1
  462
1
  453
2
  463
0
  63
5
  421
255
  463
1
  63
7
  421
16777215
  470
LINEAR
  1001
ACAD
  1010
0
  1020
0
  1030
0
  0
LWPOLYLINE
  5
1777
  100
AcDbEntity
  8
Bottom-Paste-Mask-Layer
  100
AcDbPolyline
  90
2
  70
1
  43
0
  10
70.29514859029716
  20
45.99415798831598
  42
1
  10
71.81915163830327
  20
45.99415798831598
  42
1
  0
HATCH
  5
1806
  100
AcDbEntity
  8
Bottom-Paste-Mask-Layer
  100
AcDbHatch
  10
0
  20
0
  30
0
  210
0
  220
0
  230
1
  2
SOLID
  70
1
  71
0
  91
1
  92
7
  72
1
  73
1
  93
2
  10
74.29514859029717
  20
45.99415798831598
  42
1
  10
75.81915163830328
  20
45.99415798831598
  42
1
  97
1
  330
1805
  75
0
  76
1
  47
0.8681437583925616
  98
1
  10
3.629517071192367
  20
33.92795499968543
  450
0
  451
0
  460
0
  461
0
  452
1
  462
1
  453
2
  463
0
  63
5
  421
255
  463
1
  63
7
  421
16777215
  470
LINEAR
  1001
ACAD
  1010
0
  1020
0
  1030
0
  0
LWPOLYLINE
  5
1807
  100
AcDbEntity
  8
Bottom-Paste-Mask-Layer
  100
AcDbPolyline
  90
2
  70
1
  43
0
  10
74.29514859029719
  20
45.99415798831598
  42
1
  10
75.81915163830327
  20
45.99415798831598
  42
1
  0
HATCH
  5
1836
  100
AcDbEntity
  8
Bottom-Paste-Mask-Layer
  100
AcDbHatch
  10
0
  20
0
  30
0
  210
0
  220
0
  230
1
  2
SOLID
  70
1
  71
0
  91
1
  92
7
  72
1
  73
1
  93
2
  10
78.2951485902972
  20
45.99415798831598
  42
1
  10
79.81915163830331
  20
45.99415798831598
  42
1
  97
1
  330
1835
  75
0
  76
1
  47
0.8681437583925616
  98
1
  10
3.629517071192367
  20
33.92795499968543
  450
0
  451
0
  460
0
  461
0
  452
1
  462
1
  453
2
  463
0
  63
5
  421
255
  463
1
  63
7
  421
16777215
  470
LINEAR
  1001
ACAD
  1010
0
  1020
0
  1030
0
  0
LWPOLYLINE
  5
1837
  100
AcDbEntity
  8
Bottom-Paste-Mask-Layer
  100
AcDbPolyline
  90
2
  70
1
  43
0
  10
78.29514859029719
  20
45.99415798831598
  42
1
  10
79.8191516383033
  20
45.99415798831598
  42
1
  0
HATCH
  5
1866
  100
AcDbEntity
  8
Bottom-Paste-Mask-Layer
  100
AcDbHatch
  10
0
  20
0
  30
0
  210
0
  220
0
  230
1
  2
SOLID
  70
1
  71
0
  91
1
  92
7
  72
1
  73
1
  93
2
  10
70.29514859029717
  20
48.49403098806198
  42
1
  10
71.81915163830328
  20
48.49403098806198
  42
1
  97
1
  330
1865
  75
0
  76
1
  47
0.8681437583925616
  98
1
  10
3.629517071192367
  20
33.92795499968543
  450
0
  451
0
  460
0
  461
0
  452
1
  462
1
  453
2
  463
0
  63
5
  421
255
  463
1
  63
7
  421
16777215
  470
LINEAR
  1001
ACAD
  1010
0
  1020
0
  1030
0
  0
LWPOLYLINE
  5
1867
  100
AcDbEntity
  8
Bottom-Paste-Mask-Layer
  100
AcDbPolyline
  90
2
  70
1
  43
0
  10
70.29514859029716
  20
48.49403098806198
  42
1
  10
71.81915163830327
  20
48.49403098806198
  42
1
  0
HATCH
  5
1896
  100
AcDbEntity
  8
Bottom-Paste-Mask-Layer
  100
AcDbHatch
  10
0
  20
0
  30
0
  210
0
  220
0
  230
1
  2
SOLID
  70
1
  71
0
  91
1
  92
7
  72
1
  73
1
  93
2
  10
74.29514859029717
  20
48.49403098806198
  42
1
  10
75.81915163830328
  20
48.49403098806198
  42
1
  97
1
  330
1895
  75
0
  76
1
  47
0.8681437583925616
  98
1
  10
3.629517071192367
  20
33.92795499968543
  450
0
  451
0
  460
0
  461
0
  452
1
  462
1
  453
2
  463
0
  63
5
  421
255
  463
1
  63
7
  421
16777215
  470
LINEAR
  1001
ACAD
  1010
0
  1020
0
  1030
0
  0
LWPOLYLINE
  5
1897
  100
AcDbEntity
  8
Bottom-Paste-Mask-Layer
  100
AcDbPolyline
  90
2
  70
1
  43
0
  10
74.29514859029719
  20
48.49403098806198
  42
1
  10
75.81915163830327
  20
48.49403098806198
  42
1
  0
HATCH
  5
1926
  100
AcDbEntity
  8
Bottom-Paste-Mask-Layer
  100
AcDbHatch
  10
0
  20
0
  30
0
  210
0
  220
0
  230
1
  2
SOLID
  70
1
  71
0
  91
1
  92
7
  72
1
  73
1
  93
2
  10
78.2951485902972
  20
48.49403098806198
  42
1
  10
79.81915163830331
  20
48.49403098806198
  42
1
  97
1
  330
1925
  75
0
  76
1
  47
0.8681437583925616
  98
1
  10
3.629517071192367
  20
33.92795499968543
  450
0
  451
0
  460
0
  461
0
  452
1
  462
1
  453
2
  463
0
  63
5
  421
255
  463
1
  63
7
  421
16777215
  470
LINEAR
  1001
ACAD
  1010
0
  1020
0
  1030
0
  0
LWPOLYLINE
  5
1927
  100
AcDbEntity
  8
Bottom-Paste-Mask-Layer
  100
AcDbPolyline
  90
2
  70
1
  43
0
  10
78.29514859029719
  20
48.49403098806198
  42
1
  10
79.8191516383033
  20
48.49403098806198
  42
1
  0
HATCH
  5
1956
  100
AcDbEntity
  8
Bottom-Paste-Mask-Layer
  100
AcDbHatch
  10
0
  20
0
  30
0
  210
0
  220
0
  230
1
  2
SOLID
  70
1
  71
0
  91
1
  92
7
  72
1
  73
1
  93
2
  10
80.35722631445262
  20
47.24409448818898
  42
1
  10
81.95722631445261
  20
47.24409448818898
  42
1
  97
1
  330
1955
  75
0
  76
1
  47
0.8681437583925616
  98
1
  10
3.629517071192367
  20
33.92795499968543
  450
0
  451
0
  460
0
  461
0
  452
1
  462
1
  453
2
  463
0
  63
5
  421
255
  463
1
  63
7
  421
16777215
  470
LINEAR
  1001
ACAD
  1010
0
  1020
0
  1030
0
  0
LWPOLYLINE
  5
1957
  100
AcDbEntity
  8
Bottom-Paste-Mask-Layer
  100
AcDbPolyline
  90
4
  70
0
  43
0
  10
80.35722631445263
  20
47.24409448842855
  42
1
  10
81.95722631445263
  20
47.24409448813508
  10
81.95722631445263
  20
47.244094487949404
  42
1
  10
80.35722631445263
  20
47.24409448824288
  0
HATCH
  5
1986
  100
AcDbEntity
  8
Bottom-Paste-Mask-Layer
  100
AcDbHatch
  10
0
  20
0
  30
0
  210
0
  220
0
  230
1
  2
SOLID
  70
1
  71
0
  91
1
  92
7
  72
1
  73
1
  93
2
  10
68.15707391414784
  20
47.24409448818898
  42
1
  10
69.75707391414784
  20
47.24409448818898
  42
1
  97
1
  330
1985
  75
0
  76
1
  47
0.8681437583925616
  98
1
  10
3.629517071192367
  20
33.92795499968543
  450
0
  451
0
  460
0
  461
0
  452
1
  462
1
  453
2
  463
0
  63
5
  421
255
  463
1
  63
7
  421
16777215
  470
LINEAR
  1001
ACAD
  1010
0
  1020
0
  1030
0
  0
LWPOLYLINE
  5
1987
  100
AcDbEntity
  8
Bottom-Paste-Mask-Layer
  100
AcDbPolyline
  90
4
  70
0
  43
0
  10
68.15707391414786
  20
47.24409448842855
  42
1
  10
69.75707391414782
  20
47.24409448813508
  10
69.75707391414782
  20
47.244094487949404
  42
1
  10
68.15707391414786
  20
47.24409448824288
  0
LWPOLYLINE
  5
1362
  100
AcDbEntity
  8
Top-Layer
  100
AcDbPolyline
  90
2
  70
0
  43
0.8
  10
63.246126492253
  20
53.35610871221746
  10
63.246126492253
  20
53.11811023622053
  0
LWPOLYLINE
  5
1363
  100
AcDbEntity
  8
Top-Layer
  100
AcDbPolyline
  90
2
  70
0
  43
0.8
  10
86.995173990348
  20
53.73710947421898
  10
84.58216916433834
  20
53.73710947421898
  0
LWPOLYLINE
  5
1364
  100
AcDbEntity
  8
Top-Layer
  100
AcDbPolyline
  90
2
  70
0
  43
0.8
  10
84.58216916433834
  20
53.73710947421898
  10
84.58216916433834
  20
59.182118364236736
  0
LWPOLYLINE
  5
1365
  100
AcDbEntity
  8
Top-Layer
  100
AcDbPolyline
  90
2
  70
0
  43
0.8
  10
63.246126492253
  20
45.86309372618748
  10
66.92913385826772
  20
45.86309372618748
  0
LWPOLYLINE
  5
1366
  100
AcDbEntity
  8
Top-Layer
  100
AcDbPolyline
  90
2
  70
0
  43
0.8
  10
66.92913385826772
  20
45.86309372618748
  10
66.92913385826772
  20
44.57708915417831
  0
LWPOLYLINE
  5
1367
  100
AcDbEntity
  8
Top-Layer
  100
AcDbPolyline
  90
2
  70
0
  43
0.6000000000000001
  10
84.58216916433834
  20
61.738125476250985
  10
84.58216916433834
  20
64.91313182626368
  0
LWPOLYLINE
  5
1368
  100
AcDbEntity
  8
Top-Layer
  100
AcDbPolyline
  90
2
  70
0
  43
0.6000000000000001
  10
86.86817373634749
  20
61.738125476250985
  10
84.58216916433834
  20
61.738125476250985
  0
LWPOLYLINE
  5
1369
  100
AcDbEntity
  8
Top-Layer
  100
AcDbPolyline
  90
2
  70
0
  43
0.6000000000000001
  10
75.27051054102112
  20
68.68427736855472
  10
66.04013208026417
  20
68.68427736855472
  0
LWPOLYLINE
  5
1370
  100
AcDbEntity
  8
Top-Layer
  100
AcDbPolyline
  90
2
  70
0
  43
0.6000000000000001
  10
66.04013208026417
  20
68.68427736855472
  10
66.04013208026417
  20
60.84836169672336
  0
LWPOLYLINE
  5
1371
  100
AcDbEntity
  8
Top-Layer
  100
AcDbPolyline
  90
2
  70
0
  43
0.6000000000000001
  10
66.04013208026417
  20
60.84836169672336
  10
63.246126492253
  20
60.84836169672336
  0
LWPOLYLINE
  5
1372
  100
AcDbEntity
  8
Top-Layer
  100
AcDbPolyline
  90
2
  70
0
  43
0.8
  10
72.55803911607826
  20
67.18313436626875
  10
67.05613411226823
  20
67.18313436626875
  0
LWPOLYLINE
  5
1373
  100
AcDbEntity
  8
Top-Layer
  100
AcDbPolyline
  90
2
  70
0
  43
0.6000000000000001
  10
78.86715773431548
  20
68.68427736855472
  10
75.27051054102112
  20
68.68427736855472
  0
LWPOLYLINE
  5
1379
  100
AcDbEntity
  8
Top-Layer
  100
AcDbPolyline
  90
2
  70
0
  43
0.8
  10
63.373126746253504
  20
53.086106172212354
  10
63.48568961137924
  20
53.19934721869444
  0
LWPOLYLINE
  5
1380
  100
AcDbEntity
  8
Top-Layer
  100
AcDbPolyline
  90
2
  70
0
  43
0.8
  10
63.48568961137924
  20
53.19934721869444
  10
67.05613411226823
  20
53.21005842011685
  0
LWPOLYLINE
  5
1381
  100
AcDbEntity
  8
Top-Layer
  100
AcDbPolyline
  90
2
  70
0
  43
0.8
  10
67.05613411226823
  20
67.18313436626875
  10
67.05613411226823
  20
53.21005842011685
  0
LWPOLYLINE
  5
1394
  100
AcDbEntity
  8
Top-Layer
  100
AcDbPolyline
  90
2
  70
0
  43
0.6000000000000001
  10
84.58216916433834
  20
64.91313182626367
  10
83.16916433832868
  20
64.91313182626367
  0
LWPOLYLINE
  5
1395
  100
AcDbEntity
  8
Top-Layer
  100
AcDbPolyline
  90
2
  70
0
  43
0.6000000000000001
  10
83.16916433832868
  20
64.91313182626367
  10
82.04216408432818
  20
66.04013208026417
  0
LWPOLYLINE
  5
1396
  100
AcDbEntity
  8
Top-Layer
  100
AcDbPolyline
  90
2
  70
0
  43
0.6000000000000001
  10
82.04216408432818
  20
66.04013208026417
  10
78.86715773431548
  20
66.04013208026417
  0
LWPOLYLINE
  5
1397
  100
AcDbEntity
  8
Top-Layer
  100
AcDbPolyline
  90
2
  70
0
  43
0.6000000000000001
  10
78.86715773431548
  20
66.04013208026417
  10
78.86715773431548
  20
68.68427736855475
  0
LWPOLYLINE
  5
1398
  100
AcDbEntity
  8
Top-Layer
  100
AcDbPolyline
  90
2
  70
0
  43
0.8
  10
84.58216916433834
  20
59.182118364236736
  10
74.93014986029972
  20
59.182118364236736
  0
LWPOLYLINE
  5
1399
  100
AcDbEntity
  8
Top-Layer
  100
AcDbPolyline
  90
2
  70
0
  43
0.8
  10
74.93014986029972
  20
59.182118364236736
  10
74.93014986029972
  20
63.43408686817374
  0
LWPOLYLINE
  5
1400
  100
AcDbEntity
  8
Top-Layer
  100
AcDbPolyline
  90
2
  70
0
  43
0.8
  10
74.93014986029972
  20
63.43408686817374
  10
70.59687579375161
  20
63.43408686817374
  0
LWPOLYLINE
  5
1401
  100
AcDbEntity
  8
Top-Layer
  100
AcDbPolyline
  90
2
  70
0
  43
0.8
  10
70.59613919227839
  20
61.53416306832615
  10
72.60325120650243
  20
59.52705105410212
  0
LWPOLYLINE
  5
1402
  100
AcDbEntity
  8
Top-Layer
  100
AcDbPolyline
  90
2
  70
0
  43
0.25400050800101603
  10
72.60325120650243
  20
59.25958851917704
  10
73.16078232156464
  20
59.817119634239276
  0
LWPOLYLINE
  5
1403
  100
AcDbEntity
  8
Top-Layer
  100
AcDbPolyline
  90
2
  70
0
  43
0.8
  10
72.60325120650243
  20
56.13411226822454
  10
72.60325120650243
  20
59.25958851917704
  0
LWPOLYLINE
  5
1411
  100
AcDbEntity
  8
Top-Layer
  100
AcDbPolyline
  90
2
  70
0
  43
0.8
  10
66.92913385826772
  20
44.57708915417831
  10
75.0290204667903
  20
44.57708915417831
  0
LWPOLYLINE
  5
1412
  100
AcDbEntity
  8
Top-Layer
  100
AcDbPolyline
  90
2
  70
0
  43
0.8
  10
75.0290204667903
  20
44.57708915417831
  10
75.0290204667903
  20
45.96602834080604
  0
LWPOLYLINE
  5
1413
  100
AcDbEntity
  8
Top-Layer
  100
AcDbPolyline
  90
2
  70
0
  43
0.8
  10
75.0290204667903
  20
45.96602834080604
  10
75.05715011430023
  20
45.99415798831598
  0
LWPOLYLINE
  5
1414
  100
AcDbEntity
  8
Top-Layer
  100
AcDbPolyline
  90
2
  70
0
  43
0.8
  10
79.05715011430026
  20
45.99415798831598
  10
79.05715011430026
  20
45.08509017018035
  0
LWPOLYLINE
  5
1415
  100
AcDbEntity
  8
Top-Layer
  100
AcDbPolyline
  90
2
  70
0
  43
0.8
  10
79.05715011430026
  20
45.08509017018035
  10
82.55016510033026
  20
45.085090170180344
  0
LWPOLYLINE
  5
1416
  100
AcDbEntity
  8
Top-Layer
  100
AcDbPolyline
  90
2
  70
0
  43
0.8
  10
82.55016510033026
  20
45.085090170180344
  10
83.45516891033786
  20
45.99009398018799
  0
LWPOLYLINE
  5
1417
  100
AcDbEntity
  8
Top-Layer
  100
AcDbPolyline
  90
2
  70
0
  43
0.8
  10
83.45516891033786
  20
45.99009398018799
  10
86.86817373634749
  20
45.99009398018799
  0
LWPOLYLINE
  5
1418
  100
AcDbEntity
  8
Top-Layer
  100
AcDbPolyline
  90
2
  70
0
  43
0.8
  10
68.59537719075455
  20
56.91719110637783
  10
68.59537719075455
  20
62.484124968249944
  0
LWPOLYLINE
  5
1419
  100
AcDbEntity
  8
Top-Layer
  100
AcDbPolyline
  90
2
  70
0
  43
0.8000025400050801
  10
75.05715011430023
  20
48.49403098806198
  10
75.05715011430023
  20
51.816103632207266
  0
LWPOLYLINE
  5
1420
  100
AcDbEntity
  8
Top-Layer
  100
AcDbPolyline
  90
2
  70
0
  43
0.8000025400050801
  10
75.05715011430023
  20
51.816103632207266
  10
74.87754463266789
  20
51.99570911383962
  0
LWPOLYLINE
  5
1421
  100
AcDbEntity
  8
Top-Layer
  100
AcDbPolyline
  90
2
  70
0
  43
0.8000025400050801
  10
68.32613665227332
  20
53.173990347980705
  10
68.29006858013715
  20
53.21005842011685
  0
LWPOLYLINE
  5
1422
  100
AcDbEntity
  8
Top-Layer
  100
AcDbPolyline
  90
2
  70
0
  43
0.8000025400050801
  10
68.29006858013715
  20
53.21005842011685
  10
67.05613411226823
  20
53.21005842011685
  0
LWPOLYLINE
  5
1423
  100
AcDbEntity
  8
Top-Layer
  100
AcDbPolyline
  90
2
  70
0
  43
0.25400050800101603
  10
63.246126492253
  20
53.35610871221746
  10
66.80325120650228
  20
53.35610871221746
  0
LWPOLYLINE
  5
1424
  100
AcDbEntity
  8
Top-Layer
  100
AcDbPolyline
  90
2
  70
0
  43
0.8000025400050801
  10
74.87754463266789
  20
51.99570911383962
  10
68.50574213390566
  20
51.99570911383962
  0
LWPOLYLINE
  5
1425
  100
AcDbEntity
  8
Top-Layer
  100
AcDbPolyline
  90
2
  70
0
  43
0.8000025400050801
  10
68.50574213390566
  20
51.99570911383962
  10
68.32613665227332
  20
52.17531459547197
  0
LWPOLYLINE
  5
1426
  100
AcDbEntity
  8
Top-Layer
  100
AcDbPolyline
  90
2
  70
0
  43
0.8000025400050801
  10
68.32613665227332
  20
52.17531459547197
  10
68.32613665227332
  20
53.173990347980705
  0
LWPOLYLINE
  5
1427
  100
AcDbEntity
  8
Top-Layer
  100
AcDbPolyline
  90
2
  70
0
  43
0.8
  10
79.05715011430026
  20
48.49403098806198
  10
79.05715011430026
  20
53.59410718821437
  0
LWPOLYLINE
  5
1428
  100
AcDbEntity
  8
Top-Layer
  100
AcDbPolyline
  90
2
  70
0
  43
0.8
  10
79.05715011430026
  20
53.59410718821437
  10
72.25058920262624
  20
53.59410718821439
  0
LWPOLYLINE
  5
1429
  100
AcDbEntity
  8
Top-Layer
  100
AcDbPolyline
  90
2
  70
0
  43
0.8
  10
72.25058920262624
  20
53.59410718821439
  10
68.59537719075455
  20
56.91719110637783
  0
HATCH
  5
1448
  100
AcDbEntity
  8
Top-Layer
  100
AcDbHatch
  10
0
  20
0
  30
0
  210
0
  220
0
  230
1
  2
SOLID
  70
1
  71
0
  91
1
  92
7
  72
0
  73
1
  93
4
  10
63.946126492252986
  20
62.09912369824738
  10
62.54612649225298
  20
62.09912369824738
  10
62.54612649225298
  20
63.599123698247396
  10
63.946126492252986
  20
63.599123698247396
  97
1
  330
1447
  75
0
  76
1
  47
0.4128176842155181
  98
1
  10
34.90568961886538
  20
22.81183545379326
  450
0
  451
0
  460
0
  461
0
  452
1
  462
1
  453
2
  463
0
  63
5
  421
255
  463
1
  63
7
  421
16777215
  470
LINEAR
  1001
ACAD
  1010
0
  1020
0
  1030
0
  0
LWPOLYLINE
  5
1447
  100
AcDbEntity
  8
Top-Layer
  100
AcDbPolyline
  90
4
  70
1
  43
0
  10
63.946126492252986
  20
62.09912369824738
  10
62.54612649225298
  20
62.09912369824738
  10
62.54612649225298
  20
63.599123698247396
  10
63.946126492252986
  20
63.599123698247396
  0
HATCH
  5
1470
  100
AcDbEntity
  8
Top-Layer
  100
AcDbHatch
  10
0
  20
0
  30
0
  210
0
  220
0
  230
1
  2
SOLID
  70
1
  71
0
  91
1
  92
7
  72
1
  73
1
  93
2
  10
62.546126492252995
  20
60.84912369824741
  42
1
  10
63.946126492253
  20
60.84912369824741
  42
1
  97
1
  330
1469
  75
0
  76
1
  47
0.8681437583925616
  98
1
  10
3.629517071192367
  20
33.92795499968543
  450
0
  451
0
  460
0
  461
0
  452
1
  462
1
  453
2
  463
0
  63
5
  421
255
  463
1
  63
7
  421
16777215
  470
LINEAR
  1001
ACAD
  1010
0
  1020
0
  1030
0
  0
LWPOLYLINE
  5
1471
  100
AcDbEntity
  8
Top-Layer
  100
AcDbPolyline
  90
4
  70
0
  43
0
  10
62.54612649225298
  20
60.84912369822344
  42
1
  10
63.946126492252986
  20
60.84912369822344
  10
63.946126492252986
  20
60.84912369827137
  42
1
  10
62.54612649225298
  20
60.84912369827137
  0
HATCH
  5
1500
  100
AcDbEntity
  8
Top-Layer
  100
AcDbHatch
  10
0
  20
0
  30
0
  210
0
  220
0
  230
1
  2
SOLID
  70
1
  71
0
  91
1
  92
7
  72
1
  73
1
  93
2
  10
86.16817373634748
  20
63.73812547625096
  42
1
  10
87.56817373634749
  20
63.73812547625096
  42
1
  97
1
  330
1499
  75
0
  76
1
  47
0.8681437583925616
  98
1
  10
3.629517071192367
  20
33.92795499968543
  450
0
  451
0
  460
0
  461
0
  452
1
  462
1
  453
2
  463
0
  63
5
  421
255
  463
1
  63
7
  421
16777215
  470
LINEAR
  1001
ACAD
  1010
0
  1020
0
  1030
0
  0
LWPOLYLINE
  5
1501
  100
AcDbEntity
  8
Top-Layer
  100
AcDbPolyline
  90
4
  70
0
  43
0
  10
86.16817373634747
  20
63.738125476227
  42
1
  10
87.56817373634748
  20
63.738125476227
  10
87.56817373634748
  20
63.73812547627493
  42
1
  10
86.16817373634747
  20
63.73812547627493
  0
HATCH
  5
1529
  100
AcDbEntity
  8
Top-Layer
  100
AcDbHatch
  10
0
  20
0
  30
0
  210
0
  220
0
  230
1
  2
SOLID
  70
1
  71
0
  91
1
  92
7
  72
0
  73
1
  93
4
  10
86.16817373634747
  20
62.48812547625098
  10
87.56817373634748
  20
62.48812547625098
  10
87.56817373634748
  20
60.98812547625096
  10
86.16817373634747
  20
60.98812547625096
  97
1
  330
1528
  75
0
  76
1
  47
0.4128176842155181
  98
1
  10
34.90568961886538
  20
22.81183545379326
  450
0
  451
0
  460
0
  461
0
  452
1
  462
1
  453
2
  463
0
  63
5
  421
255
  463
1
  63
7
  421
16777215
  470
LINEAR
  1001
ACAD
  1010
0
  1020
0
  1030
0
  0
LWPOLYLINE
  5
1528
  100
AcDbEntity
  8
Top-Layer
  100
AcDbPolyline
  90
4
  70
1
  43
0
  10
86.16817373634747
  20
62.48812547625098
  10
87.56817373634748
  20
62.48812547625098
  10
87.56817373634748
  20
60.98812547625096
  10
86.16817373634747
  20
60.98812547625096
  0
HATCH
  5
1550
  100
AcDbEntity
  8
Top-Layer
  100
AcDbHatch
  10
0
  20
0
  30
0
  210
0
  220
0
  230
1
  2
SOLID
  70
1
  71
0
  91
1
  92
7
  72
0
  73
1
  93
4
  10
63.946126492252986
  20
54.606108712217406
  10
62.54612649225298
  20
54.606108712217406
  10
62.54612649225298
  20
56.10610871221743
  10
63.946126492252986
  20
56.10610871221743
  97
1
  330
1549
  75
0
  76
1
  47
0.4128176842155181
  98
1
  10
34.90568961886538
  20
22.81183545379326
  450
0
  451
0
  460
0
  461
0
  452
1
  462
1
  453
2
  463
0
  63
5
  421
255
  463
1
  63
7
  421
16777215
  470
LINEAR
  1001
ACAD
  1010
0
  1020
0
  1030
0
  0
LWPOLYLINE
  5
1549
  100
AcDbEntity
  8
Top-Layer
  100
AcDbPolyline
  90
4
  70
1
  43
0
  10
63.946126492252986
  20
54.606108712217406
  10
62.54612649225298
  20
54.606108712217406
  10
62.54612649225298
  20
56.10610871221743
  10
63.946126492252986
  20
56.10610871221743
  0
HATCH
  5
1572
  100
AcDbEntity
  8
Top-Layer
  100
AcDbHatch
  10
0
  20
0
  30
0
  210
0
  220
0
  230
1
  2
SOLID
  70
1
  71
0
  91
1
  92
7
  72
1
  73
1
  93
2
  10
62.546126492252995
  20
53.356108712217434
  42
1
  10
63.946126492253
  20
53.356108712217434
  42
1
  97
1
  330
1571
  75
0
  76
1
  47
0.8681437583925616
  98
1
  10
3.629517071192367
  20
33.92795499968543
  450
0
  451
0
  460
0
  461
0
  452
1
  462
1
  453
2
  463
0
  63
5
  421
255
  463
1
  63
7
  421
16777215
  470
LINEAR
  1001
ACAD
  1010
0
  1020
0
  1030
0
  0
LWPOLYLINE
  5
1573
  100
AcDbEntity
  8
Top-Layer
  100
AcDbPolyline
  90
4
  70
0
  43
0
  10
62.54612649225298
  20
53.35610871219346
  42
1
  10
63.946126492252986
  20
53.35610871219346
  10
63.946126492252986
  20
53.3561087122414
  42
1
  10
62.54612649225298
  20
53.3561087122414
  0
HATCH
  5
1602
  100
AcDbEntity
  8
Top-Layer
  100
AcDbHatch
  10
0
  20
0
  30
0
  210
0
  220
0
  230
1
  2
SOLID
  70
1
  71
0
  91
1
  92
7
  72
1
  73
1
  93
2
  10
86.29517399034799
  20
55.737109474218954
  42
1
  10
87.695173990348
  20
55.737109474218954
  42
1
  97
1
  330
1601
  75
0
  76
1
  47
0.8681437583925616
  98
1
  10
3.629517071192367
  20
33.92795499968543
  450
0
  451
0
  460
0
  461
0
  452
1
  462
1
  453
2
  463
0
  63
5
  421
255
  463
1
  63
7
  421
16777215
  470
LINEAR
  1001
ACAD
  1010
0
  1020
0
  1030
0
  0
LWPOLYLINE
  5
1603
  100
AcDbEntity
  8
Top-Layer
  100
AcDbPolyline
  90
4
  70
0
  43
0
  10
86.29517399034798
  20
55.73710947419499
  42
1
  10
87.69517399034798
  20
55.73710947419499
  10
87.69517399034798
  20
55.73710947424293
  42
1
  10
86.29517399034798
  20
55.73710947424293
  0
HATCH
  5
1631
  100
AcDbEntity
  8
Top-Layer
  100
AcDbHatch
  10
0
  20
0
  30
0
  210
0
  220
0
  230
1
  2
SOLID
  70
1
  71
0
  91
1
  92
7
  72
0
  73
1
  93
4
  10
86.29517399034798
  20
54.487109474218975
  10
87.69517399034798
  20
54.487109474218975
  10
87.69517399034798
  20
52.987109474218954
  10
86.29517399034798
  20
52.987109474218954
  97
1
  330
1630
  75
0
  76
1
  47
0.4128176842155181
  98
1
  10
34.90568961886538
  20
22.81183545379326
  450
0
  451
0
  460
0
  461
0
  452
1
  462
1
  453
2
  463
0
  63
5
  421
255
  463
1
  63
7
  421
16777215
  470
LINEAR
  1001
ACAD
  1010
0
  1020
0
  1030
0
  0
LWPOLYLINE
  5
1630
  100
AcDbEntity
  8
Top-Layer
  100
AcDbPolyline
  90
4
  70
1
  43
0
  10
86.29517399034798
  20
54.487109474218975
  10
87.69517399034798
  20
54.487109474218975
  10
87.69517399034798
  20
52.987109474218954
  10
86.29517399034798
  20
52.987109474218954
  0
HATCH
  5
1652
  100
AcDbEntity
  8
Top-Layer
  100
AcDbHatch
  10
0
  20
0
  30
0
  210
0
  220
0
  230
1
  2
SOLID
  70
1
  71
0
  91
1
  92
7
  72
0
  73
1
  93
4
  10
86.16817373634747
  20
46.740093980187986
  10
87.56817373634748
  20
46.740093980187986
  10
87.56817373634748
  20
45.240093980187964
  10
86.16817373634747
  20
45.240093980187964
  97
1
  330
1651
  75
0
  76
1
  47
0.4128176842155181
  98
1
  10
34.90568961886538
  20
22.81183545379326
  450
0
  451
0
  460
0
  461
0
  452
1
  462
1
  453
2
  463
0
  63
5
  421
255
  463
1
  63
7
  421
16777215
  470
LINEAR
  1001
ACAD
  1010
0
  1020
0
  1030
0
  0
LWPOLYLINE
  5
1651
  100
AcDbEntity
  8
Top-Layer
  100
AcDbPolyline
  90
4
  70
1
  43
0
  10
86.16817373634747
  20
46.740093980187986
  10
87.56817373634748
  20
46.740093980187986
  10
87.56817373634748
  20
45.240093980187964
  10
86.16817373634747
  20
45.240093980187964
  0
HATCH
  5
1674
  100
AcDbEntity
  8
Top-Layer
  100
AcDbHatch
  10
0
  20
0
  30
0
  210
0
  220
0
  230
1
  2
SOLID
  70
1
  71
0
  91
1
  92
7
  72
1
  73
1
  93
2
  10
86.16817373634748
  20
47.990093980187964
  42
1
  10
87.56817373634749
  20
47.990093980187964
  42
1
  97
1
  330
1673
  75
0
  76
1
  47
0.8681437583925616
  98
1
  10
3.629517071192367
  20
33.92795499968543
  450
0
  451
0
  460
0
  461
0
  452
1
  462
1
  453
2
  463
0
  63
5
  421
255
  463
1
  63
7
  421
16777215
  470
LINEAR
  1001
ACAD
  1010
0
  1020
0
  1030
0
  0
LWPOLYLINE
  5
1675
  100
AcDbEntity
  8
Top-Layer
  100
AcDbPolyline
  90
4
  70
0
  43
0
  10
86.16817373634747
  20
47.990093980164005
  42
1
  10
87.56817373634748
  20
47.990093980164
  10
87.56817373634748
  20
47.99009398021194
  42
1
  10
86.16817373634747
  20
47.99009398021194
  0
HATCH
  5
1703
  100
AcDbEntity
  8
Top-Layer
  100
AcDbHatch
  10
0
  20
0
  30
0
  210
0
  220
0
  230
1
  2
SOLID
  70
1
  71
0
  91
1
  92
7
  72
0
  73
1
  93
4
  10
63.946126492252986
  20
47.11309372618744
  10
62.54612649225298
  20
47.11309372618744
  10
62.54612649225298
  20
48.61309372618746
  10
63.946126492252986
  20
48.61309372618746
  97
1
  330
1702
  75
0
  76
1
  47
0.4128176842155181
  98
1
  10
34.90568961886538
  20
22.81183545379326
  450
0
  451
0
  460
0
  461
0
  452
1
  462
1
  453
2
  463
0
  63
5
  421
255
  463
1
  63
7
  421
16777215
  470
LINEAR
  1001
ACAD
  1010
0
  1020
0
  1030
0
  0
LWPOLYLINE
  5
1702
  100
AcDbEntity
  8
Top-Layer
  100
AcDbPolyline
  90
4
  70
1
  43
0
  10
63.946126492252986
  20
47.11309372618744
  10
62.54612649225298
  20
47.11309372618744
  10
62.54612649225298
  20
48.61309372618746
  10
63.946126492252986
  20
48.61309372618746
  0
HATCH
  5
1725
  100
AcDbEntity
  8
Top-Layer
  100
AcDbHatch
  10
0
  20
0
  30
0
  210
0
  220
0
  230
1
  2
SOLID
  70
1
  71
0
  91
1
  92
7
  72
1
  73
1
  93
2
  10
62.546126492252995
  20
45.86309372618745
  42
1
  10
63.946126492253
  20
45.86309372618745
  42
1
  97
1
  330
1724
  75
0
  76
1
  47
0.8681437583925616
  98
1
  10
3.629517071192367
  20
33.92795499968543
  450
0
  451
0
  460
0
  461
0
  452
1
  462
1
  453
2
  463
0
  63
5
  421
255
  463
1
  63
7
  421
16777215
  470
LINEAR
  1001
ACAD
  1010
0
  1020
0
  1030
0
  0
LWPOLYLINE
  5
1726
  100
AcDbEntity
  8
Top-Layer
  100
AcDbPolyline
  90
4
  70
0
  43
0
  10
62.54612649225298
  20
45.86309372616349
  42
1
  10
63.946126492252986
  20
45.863093726163484
  10
63.946126492252986
  20
45.86309372621142
  42
1
  10
62.54612649225298
  20
45.86309372621142
  0
HATCH
  5
1755
  100
AcDbEntity
  8
Top-Layer
  100
AcDbHatch
  10
0
  20
0
  30
0
  210
0
  220
0
  230
1
  2
SOLID
  70
1
  71
0
  91
1
  92
7
  72
1
  73
1
  93
2
  10
70.29514859029717
  20
45.99415798831598
  42
1
  10
71.81915163830328
  20
45.99415798831598
  42
1
  97
1
  330
1754
  75
0
  76
1
  47
0.8681437583925616
  98
1
  10
3.629517071192367
  20
33.92795499968543
  450
0
  451
0
  460
0
  461
0
  452
1
  462
1
  453
2
  463
0
  63
5
  421
255
  463
1
  63
7
  421
16777215
  470
LINEAR
  1001
ACAD
  1010
0
  1020
0
  1030
0
  0
LWPOLYLINE
  5
1756
  100
AcDbEntity
  8
Top-Layer
  100
AcDbPolyline
  90
2
  70
1
  43
0
  10
70.29514859029716
  20
45.99415798831598
  42
1
  10
71.81915163830327
  20
45.99415798831598
  42
1
  0
HATCH
  5
1785
  100
AcDbEntity
  8
Top-Layer
  100
AcDbHatch
  10
0
  20
0
  30
0
  210
0
  220
0
  230
1
  2
SOLID
  70
1
  71
0
  91
1
  92
7
  72
1
  73
1
  93
2
  10
74.29514859029717
  20
45.99415798831598
  42
1
  10
75.81915163830328
  20
45.99415798831598
  42
1
  97
1
  330
1784
  75
0
  76
1
  47
0.8681437583925616
  98
1
  10
3.629517071192367
  20
33.92795499968543
  450
0
  451
0
  460
0
  461
0
  452
1
  462
1
  453
2
  463
0
  63
5
  421
255
  463
1
  63
7
  421
16777215
  470
LINEAR
  1001
ACAD
  1010
0
  1020
0
  1030
0
  0
LWPOLYLINE
  5
1786
  100
AcDbEntity
  8
Top-Layer
  100
AcDbPolyline
  90
2
  70
1
  43
0
  10
74.29514859029719
  20
45.99415798831598
  42
1
  10
75.81915163830327
  20
45.99415798831598
  42
1
  0
HATCH
  5
1815
  100
AcDbEntity
  8
Top-Layer
  100
AcDbHatch
  10
0
  20
0
  30
0
  210
0
  220
0
  230
1
  2
SOLID
  70
1
  71
0
  91
1
  92
7
  72
1
  73
1
  93
2
  10
78.2951485902972
  20
45.99415798831598
  42
1
  10
79.81915163830331
  20
45.99415798831598
  42
1
  97
1
  330
1814
  75
0
  76
1
  47
0.8681437583925616
  98
1
  10
3.629517071192367
  20
33.92795499968543
  450
0
  451
0
  460
0
  461
0
  452
1
  462
1
  453
2
  463
0
  63
5
  421
255
  463
1
  63
7
  421
16777215
  470
LINEAR
  1001
ACAD
  1010
0
  1020
0
  1030
0
  0
LWPOLYLINE
  5
1816
  100
AcDbEntity
  8
Top-Layer
  100
AcDbPolyline
  90
2
  70
1
  43
0
  10
78.29514859029719
  20
45.99415798831598
  42
1
  10
79.8191516383033
  20
45.99415798831598
  42
1
  0
HATCH
  5
1845
  100
AcDbEntity
  8
Top-Layer
  100
AcDbHatch
  10
0
  20
0
  30
0
  210
0
  220
0
  230
1
  2
SOLID
  70
1
  71
0
  91
1
  92
7
  72
1
  73
1
  93
2
  10
70.29514859029717
  20
48.49403098806198
  42
1
  10
71.81915163830328
  20
48.49403098806198
  42
1
  97
1
  330
1844
  75
0
  76
1
  47
0.8681437583925616
  98
1
  10
3.629517071192367
  20
33.92795499968543
  450
0
  451
0
  460
0
  461
0
  452
1
  462
1
  453
2
  463
0
  63
5
  421
255
  463
1
  63
7
  421
16777215
  470
LINEAR
  1001
ACAD
  1010
0
  1020
0
  1030
0
  0
LWPOLYLINE
  5
1846
  100
AcDbEntity
  8
Top-Layer
  100
AcDbPolyline
  90
2
  70
1
  43
0
  10
70.29514859029716
  20
48.49403098806198
  42
1
  10
71.81915163830327
  20
48.49403098806198
  42
1
  0
HATCH
  5
1875
  100
AcDbEntity
  8
Top-Layer
  100
AcDbHatch
  10
0
  20
0
  30
0
  210
0
  220
0
  230
1
  2
SOLID
  70
1
  71
0
  91
1
  92
7
  72
1
  73
1
  93
2
  10
74.29514859029717
  20
48.49403098806198
  42
1
  10
75.81915163830328
  20
48.49403098806198
  42
1
  97
1
  330
1874
  75
0
  76
1
  47
0.8681437583925616
  98
1
  10
3.629517071192367
  20
33.92795499968543
  450
0
  451
0
  460
0
  461
0
  452
1
  462
1
  453
2
  463
0
  63
5
  421
255
  463
1
  63
7
  421
16777215
  470
LINEAR
  1001
ACAD
  1010
0
  1020
0
  1030
0
  0
LWPOLYLINE
  5
1876
  100
AcDbEntity
  8
Top-Layer
  100
AcDbPolyline
  90
2
  70
1
  43
0
  10
74.29514859029719
  20
48.49403098806198
  42
1
  10
75.81915163830327
  20
48.49403098806198
  42
1
  0
HATCH
  5
1905
  100
AcDbEntity
  8
Top-Layer
  100
AcDbHatch
  10
0
  20
0
  30
0
  210
0
  220
0
  230
1
  2
SOLID
  70
1
  71
0
  91
1
  92
7
  72
1
  73
1
  93
2
  10
78.2951485902972
  20
48.49403098806198
  42
1
  10
79.81915163830331
  20
48.49403098806198
  42
1
  97
1
  330
1904
  75
0
  76
1
  47
0.8681437583925616
  98
1
  10
3.629517071192367
  20
33.92795499968543
  450
0
  451
0
  460
0
  461
0
  452
1
  462
1
  453
2
  463
0
  63
5
  421
255
  463
1
  63
7
  421
16777215
  470
LINEAR
  1001
ACAD
  1010
0
  1020
0
  1030
0
  0
LWPOLYLINE
  5
1906
  100
AcDbEntity
  8
Top-Layer
  100
AcDbPolyline
  90
2
  70
1
  43
0
  10
78.29514859029719
  20
48.49403098806198
  42
1
  10
79.8191516383033
  20
48.49403098806198
  42
1
  0
HATCH
  5
1935
  100
AcDbEntity
  8
Top-Layer
  100
AcDbHatch
  10
0
  20
0
  30
0
  210
0
  220
0
  230
1
  2
SOLID
  70
1
  71
0
  91
1
  92
7
  72
1
  73
1
  93
2
  10
80.35722631445262
  20
47.24409448818898
  42
1
  10
81.95722631445261
  20
47.24409448818898
  42
1
  97
1
  330
1934
  75
0
  76
1
  47
0.8681437583925616
  98
1
  10
3.629517071192367
  20
33.92795499968543
  450
0
  451
0
  460
0
  461
0
  452
1
  462
1
  453
2
  463
0
  63
5
  421
255
  463
1
  63
7
  421
16777215
  470
LINEAR
  1001
ACAD
  1010
0
  1020
0
  1030
0
  0
LWPOLYLINE
  5
1936
  100
AcDbEntity
  8
Top-Layer
  100
AcDbPolyline
  90
4
  70
0
  43
0
  10
80.35722631445263
  20
47.24409448842855
  42
1
  10
81.95722631445263
  20
47.24409448813508
  10
81.95722631445263
  20
47.244094487949404
  42
1
  10
80.35722631445263
  20
47.24409448824288
  0
HATCH
  5
1965
  100
AcDbEntity
  8
Top-Layer
  100
AcDbHatch
  10
0
  20
0
  30
0
  210
0
  220
0
  230
1
  2
SOLID
  70
1
  71
0
  91
1
  92
7
  72
1
  73
1
  93
2
  10
68.15707391414784
  20
47.24409448818898
  42
1
  10
69.75707391414784
  20
47.24409448818898
  42
1
  97
1
  330
1964
  75
0
  76
1
  47
0.8681437583925616
  98
1
  10
3.629517071192367
  20
33.92795499968543
  450
0
  451
0
  460
0
  461
0
  452
1
  462
1
  453
2
  463
0
  63
5
  421
255
  463
1
  63
7
  421
16777215
  470
LINEAR
  1001
ACAD
  1010
0
  1020
0
  1030
0
  0
LWPOLYLINE
  5
1966
  100
AcDbEntity
  8
Top-Layer
  100
AcDbPolyline
  90
4
  70
0
  43
0
  10
68.15707391414786
  20
47.24409448842855
  42
1
  10
69.75707391414782
  20
47.24409448813508
  10
69.75707391414782
  20
47.244094487949404
  42
1
  10
68.15707391414786
  20
47.24409448824288
  0
HATCH
  5
1992
  100
AcDbEntity
  8
Top-Layer
  100
AcDbHatch
  10
0
  20
0
  30
0
  210
0
  220
0
  230
1
  2
SOLID
  70
1
  71
0
  91
1
  92
7
  72
0
  73
1
  93
4
  10
74.48300736601475
  20
65.3472567945136
  10
74.48300736601475
  20
66.01926593853189
  10
76.05801371602745
  20
66.01926593853189
  10
76.05801371602745
  20
65.3472567945136
  97
1
  330
1991
  75
0
  76
1
  47
0.4128176842155181
  98
1
  10
34.90568961886538
  20
22.81183545379326
  450
0
  451
0
  460
0
  461
0
  452
1
  462
1
  453
2
  463
0
  63
5
  421
255
  463
1
  63
7
  421
16777215
  470
LINEAR
  1001
ACAD
  1010
0
  1020
0
  1030
0
  0
LWPOLYLINE
  5
1991
  100
AcDbEntity
  8
Top-Layer
  100
AcDbPolyline
  90
4
  70
1
  43
0
  10
74.48300736601475
  20
65.3472567945136
  10
74.48300736601475
  20
66.01926593853189
  10
76.05801371602745
  20
66.01926593853189
  10
76.05801371602745
  20
65.3472567945136
  0
HATCH
  5
1998
  100
AcDbEntity
  8
Top-Layer
  100
AcDbHatch
  10
0
  20
0
  30
0
  210
0
  220
0
  230
1
  2
SOLID
  70
1
  71
0
  91
1
  92
7
  72
0
  73
1
  93
4
  10
74.48300736601475
  20
68.3472567945136
  10
74.48300736601475
  20
69.01926593853189
  10
76.05801371602745
  20
69.01926593853189
  10
76.05801371602745
  20
68.3472567945136
  97
1
  330
1997
  75
0
  76
1
  47
0.4128176842155181
  98
1
  10
34.90568961886538
  20
22.81183545379326
  450
0
  451
0
  460
0
  461
0
  452
1
  462
1
  453
2
  463
0
  63
5
  421
255
  463
1
  63
7
  421
16777215
  470
LINEAR
  1001
ACAD
  1010
0
  1020
0
  1030
0
  0
LWPOLYLINE
  5
1997
  100
AcDbEntity
  8
Top-Layer
  100
AcDbPolyline
  90
4
  70
1
  43
0
  10
74.48300736601475
  20
68.3472567945136
  10
74.48300736601475
  20
69.01926593853189
  10
76.05801371602745
  20
69.01926593853189
  10
76.05801371602745
  20
68.3472567945136
  0
HATCH
  5
2004
  100
AcDbEntity
  8
Top-Layer
  100
AcDbHatch
  10
0
  20
0
  30
0
  210
0
  220
0
  230
1
  2
SOLID
  70
1
  71
0
  91
1
  92
7
  72
0
  73
1
  93
122
  10
71.63093726187451
  20
68.13296926593854
  10
73.48514097028196
  20
68.13296926593854
  10
73.52966725933452
  20
68.13190246380493
  10
73.57409194818389
  20
68.12877825755652
  10
73.6183388366777
  20
68.12357124714251
  10
73.66228092456187
  20
68.11630683261367
  10
73.70584201168403
  20
68.10695961391924
  10
73.7488950977902
  20
68.0956057912116
  10
73.79138938277877
  20
68.08224536449075
  10
73.83319786639574
  20
68.06690373380748
  10
73.87424434848869
  20
68.04960629921261
  10
73.91445262890527
  20
68.03042926085854
  10
73.95369570739142
  20
68.00937261874525
  10
73.99192278384557
  20
67.98648717297436
  10
74.02903225806453
  20
67.96184912369826
  10
74.06494792989587
  20
67.93550927101856
  10
74.09956819913641
  20
67.90751841503683
  10
74.13286766573533
  20
67.87790195580392
  10
74.16471932943865
  20
67.8467868935738
  10
74.19509779019556
  20
67.81419862839726
  10
74.2239014478029
  20
67.78023876047753
  10
74.25107950215902
  20
67.7449580899162
  10
74.27658115316233
  20
67.70843281686564
  10
74.30033020066041
  20
67.6707645415291
  10
74.32230124460249
  20
67.63200406400814
  10
74.34244348488697
  20
67.59227838455678
  10
74.36068072136145
  20
67.51297942595886
  10
76.05801371602742
  20
67.51297942595886
  10
76.05801371602742
  20
66.85298450596902
  10
74.36068072136145
  20
66.85298450596902
  10
74.34244348488697
  20
66.77363474726951
  10
74.32230124460249
  20
66.73390906781815
  10
74.30033020066041
  20
66.6951485902972
  10
74.27658115316233
  20
66.65748031496064
  10
74.25107950215902
  20
66.6209550419101
  10
74.2239014478029
  20
66.58567437134874
  10
74.19509779019556
  20
66.55171450342903
  10
74.16471932943865
  20
66.51912623825248
  10
74.13286766573533
  20
66.48801117602235
  10
74.09956819913641
  20
66.45839471678944
  10
74.06494792989587
  20
66.43040386080773
  10
74.02903225806453
  20
66.40406400812802
  10
73.99192278384557
  20
66.37942595885193
  10
73.95369570739142
  20
66.35654051308103
  10
73.91445262890527
  20
66.33548387096775
  10
73.87424434848869
  20
66.31630683261368
  10
73.83319786639574
  20
66.29900939801881
  10
73.79138938277877
  20
66.28366776733554
  10
73.7488950977902
  20
66.27030734061469
  10
73.70584201168403
  20
66.25895351790705
  10
73.66228092456187
  20
66.2496062992126
  10
73.6183388366777
  20
66.24234188468378
  10
73.57409194818389
  20
66.23713487426976
  10
73.52966725933452
  20
66.23401066802134
  10
73.48514097028196
  20
66.23294386588775
  10
71.63093726187451
  20
66.23294386588775
  10
71.58641097282195
  20
66.23401066802134
  10
71.54198628397258
  20
66.23713487426976
  10
71.49773939547877
  20
66.24234188468378
  10
71.4537973075946
  20
66.2496062992126
  10
71.41023622047244
  20
66.25895351790705
  10
71.36718313436627
  20
66.27030734061469
  10
71.3246888493777
  20
66.28366776733554
  10
71.28288036576073
  20
66.29900939801881
  10
71.24183388366778
  20
66.31630683261368
  10
71.2016256032512
  20
66.33548387096775
  10
71.16238252476505
  20
66.35654051308103
  10
71.1241554483109
  20
66.37942595885193
  10
71.08704597409194
  20
66.40406400812802
  10
71.0511303022606
  20
66.43040386080773
  10
71.01651003302005
  20
66.45839471678944
  10
70.98321056642114
  20
66.48801117602235
  10
70.95135890271781
  20
66.51912623825248
  10
70.92098044196091
  20
66.55171450342903
  10
70.89217678435357
  20
66.58567437134874
  10
70.86499872999745
  20
66.6209550419101
  10
70.83949707899414
  20
66.65748031496064
  10
70.81574803149606
  20
66.6951485902972
  10
70.79377698755398
  20
66.73390906781815
  10
70.7736347472695
  20
66.77363474726951
  10
70.75539751079502
  20
66.81427482854967
  10
70.73906527813055
  20
66.85570231140463
  10
70.72471424942852
  20
66.8978663957328
  10
70.71234442468885
  20
66.94066548133097
  10
70.70200660401319
  20
66.98399796799595
  10
70.69370078740157
  20
67.02773685547372
  10
70.68745237490477
  20
67.0718567437135
  10
70.68328676657352
  20
67.11620523241048
  10
70.6812039624079
  20
67.16068072136146
  10
70.6812039624079
  20
67.20523241046483
  10
70.68328676657352
  20
67.24970789941581
  10
70.68745237490477
  20
67.29405638811278
  10
70.69370078740157
  20
67.33817627635256
  10
70.70200660401319
  20
67.38191516383034
  10
70.71234442468885
  20
67.42524765049531
  10
70.72471424942852
  20
67.46804673609348
  10
70.73906527813055
  20
67.51021082042165
  10
70.75539751079502
  20
67.55163830327662
  10
70.7736347472695
  20
67.59227838455678
  10
70.79377698755398
  20
67.63200406400814
  10
70.81574803149606
  20
67.6707645415291
  10
70.83949707899414
  20
67.70843281686564
  10
70.86499872999745
  20
67.7449580899162
  10
70.89217678435357
  20
67.78023876047753
  10
70.92098044196091
  20
67.81419862839726
  10
70.95135890271781
  20
67.8467868935738
  10
70.98321056642114
  20
67.87790195580392
  10
71.01651003302005
  20
67.90751841503683
  10
71.0511303022606
  20
67.93550927101856
  10
71.08704597409194
  20
67.96184912369826
  10
71.1241554483109
  20
67.98648717297436
  10
71.16238252476505
  20
68.00937261874525
  10
71.2016256032512
  20
68.03042926085854
  10
71.24183388366778
  20
68.04960629921261
  10
71.28288036576073
  20
68.06690373380748
  10
71.3246888493777
  20
68.08224536449075
  10
71.36718313436627
  20
68.0956057912116
  10
71.41023622047244
  20
68.10695961391924
  10
71.4537973075946
  20
68.11630683261367
  10
71.49773939547877
  20
68.12357124714251
  10
71.54198628397258
  20
68.12877825755652
  10
71.58641097282195
  20
68.13190246380493
  97
1
  330
2003
  75
0
  76
1
  47
0.4128176842155181
  98
1
  10
34.90568961886538
  20
22.81183545379326
  450
0
  451
0
  460
0
  461
0
  452
1
  462
1
  453
2
  463
0
  63
5
  421
255
  463
1
  63
7
  421
16777215
  470
LINEAR
  1001
ACAD
  1010
0
  1020
0
  1030
0
  0
LWPOLYLINE
  5
2003
  100
AcDbEntity
  8
Top-Layer
  100
AcDbPolyline
  90
122
  70
1
  43
0
  10
71.63093726187451
  20
68.13296926593854
  10
73.48514097028196
  20
68.13296926593854
  10
73.52966725933452
  20
68.13190246380493
  10
73.57409194818389
  20
68.12877825755652
  10
73.6183388366777
  20
68.12357124714251
  10
73.66228092456187
  20
68.11630683261367
  10
73.70584201168403
  20
68.10695961391924
  10
73.7488950977902
  20
68.0956057912116
  10
73.79138938277877
  20
68.08224536449075
  10
73.83319786639574
  20
68.06690373380748
  10
73.87424434848869
  20
68.04960629921261
  10
73.91445262890527
  20
68.03042926085854
  10
73.95369570739142
  20
68.00937261874525
  10
73.99192278384557
  20
67.98648717297436
  10
74.02903225806453
  20
67.96184912369826
  10
74.06494792989587
  20
67.93550927101856
  10
74.09956819913641
  20
67.90751841503683
  10
74.13286766573533
  20
67.87790195580392
  10
74.16471932943865
  20
67.8467868935738
  10
74.19509779019556
  20
67.81419862839726
  10
74.2239014478029
  20
67.78023876047753
  10
74.25107950215902
  20
67.7449580899162
  10
74.27658115316233
  20
67.70843281686564
  10
74.30033020066041
  20
67.6707645415291
  10
74.32230124460249
  20
67.63200406400814
  10
74.34244348488697
  20
67.59227838455678
  10
74.36068072136145
  20
67.51297942595886
  10
76.05801371602742
  20
67.51297942595886
  10
76.05801371602742
  20
66.85298450596902
  10
74.36068072136145
  20
66.85298450596902
  10
74.34244348488697
  20
66.77363474726951
  10
74.32230124460249
  20
66.73390906781815
  10
74.30033020066041
  20
66.6951485902972
  10
74.27658115316233
  20
66.65748031496064
  10
74.25107950215902
  20
66.6209550419101
  10
74.2239014478029
  20
66.58567437134874
  10
74.19509779019556
  20
66.55171450342903
  10
74.16471932943865
  20
66.51912623825248
  10
74.13286766573533
  20
66.48801117602235
  10
74.09956819913641
  20
66.45839471678944
  10
74.06494792989587
  20
66.43040386080773
  10
74.02903225806453
  20
66.40406400812802
  10
73.99192278384557
  20
66.37942595885193
  10
73.95369570739142
  20
66.35654051308103
  10
73.91445262890527
  20
66.33548387096775
  10
73.87424434848869
  20
66.31630683261368
  10
73.83319786639574
  20
66.29900939801881
  10
73.79138938277877
  20
66.28366776733554
  10
73.7488950977902
  20
66.27030734061469
  10
73.70584201168403
  20
66.25895351790705
  10
73.66228092456187
  20
66.2496062992126
  10
73.6183388366777
  20
66.24234188468378
  10
73.57409194818389
  20
66.23713487426976
  10
73.52966725933452
  20
66.23401066802134
  10
73.48514097028196
  20
66.23294386588775
  10
71.63093726187451
  20
66.23294386588775
  10
71.58641097282195
  20
66.23401066802134
  10
71.54198628397258
  20
66.23713487426976
  10
71.49773939547877
  20
66.24234188468378
  10
71.4537973075946
  20
66.2496062992126
  10
71.41023622047244
  20
66.25895351790705
  10
71.36718313436627
  20
66.27030734061469
  10
71.3246888493777
  20
66.28366776733554
  10
71.28288036576073
  20
66.29900939801881
  10
71.24183388366778
  20
66.31630683261368
  10
71.2016256032512
  20
66.33548387096775
  10
71.16238252476505
  20
66.35654051308103
  10
71.1241554483109
  20
66.37942595885193
  10
71.08704597409194
  20
66.40406400812802
  10
71.0511303022606
  20
66.43040386080773
  10
71.01651003302005
  20
66.45839471678944
  10
70.98321056642114
  20
66.48801117602235
  10
70.95135890271781
  20
66.51912623825248
  10
70.92098044196091
  20
66.55171450342903
  10
70.89217678435357
  20
66.58567437134874
  10
70.86499872999745
  20
66.6209550419101
  10
70.83949707899414
  20
66.65748031496064
  10
70.81574803149606
  20
66.6951485902972
  10
70.79377698755398
  20
66.73390906781815
  10
70.7736347472695
  20
66.77363474726951
  10
70.75539751079502
  20
66.81427482854967
  10
70.73906527813055
  20
66.85570231140463
  10
70.72471424942852
  20
66.8978663957328
  10
70.71234442468885
  20
66.94066548133097
  10
70.70200660401319
  20
66.98399796799595
  10
70.69370078740157
  20
67.02773685547372
  10
70.68745237490477
  20
67.0718567437135
  10
70.68328676657352
  20
67.11620523241048
  10
70.6812039624079
  20
67.16068072136146
  10
70.6812039624079
  20
67.20523241046483
  10
70.68328676657352
  20
67.24970789941581
  10
70.68745237490477
  20
67.29405638811278
  10
70.69370078740157
  20
67.33817627635256
  10
70.70200660401319
  20
67.38191516383034
  10
70.71234442468885
  20
67.42524765049531
  10
70.72471424942852
  20
67.46804673609348
  10
70.73906527813055
  20
67.51021082042165
  10
70.75539751079502
  20
67.55163830327662
  10
70.7736347472695
  20
67.59227838455678
  10
70.79377698755398
  20
67.63200406400814
  10
70.81574803149606
  20
67.6707645415291
  10
70.83949707899414
  20
67.70843281686564
  10
70.86499872999745
  20
67.7449580899162
  10
70.89217678435357
  20
67.78023876047753
  10
70.92098044196091
  20
67.81419862839726
  10
70.95135890271781
  20
67.8467868935738
  10
70.98321056642114
  20
67.87790195580392
  10
71.01651003302005
  20
67.90751841503683
  10
71.0511303022606
  20
67.93550927101856
  10
71.08704597409194
  20
67.96184912369826
  10
71.1241554483109
  20
67.98648717297436
  10
71.16238252476505
  20
68.00937261874525
  10
71.2016256032512
  20
68.03042926085854
  10
71.24183388366778
  20
68.04960629921261
  10
71.28288036576073
  20
68.06690373380748
  10
71.3246888493777
  20
68.08224536449075
  10
71.36718313436627
  20
68.0956057912116
  10
71.41023622047244
  20
68.10695961391924
  10
71.4537973075946
  20
68.11630683261367
  10
71.49773939547877
  20
68.12357124714251
  10
71.54198628397258
  20
68.12877825755652
  10
71.58641097282195
  20
68.13190246380493
  0
HATCH
  5
2010
  100
AcDbEntity
  8
Top-Layer
  100
AcDbHatch
  10
0
  20
0
  30
0
  210
0
  220
0
  230
1
  2
SOLID
  70
1
  71
0
  91
1
  92
7
  72
0
  73
1
  93
4
  10
69.9711328422657
  20
61.18416306832614
  10
69.9711328422657
  20
61.884163068326146
  10
71.2211455422911
  20
61.884163068326146
  10
71.2211455422911
  20
61.18416306832614
  97
1
  330
2009
  75
0
  76
1
  47
0.4128176842155181
  98
1
  10
34.90568961886538
  20
22.81183545379326
  450
0
  451
0
  460
0
  461
0
  452
1
  462
1
  453
2
  463
0
  63
5
  421
255
  463
1
  63
7
  421
16777215
  470
LINEAR
  1001
ACAD
  1010
0
  1020
0
  1030
0
  0
LWPOLYLINE
  5
2009
  100
AcDbEntity
  8
Top-Layer
  100
AcDbPolyline
  90
4
  70
1
  43
0
  10
69.9711328422657
  20
61.18416306832614
  10
69.9711328422657
  20
61.884163068326146
  10
71.2211455422911
  20
61.884163068326146
  10
71.2211455422911
  20
61.18416306832614
  0
HATCH
  5
2016
  100
AcDbEntity
  8
Top-Layer
  100
AcDbHatch
  10
0
  20
0
  30
0
  210
0
  220
0
  230
1
  2
SOLID
  70
1
  71
0
  91
1
  92
7
  72
0
  73
1
  93
4
  10
69.9711328422657
  20
63.08408686817374
  10
69.9711328422657
  20
63.784086868173745
  10
71.2211455422911
  20
63.784086868173745
  10
71.2211455422911
  20
63.08408686817374
  97
1
  330
2015
  75
0
  76
1
  47
0.4128176842155181
  98
1
  10
34.90568961886538
  20
22.81183545379326
  450
0
  451
0
  460
0
  461
0
  452
1
  462
1
  453
2
  463
0
  63
5
  421
255
  463
1
  63
7
  421
16777215
  470
LINEAR
  1001
ACAD
  1010
0
  1020
0
  1030
0
  0
LWPOLYLINE
  5
2015
  100
AcDbEntity
  8
Top-Layer
  100
AcDbPolyline
  90
4
  70
1
  43
0
  10
69.9711328422657
  20
63.08408686817374
  10
69.9711328422657
  20
63.784086868173745
  10
71.2211455422911
  20
63.784086868173745
  10
71.2211455422911
  20
63.08408686817374
  0
HATCH
  5
2022
  100
AcDbEntity
  8
Top-Layer
  100
AcDbHatch
  10
0
  20
0
  30
0
  210
0
  220
0
  230
1
  2
SOLID
  70
1
  71
0
  91
1
  92
7
  72
0
  73
1
  93
4
  10
67.97113284226567
  20
62.13412496824995
  10
67.97113284226567
  20
62.834124968249945
  10
69.22114554229107
  20
62.834124968249945
  10
69.22114554229107
  20
62.13412496824995
  97
1
  330
2021
  75
0
  76
1
  47
0.4128176842155181
  98
1
  10
34.90568961886538
  20
22.81183545379326
  450
0
  451
0
  460
0
  461
0
  452
1
  462
1
  453
2
  463
0
  63
5
  421
255
  463
1
  63
7
  421
16777215
  470
LINEAR
  1001
ACAD
  1010
0
  1020
0
  1030
0
  0
LWPOLYLINE
  5
2021
  100
AcDbEntity
  8
Top-Layer
  100
AcDbPolyline
  90
4
  70
1
  43
0
  10
67.97113284226567
  20
62.13412496824995
  10
67.97113284226567
  20
62.834124968249945
  10
69.22114554229107
  20
62.834124968249945
  10
69.22114554229107
  20
62.13412496824995
  0
HATCH
  5
2028
  100
AcDbEntity
  8
Top-Layer
  100
AcDbHatch
  10
0
  20
0
  30
0
  210
0
  220
0
  230
1
  2
SOLID
  70
1
  71
0
  91
1
  92
7
  72
0
  73
1
  93
4
  10
68.59613919227839
  20
53.76422402844808
  10
68.05613411226823
  20
53.76422402844808
  10
68.05613411226823
  20
54.26422402844807
  10
68.59613919227839
  20
54.26422402844807
  97
1
  330
2027
  75
0
  76
1
  47
0.4128176842155181
  98
1
  10
34.90568961886538
  20
22.81183545379326
  450
0
  451
0
  460
0
  461
0
  452
1
  462
1
  453
2
  463
0
  63
5
  421
255
  463
1
  63
7
  421
16777215
  470
LINEAR
  1001
ACAD
  1010
0
  1020
0
  1030
0
  0
LWPOLYLINE
  5
2027
  100
AcDbEntity
  8
Top-Layer
  100
AcDbPolyline
  90
4
  70
1
  43
0
  10
68.59613919227839
  20
53.76422402844808
  10
68.05613411226823
  20
53.76422402844808
  10
68.05613411226823
  20
54.26422402844807
  10
68.59613919227839
  20
54.26422402844807
  0
HATCH
  5
2034
  100
AcDbEntity
  8
Top-Layer
  100
AcDbHatch
  10
0
  20
0
  30
0
  210
0
  220
0
  230
1
  2
SOLID
  70
1
  71
0
  91
1
  92
7
  72
0
  73
1
  93
4
  10
68.59613919227839
  20
52.92399034798072
  10
68.05613411226823
  20
52.92399034798072
  10
68.05613411226823
  20
53.423990347980705
  10
68.59613919227839
  20
53.423990347980705
  97
1
  330
2033
  75
0
  76
1
  47
0.4128176842155181
  98
1
  10
34.90568961886538
  20
22.81183545379326
  450
0
  451
0
  460
0
  461
0
  452
1
  462
1
  453
2
  463
0
  63
5
  421
255
  463
1
  63
7
  421
16777215
  470
LINEAR
  1001
ACAD
  1010
0
  1020
0
  1030
0
  0
LWPOLYLINE
  5
2033
  100
AcDbEntity
  8
Top-Layer
  100
AcDbPolyline
  90
4
  70
1
  43
0
  10
68.59613919227839
  20
52.92399034798072
  10
68.05613411226823
  20
52.92399034798072
  10
68.05613411226823
  20
53.423990347980705
  10
68.59613919227839
  20
53.423990347980705
  0
HATCH
  5
2040
  100
AcDbEntity
  8
Top-Layer
  100
AcDbHatch
  10
0
  20
0
  30
0
  210
0
  220
0
  230
1
  2
SOLID
  70
1
  71
0
  91
1
  92
7
  72
0
  73
1
  93
4
  10
82.56616713233426
  20
66.7182499364999
  10
82.02616205232412
  20
66.7182499364999
  10
82.02616205232412
  20
67.21824993649989
  10
82.56616713233426
  20
67.21824993649989
  97
1
  330
2039
  75
0
  76
1
  47
0.4128176842155181
  98
1
  10
34.90568961886538
  20
22.81183545379326
  450
0
  451
0
  460
0
  461
0
  452
1
  462
1
  453
2
  463
0
  63
5
  421
255
  463
1
  63
7
  421
16777215
  470
LINEAR
  1001
ACAD
  1010
0
  1020
0
  1030
0
  0
LWPOLYLINE
  5
2039
  100
AcDbEntity
  8
Top-Layer
  100
AcDbPolyline
  90
4
  70
1
  43
0
  10
82.56616713233426
  20
66.7182499364999
  10
82.02616205232412
  20
66.7182499364999
  10
82.02616205232412
  20
67.21824993649989
  10
82.56616713233426
  20
67.21824993649989
  0
HATCH
  5
2046
  100
AcDbEntity
  8
Top-Layer
  100
AcDbHatch
  10
0
  20
0
  30
0
  210
0
  220
0
  230
1
  2
SOLID
  70
1
  71
0
  91
1
  92
7
  72
0
  73
1
  93
4
  10
82.56616713233426
  20
65.87801625603254
  10
82.02616205232412
  20
65.87801625603254
  10
82.02616205232412
  20
66.37801625603252
  10
82.56616713233426
  20
66.37801625603252
  97
1
  330
2045
  75
0
  76
1
  47
0.4128176842155181
  98
1
  10
34.90568961886538
  20
22.81183545379326
  450
0
  451
0
  460
0
  461
0
  452
1
  462
1
  453
2
  463
0
  63
5
  421
255
  463
1
  63
7
  421
16777215
  470
LINEAR
  1001
ACAD
  1010
0
  1020
0
  1030
0
  0
LWPOLYLINE
  5
2045
  100
AcDbEntity
  8
Top-Layer
  100
AcDbPolyline
  90
4
  70
1
  43
0
  10
82.56616713233426
  20
65.87801625603254
  10
82.02616205232412
  20
65.87801625603254
  10
82.02616205232412
  20
66.37801625603252
  10
82.56616713233426
  20
66.37801625603252
  0
HATCH
  5
2052
  100
AcDbEntity
  8
Top-Layer
  100
AcDbHatch
  10
0
  20
0
  30
0
  210
0
  220
0
  230
1
  2
SOLID
  70
1
  71
0
  91
1
  92
7
  72
0
  73
1
  93
4
  10
74.26427482854966
  20
59.38511557023115
  10
74.26427482854966
  20
60.2491236982474
  10
75.07075184150368
  20
60.2491236982474
  10
75.07075184150368
  20
59.38511557023115
  97
1
  330
2051
  75
0
  76
1
  47
0.4128176842155181
  98
1
  10
34.90568961886538
  20
22.81183545379326
  450
0
  451
0
  460
0
  461
0
  452
1
  462
1
  453
2
  463
0
  63
5
  421
255
  463
1
  63
7
  421
16777215
  470
LINEAR
  1001
ACAD
  1010
0
  1020
0
  1030
0
  0
LWPOLYLINE
  5
2051
  100
AcDbEntity
  8
Top-Layer
  100
AcDbPolyline
  90
4
  70
1
  43
0
  10
74.26427482854966
  20
59.38511557023115
  10
74.26427482854966
  20
60.2491236982474
  10
75.07075184150368
  20
60.2491236982474
  10
75.07075184150368
  20
59.38511557023115
  0
HATCH
  5
2056
  100
AcDbEntity
  8
Top-Layer
  100
AcDbHatch
  10
0
  20
0
  30
0
  210
0
  220
0
  230
1
  2
SOLID
  70
1
  71
0
  91
1
  92
7
  72
0
  73
1
  93
4
  10
72.75754381508763
  20
59.38511557023115
  10
72.75754381508763
  20
60.2491236982474
  10
73.56402082804165
  20
60.2491236982474
  10
73.56402082804165
  20
59.38511557023115
  97
1
  330
2055
  75
0
  76
1
  47
0.4128176842155181
  98
1
  10
34.90568961886538
  20
22.81183545379326
  450
0
  451
0
  460
0
  461
0
  452
1
  462
1
  453
2
  463
0
  63
5
  421
255
  463
1
  63
7
  421
16777215
  470
LINEAR
  1001
ACAD
  1010
0
  1020
0
  1030
0
  0
LWPOLYLINE
  5
2055
  100
AcDbEntity
  8
Top-Layer
  100
AcDbPolyline
  90
4
  70
1
  43
0
  10
72.75754381508763
  20
59.38511557023115
  10
72.75754381508763
  20
60.2491236982474
  10
73.56402082804165
  20
60.2491236982474
  10
73.56402082804165
  20
59.38511557023115
  0
HATCH
  5
2060
  100
AcDbEntity
  8
Top-Layer
  100
AcDbHatch
  10
0
  20
0
  30
0
  210
0
  220
0
  230
1
  2
SOLID
  70
1
  71
0
  91
1
  92
7
  72
0
  73
1
  93
4
  10
73.88327406654814
  20
55.702108204216415
  10
73.88327406654814
  20
56.566116332232674
  10
74.68975107950216
  20
56.566116332232674
  10
74.68975107950216
  20
55.702108204216415
  97
1
  330
2059
  75
0
  76
1
  47
0.4128176842155181
  98
1
  10
34.90568961886538
  20
22.81183545379326
  450
0
  451
0
  460
0
  461
0
  452
1
  462
1
  453
2
  463
0
  63
5
  421
255
  463
1
  63
7
  421
16777215
  470
LINEAR
  1001
ACAD
  1010
0
  1020
0
  1030
0
  0
LWPOLYLINE
  5
2059
  100
AcDbEntity
  8
Top-Layer
  100
AcDbPolyline
  90
4
  70
1
  43
0
  10
73.88327406654814
  20
55.702108204216415
  10
73.88327406654814
  20
56.566116332232674
  10
74.68975107950216
  20
56.566116332232674
  10
74.68975107950216
  20
55.702108204216415
  0
HATCH
  5
2064
  100
AcDbEntity
  8
Top-Layer
  100
AcDbHatch
  10
0
  20
0
  30
0
  210
0
  220
0
  230
1
  2
SOLID
  70
1
  71
0
  91
1
  92
7
  72
0
  73
1
  93
4
  10
72.37654305308611
  20
55.702108204216415
  10
72.37654305308611
  20
56.566116332232674
  10
73.18302006604013
  20
56.566116332232674
  10
73.18302006604013
  20
55.702108204216415
  97
1
  330
2063
  75
0
  76
1
  47
0.4128176842155181
  98
1
  10
34.90568961886538
  20
22.81183545379326
  450
0
  451
0
  460
0
  461
0
  452
1
  462
1
  453
2
  463
0
  63
5
  421
255
  463
1
  63
7
  421
16777215
  470
LINEAR
  1001
ACAD
  1010
0
  1020
0
  1030
0
  0
LWPOLYLINE
  5
2063
  100
AcDbEntity
  8
Top-Layer
  100
AcDbPolyline
  90
4
  70
1
  43
0
  10
72.37654305308611
  20
55.702108204216415
  10
72.37654305308611
  20
56.566116332232674
  10
73.18302006604013
  20
56.566116332232674
  10
73.18302006604013
  20
55.702108204216415
  0
LWPOLYLINE
  5
1088
  100
AcDbEntity
  8
Top-Silkscreen-Layer
  100
AcDbPolyline
  90
2
  70
0
  43
0.25400050800101603
  10
57.04610109220219
  20
58.84912369824741
  10
57.04610109220219
  20
64.84912369824741
  0
LWPOLYLINE
  5
1089
  100
AcDbEntity
  8
Top-Silkscreen-Layer
  100
AcDbPolyline
  90
2
  70
0
  43
0.25400050800101603
  10
57.04610109220219
  20
58.84912369824741
  10
64.64615189230379
  20
58.84912369824741
  0
LWPOLYLINE
  5
1090
  100
AcDbEntity
  8
Top-Silkscreen-Layer
  100
AcDbPolyline
  90
2
  70
0
  43
0.25400050800101603
  10
64.64615189230379
  20
64.84912369824741
  10
57.08709677419354
  20
64.84912369824741
  0
LWPOLYLINE
  5
1091
  100
AcDbEntity
  8
Top-Silkscreen-Layer
  100
AcDbPolyline
  90
3
  70
0
  43
0.25400050800101603
  10
64.64615189230379
  20
58.84912369824741
  10
64.64615189230379
  20
59.84912369824741
  10
63.04612649225298
  20
59.84912369824741
  0
LWPOLYLINE
  5
1092
  100
AcDbEntity
  8
Top-Silkscreen-Layer
  100
AcDbPolyline
  90
3
  70
0
  43
0.25400050800101603
  10
64.64610109220219
  20
64.8490728981458
  10
64.64610109220219
  20
63.849072898145806
  10
63.04612649225298
  20
63.849072898145806
  0
LWPOLYLINE
  5
1093
  100
AcDbEntity
  8
Top-Silkscreen-Layer
  100
AcDbPolyline
  90
4
  70
0
  43
0.25400050800101603
  10
63.04612649225298
  20
59.84912369824741
  10
59.24610109220218
  20
59.84912369824741
  10
59.24610109220218
  20
60.44914909829821
  10
63.04612649225298
  20
60.44914909829821
  0
LWPOLYLINE
  5
1094
  100
AcDbEntity
  8
Top-Silkscreen-Layer
  100
AcDbPolyline
  90
4
  70
0
  43
0.25400050800101603
  10
63.04612649225298
  20
63.24909829819661
  10
59.24610109220218
  20
63.24909829819661
  10
59.24610109220218
  20
63.8491236982474
  10
63.04612649225298
  20
63.8491236982474
  0
LWPOLYLINE
  5
1095
  100
AcDbEntity
  8
Top-Silkscreen-Layer
  100
AcDbPolyline
  90
4
  70
0
  43
0.25400050800101603
  10
57.04610109220219
  20
60.84912369824741
  10
61.34612649225299
  20
60.84912369824741
  10
61.34612649225299
  20
62.8491236982474
  10
57.1460756921514
  20
62.8491236982474
  0
LWPOLYLINE
  5
1096
  100
AcDbEntity
  8
Top-Silkscreen-Layer
  100
AcDbPolyline
  90
2
  70
0
  43
0.25400050800101603
  10
63.04612649225298
  20
59.84912369824741
  10
63.04612649225298
  20
59.86797053594108
  0
LWPOLYLINE
  5
1097
  100
AcDbEntity
  8
Top-Silkscreen-Layer
  100
AcDbPolyline
  90
2
  70
0
  43
0.25400050800101603
  10
63.04612649225298
  20
61.83027686055373
  10
63.04612649225298
  20
61.86797053594108
  0
LWPOLYLINE
  5
1098
  100
AcDbEntity
  8
Top-Silkscreen-Layer
  100
AcDbPolyline
  90
2
  70
0
  43
0.25400050800101603
  10
63.04612649225298
  20
63.83027686055373
  10
63.04612649225298
  20
63.849072898145806
  0
LWPOLYLINE
  5
1107
  100
AcDbEntity
  8
Top-Silkscreen-Layer
  100
AcDbPolyline
  90
2
  70
0
  43
0.25400050800101603
  10
93.06819913639826
  20
65.73812547625096
  10
93.06819913639826
  20
59.73812547625096
  0
LWPOLYLINE
  5
1108
  100
AcDbEntity
  8
Top-Silkscreen-Layer
  100
AcDbPolyline
  90
2
  70
0
  43
0.25400050800101603
  10
93.06819913639826
  20
65.73812547625096
  10
85.4681483362967
  20
65.73812547625096
  0
LWPOLYLINE
  5
1109
  100
AcDbEntity
  8
Top-Silkscreen-Layer
  100
AcDbPolyline
  90
2
  70
0
  43
0.25400050800101603
  10
85.4681483362967
  20
59.738125476250964
  10
93.02720345440692
  20
59.73812547625096
  0
LWPOLYLINE
  5
1110
  100
AcDbEntity
  8
Top-Silkscreen-Layer
  100
AcDbPolyline
  90
3
  70
0
  43
0.25400050800101603
  10
85.4681483362967
  20
65.73812547625096
  10
85.4681483362967
  20
64.73812547625096
  10
87.06817373634748
  20
64.73812547625096
  0
LWPOLYLINE
  5
1111
  100
AcDbEntity
  8
Top-Silkscreen-Layer
  100
AcDbPolyline
  90
3
  70
0
  43
0.25400050800101603
  10
85.46819913639827
  20
59.73817627635256
  10
85.46819913639827
  20
60.73817627635256
  10
87.06817373634748
  20
60.73817627635256
  0
LWPOLYLINE
  5
1112
  100
AcDbEntity
  8
Top-Silkscreen-Layer
  100
AcDbPolyline
  90
4
  70
0
  43
0.25400050800101603
  10
87.06817373634748
  20
64.73812547625096
  10
90.86819913639827
  20
64.73812547625096
  10
90.86819913639827
  20
64.13810007620016
  10
87.06817373634748
  20
64.13810007620016
  0
LWPOLYLINE
  5
1113
  100
AcDbEntity
  8
Top-Silkscreen-Layer
  100
AcDbPolyline
  90
4
  70
0
  43
0.25400050800101603
  10
87.06817373634748
  20
61.33815087630176
  10
90.86819913639827
  20
61.33815087630176
  10
90.86819913639827
  20
60.73812547625096
  10
87.06817373634748
  20
60.738125476250964
  0
LWPOLYLINE
  5
1114
  100
AcDbEntity
  8
Top-Silkscreen-Layer
  100
AcDbPolyline
  90
4
  70
0
  43
0.25400050800101603
  10
93.06819913639826
  20
63.73812547625096
  10
88.76817373634749
  20
63.73812547625096
  10
88.76817373634746
  20
61.738125476250964
  10
92.96822453644909
  20
61.738125476250964
  0
LWPOLYLINE
  5
1115
  100
AcDbEntity
  8
Top-Silkscreen-Layer
  100
AcDbPolyline
  90
2
  70
0
  43
0.25400050800101603
  10
87.06817373634748
  20
64.73812547625096
  10
87.06817373634748
  20
64.71927863855728
  0
LWPOLYLINE
  5
1116
  100
AcDbEntity
  8
Top-Silkscreen-Layer
  100
AcDbPolyline
  90
2
  70
0
  43
0.25400050800101603
  10
87.06817373634748
  20
62.75697231394464
  10
87.06817373634748
  20
62.719278638557284
  0
LWPOLYLINE
  5
1117
  100
AcDbEntity
  8
Top-Silkscreen-Layer
  100
AcDbPolyline
  90
2
  70
0
  43
0.25400050800101603
  10
87.06817373634748
  20
60.75697231394464
  10
87.06817373634748
  20
60.73817627635256
  0
LWPOLYLINE
  5
1126
  100
AcDbEntity
  8
Top-Silkscreen-Layer
  100
AcDbPolyline
  90
2
  70
0
  43
0.25400050800101603
  10
57.04610109220219
  20
51.356108712217434
  10
57.04610109220219
  20
57.356108712217434
  0
LWPOLYLINE
  5
1127
  100
AcDbEntity
  8
Top-Silkscreen-Layer
  100
AcDbPolyline
  90
2
  70
0
  43
0.25400050800101603
  10
57.04610109220219
  20
51.356108712217434
  10
64.64615189230379
  20
51.356108712217434
  0
LWPOLYLINE
  5
1128
  100
AcDbEntity
  8
Top-Silkscreen-Layer
  100
AcDbPolyline
  90
2
  70
0
  43
0.25400050800101603
  10
64.64615189230379
  20
57.356108712217434
  10
57.08709677419354
  20
57.356108712217434
  0
LWPOLYLINE
  5
1129
  100
AcDbEntity
  8
Top-Silkscreen-Layer
  100
AcDbPolyline
  90
3
  70
0
  43
0.25400050800101603
  10
64.64615189230379
  20
51.356108712217434
  10
64.64615189230379
  20
52.356108712217434
  10
63.04612649225298
  20
52.356108712217434
  0
LWPOLYLINE
  5
1130
  100
AcDbEntity
  8
Top-Silkscreen-Layer
  100
AcDbPolyline
  90
3
  70
0
  43
0.25400050800101603
  10
64.64610109220219
  20
57.35605791211583
  10
64.64610109220219
  20
56.35605791211583
  10
63.04612649225298
  20
56.35605791211583
  0
LWPOLYLINE
  5
1131
  100
AcDbEntity
  8
Top-Silkscreen-Layer
  100
AcDbPolyline
  90
4
  70
0
  43
0.25400050800101603
  10
63.04612649225298
  20
52.356108712217434
  10
59.24610109220218
  20
52.356108712217434
  10
59.24610109220218
  20
52.95613411226823
  10
63.04612649225298
  20
52.95613411226823
  0
LWPOLYLINE
  5
1132
  100
AcDbEntity
  8
Top-Silkscreen-Layer
  100
AcDbPolyline
  90
4
  70
0
  43
0.25400050800101603
  10
63.04612649225298
  20
55.75608331216664
  10
59.24610109220218
  20
55.75608331216664
  10
59.24610109220218
  20
56.356108712217434
  10
63.04612649225298
  20
56.356108712217434
  0
LWPOLYLINE
  5
1133
  100
AcDbEntity
  8
Top-Silkscreen-Layer
  100
AcDbPolyline
  90
4
  70
0
  43
0.25400050800101603
  10
57.04610109220219
  20
53.356108712217434
  10
61.34612649225299
  20
53.356108712217434
  10
61.34612649225299
  20
55.356108712217434
  10
57.1460756921514
  20
55.356108712217434
  0
LWPOLYLINE
  5
1134
  100
AcDbEntity
  8
Top-Silkscreen-Layer
  100
AcDbPolyline
  90
2
  70
0
  43
0.25400050800101603
  10
63.04612649225298
  20
52.356108712217434
  10
63.04612649225298
  20
52.37495554991111
  0
LWPOLYLINE
  5
1135
  100
AcDbEntity
  8
Top-Silkscreen-Layer
  100
AcDbPolyline
  90
2
  70
0
  43
0.25400050800101603
  10
63.04612649225298
  20
54.337261874523755
  10
63.04612649225298
  20
54.37495554991111
  0
LWPOLYLINE
  5
1136
  100
AcDbEntity
  8
Top-Silkscreen-Layer
  100
AcDbPolyline
  90
2
  70
0
  43
0.25400050800101603
  10
63.04612649225298
  20
56.33726187452376
  10
63.04612649225298
  20
56.35605791211583
  0
LWPOLYLINE
  5
1145
  100
AcDbEntity
  8
Top-Silkscreen-Layer
  100
AcDbPolyline
  90
2
  70
0
  43
0.25400050800101603
  10
93.19519939039877
  20
57.737109474218954
  10
93.19519939039877
  20
51.73710947421896
  0
LWPOLYLINE
  5
1146
  100
AcDbEntity
  8
Top-Silkscreen-Layer
  100
AcDbPolyline
  90
2
  70
0
  43
0.25400050800101603
  10
93.19519939039877
  20
57.737109474218954
  10
85.5951485902972
  20
57.737109474218954
  0
LWPOLYLINE
  5
1147
  100
AcDbEntity
  8
Top-Silkscreen-Layer
  100
AcDbPolyline
  90
2
  70
0
  43
0.25400050800101603
  10
85.5951485902972
  20
51.73710947421896
  10
93.15420370840742
  20
51.73710947421896
  0
LWPOLYLINE
  5
1148
  100
AcDbEntity
  8
Top-Silkscreen-Layer
  100
AcDbPolyline
  90
3
  70
0
  43
0.25400050800101603
  10
85.5951485902972
  20
57.737109474218954
  10
85.5951485902972
  20
56.737109474218954
  10
87.19517399034801
  20
56.737109474218954
  0
LWPOLYLINE
  5
1149
  100
AcDbEntity
  8
Top-Silkscreen-Layer
  100
AcDbPolyline
  90
3
  70
0
  43
0.25400050800101603
  10
85.59519939039878
  20
51.73716027432056
  10
85.59519939039878
  20
52.73716027432056
  10
87.19517399034801
  20
52.73716027432056
  0
LWPOLYLINE
  5
1150
  100
AcDbEntity
  8
Top-Silkscreen-Layer
  100
AcDbPolyline
  90
4
  70
0
  43
0.25400050800101603
  10
87.19517399034801
  20
56.737109474218954
  10
90.99519939039878
  20
56.737109474218954
  10
90.99519939039878
  20
56.13708407416816
  10
87.19517399034801
  20
56.13708407416816
  0
LWPOLYLINE
  5
1151
  100
AcDbEntity
  8
Top-Silkscreen-Layer
  100
AcDbPolyline
  90
4
  70
0
  43
0.25400050800101603
  10
87.19517399034801
  20
53.33713487426975
  10
90.99519939039878
  20
53.33713487426975
  10
90.99519939039878
  20
52.737109474218954
  10
87.19517399034801
  20
52.737109474218954
  0
LWPOLYLINE
  5
1152
  100
AcDbEntity
  8
Top-Silkscreen-Layer
  100
AcDbPolyline
  90
4
  70
0
  43
0.25400050800101603
  10
93.19519939039877
  20
55.737109474218954
  10
88.895173990348
  20
55.737109474218954
  10
88.89517399034797
  20
53.737109474218954
  10
93.09522479044959
  20
53.737109474218954
  0
LWPOLYLINE
  5
1153
  100
AcDbEntity
  8
Top-Silkscreen-Layer
  100
AcDbPolyline
  90
2
  70
0
  43
0.25400050800101603
  10
87.19517399034801
  20
56.737109474218954
  10
87.19517399034801
  20
56.71826263652528
  0
LWPOLYLINE
  5
1154
  100
AcDbEntity
  8
Top-Silkscreen-Layer
  100
AcDbPolyline
  90
2
  70
0
  43
0.25400050800101603
  10
87.19517399034801
  20
54.755956311912634
  10
87.19517399034801
  20
54.71826263652528
  0
LWPOLYLINE
  5
1155
  100
AcDbEntity
  8
Top-Silkscreen-Layer
  100
AcDbPolyline
  90
2
  70
0
  43
0.25400050800101603
  10
87.19517399034801
  20
52.75595631191263
  10
87.19517399034801
  20
52.73716027432056
  0
LWPOLYLINE
  5
1164
  100
AcDbEntity
  8
Top-Silkscreen-Layer
  100
AcDbPolyline
  90
2
  70
0
  43
0.25400050800101603
  10
93.06819913639826
  20
49.990093980187964
  10
93.06819913639826
  20
43.990093980187964
  0
LWPOLYLINE
  5
1165
  100
AcDbEntity
  8
Top-Silkscreen-Layer
  100
AcDbPolyline
  90
2
  70
0
  43
0.25400050800101603
  10
93.06819913639826
  20
49.990093980187964
  10
85.4681483362967
  20
49.990093980187964
  0
LWPOLYLINE
  5
1166
  100
AcDbEntity
  8
Top-Silkscreen-Layer
  100
AcDbPolyline
  90
2
  70
0
  43
0.25400050800101603
  10
85.4681483362967
  20
43.990093980187964
  10
93.02720345440692
  20
43.990093980187964
  0
LWPOLYLINE
  5
1167
  100
AcDbEntity
  8
Top-Silkscreen-Layer
  100
AcDbPolyline
  90
3
  70
0
  43
0.25400050800101603
  10
85.4681483362967
  20
49.990093980187964
  10
85.4681483362967
  20
48.990093980187964
  10
87.06817373634748
  20
48.990093980187964
  0
LWPOLYLINE
  5
1168
  100
AcDbEntity
  8
Top-Silkscreen-Layer
  100
AcDbPolyline
  90
3
  70
0
  43
0.25400050800101603
  10
85.46819913639827
  20
43.99014478028956
  10
85.46819913639827
  20
44.99014478028957
  10
87.06817373634748
  20
44.99014478028957
  0
LWPOLYLINE
  5
1169
  100
AcDbEntity
  8
Top-Silkscreen-Layer
  100
AcDbPolyline
  90
4
  70
0
  43
0.25400050800101603
  10
87.06817373634748
  20
48.990093980187964
  10
90.86819913639827
  20
48.990093980187964
  10
90.86819913639827
  20
48.39006858013716
  10
87.06817373634748
  20
48.39006858013716
  0
LWPOLYLINE
  5
1170
  100
AcDbEntity
  8
Top-Silkscreen-Layer
  100
AcDbPolyline
  90
4
  70
0
  43
0.25400050800101603
  10
87.06817373634748
  20
45.59011938023877
  10
90.86819913639827
  20
45.59011938023877
  10
90.86819913639827
  20
44.990093980187964
  10
87.06817373634748
  20
44.990093980187964
  0
LWPOLYLINE
  5
1171
  100
AcDbEntity
  8
Top-Silkscreen-Layer
  100
AcDbPolyline
  90
4
  70
0
  43
0.25400050800101603
  10
93.06819913639826
  20
47.99009398018796
  10
88.76817373634749
  20
47.990093980187964
  10
88.76817373634746
  20
45.990093980187964
  10
92.96822453644909
  20
45.990093980187964
  0
LWPOLYLINE
  5
1172
  100
AcDbEntity
  8
Top-Silkscreen-Layer
  100
AcDbPolyline
  90
2
  70
0
  43
0.25400050800101603
  10
87.06817373634748
  20
48.990093980187964
  10
87.06817373634748
  20
48.97124714249429
  0
LWPOLYLINE
  5
1173
  100
AcDbEntity
  8
Top-Silkscreen-Layer
  100
AcDbPolyline
  90
2
  70
0
  43
0.25400050800101603
  10
87.06817373634748
  20
47.00894081788164
  10
87.06817373634748
  20
46.97124714249429
  0
LWPOLYLINE
  5
1174
  100
AcDbEntity
  8
Top-Silkscreen-Layer
  100
AcDbPolyline
  90
2
  70
0
  43
0.25400050800101603
  10
87.06817373634748
  20
45.00894081788164
  10
87.06817373634748
  20
44.99014478028957
  0
LWPOLYLINE
  5
1183
  100
AcDbEntity
  8
Top-Silkscreen-Layer
  100
AcDbPolyline
  90
2
  70
0
  43
0.25400050800101603
  10
57.04610109220219
  20
43.86309372618745
  10
57.04610109220219
  20
49.86309372618746
  0
LWPOLYLINE
  5
1184
  100
AcDbEntity
  8
Top-Silkscreen-Layer
  100
AcDbPolyline
  90
2
  70
0
  43
0.25400050800101603
  10
57.04610109220219
  20
43.86309372618745
  10
64.64615189230379
  20
43.86309372618745
  0
LWPOLYLINE
  5
1185
  100
AcDbEntity
  8
Top-Silkscreen-Layer
  100
AcDbPolyline
  90
2
  70
0
  43
0.25400050800101603
  10
64.64615189230379
  20
49.86309372618746
  10
57.08709677419354
  20
49.86309372618746
  0
LWPOLYLINE
  5
1186
  100
AcDbEntity
  8
Top-Silkscreen-Layer
  100
AcDbPolyline
  90
3
  70
0
  43
0.25400050800101603
  10
64.64615189230379
  20
43.86309372618745
  10
64.64615189230379
  20
44.86309372618746
  10
63.04612649225298
  20
44.86309372618746
  0
LWPOLYLINE
  5
1187
  100
AcDbEntity
  8
Top-Silkscreen-Layer
  100
AcDbPolyline
  90
3
  70
0
  43
0.25400050800101603
  10
64.64610109220219
  20
49.86304292608585
  10
64.64610109220219
  20
48.86304292608585
  10
63.04612649225298
  20
48.86304292608585
  0
LWPOLYLINE
  5
1188
  100
AcDbEntity
  8
Top-Silkscreen-Layer
  100
AcDbPolyline
  90
4
  70
0
  43
0.25400050800101603
  10
63.04612649225298
  20
44.86309372618746
  10
59.24610109220218
  20
44.86309372618746
  10
59.24610109220218
  20
45.46311912623826
  10
63.04612649225298
  20
45.46311912623826
  0
LWPOLYLINE
  5
1189
  100
AcDbEntity
  8
Top-Silkscreen-Layer
  100
AcDbPolyline
  90
4
  70
0
  43
0.25400050800101603
  10
63.04612649225298
  20
48.263068326136654
  10
59.24610109220218
  20
48.263068326136654
  10
59.24610109220218
  20
48.86309372618746
  10
63.04612649225298
  20
48.86309372618746
  0
LWPOLYLINE
  5
1190
  100
AcDbEntity
  8
Top-Silkscreen-Layer
  100
AcDbPolyline
  90
4
  70
0
  43
0.25400050800101603
  10
57.04610109220219
  20
45.86309372618745
  10
61.34612649225299
  20
45.86309372618745
  10
61.34612649225299
  20
47.86309372618746
  10
57.1460756921514
  20
47.86309372618746
  0
LWPOLYLINE
  5
1191
  100
AcDbEntity
  8
Top-Silkscreen-Layer
  100
AcDbPolyline
  90
2
  70
0
  43
0.25400050800101603
  10
63.04612649225298
  20
44.86309372618746
  10
63.04612649225298
  20
44.88194056388113
  0
LWPOLYLINE
  5
1192
  100
AcDbEntity
  8
Top-Silkscreen-Layer
  100
AcDbPolyline
  90
2
  70
0
  43
0.25400050800101603
  10
63.04612649225298
  20
46.844246888493785
  10
63.04612649225298
  20
46.88194056388113
  0
LWPOLYLINE
  5
1193
  100
AcDbEntity
  8
Top-Silkscreen-Layer
  100
AcDbPolyline
  90
2
  70
0
  43
0.25400050800101603
  10
63.04612649225298
  20
48.844246888493785
  10
63.04612649225298
  20
48.86304292608585
  0
LWPOLYLINE
  5
1202
  100
AcDbEntity
  8
Top-Silkscreen-Layer
  100
AcDbPolyline
  90
2
  70
0
  43
0.25400050800101603
  10
76.05715011430023
  20
37.815087630175256
  10
76.05715011430023
  20
43.81508763017526
  0
LWPOLYLINE
  5
1203
  100
AcDbEntity
  8
Top-Silkscreen-Layer
  100
AcDbPolyline
  90
2
  70
0
  43
0.25400050800101603
  10
74.05715011430023
  20
37.815087630175256
  10
74.05715011430023
  20
43.81508763017526
  0
LWPOLYLINE
  5
1204
  100
AcDbEntity
  8
Top-Silkscreen-Layer
  100
AcDbPolyline
  90
2
  70
0
  43
0.25400050800101603
  10
74.05715011430023
  20
37.815087630175256
  10
76.05715011430023
  20
37.815087630175256
  0
LWPOLYLINE
  5
1205
  100
AcDbEntity
  8
Top-Silkscreen-Layer
  100
AcDbPolyline
  90
2
  70
0
  43
0.25400050800101603
  10
68.70716281432563
  20
48.24439928879858
  10
68.70716281432563
  20
48.51409702819406
  0
LWPOLYLINE
  5
1206
  100
AcDbEntity
  8
Top-Silkscreen-Layer
  100
AcDbPolyline
  90
4
  70
0
  43
0.25400050800101603
  10
81.40716281432564
  20
46.24378968757938
  10
81.40716281432564
  20
43.81508763017526
  10
68.70716281432563
  20
43.81508763017526
  10
68.70716281432563
  20
46.24378968757938
  0
LWPOLYLINE
  5
1207
  100
AcDbEntity
  8
Top-Silkscreen-Layer
  100
AcDbPolyline
  90
4
  70
0
  43
0.25400050800101603
  10
68.70716281432563
  20
48.895097790195585
  10
68.70716281432563
  20
50.6731013462027
  10
81.40716281432564
  20
50.6731013462027
  10
81.40716281432564
  20
48.24439928879858
  0
LWPOLYLINE
  5
1208
  100
AcDbEntity
  8
Top-Silkscreen-Layer
  100
AcDbPolyline
  90
2
  70
0
  43
0.25400050800101603
  10
68.70716281432563
  20
48.895097790195585
  10
68.70716281432563
  20
48.51409702819406
  0
LWPOLYLINE
  5
1209
  100
AcDbEntity
  8
Top-Silkscreen-Layer
  100
AcDbPolyline
  90
2
  70
0
  43
0.25400050800101603
  10
81.40716281432564
  20
49.1490982981966
  10
81.40716281432564
  20
48.641097282194565
  0
LWPOLYLINE
  5
1210
  100
AcDbEntity
  8
Top-Silkscreen-Layer
  100
AcDbPolyline
  90
3
  70
0
  43
0.15240030480060962
  10
74.61663703327407
  20
69.50944881889765
  10
71.96426212852425
  20
69.50944881889765
  10
71.96426212852425
  20
68.36062992125986
  0
LWPOLYLINE
  5
1211
  100
AcDbEntity
  8
Top-Silkscreen-Layer
  100
AcDbPolyline
  90
3
  70
0
  43
0.15240030480060962
  10
74.61663703327407
  20
64.85707391414783
  10
71.96426212852425
  20
64.85707391414783
  10
71.96426212852425
  20
66.00589281178563
  0
LWPOLYLINE
  5
1220
  100
AcDbEntity
  8
Top-Silkscreen-Layer
  100
AcDbPolyline
  90
3
  70
0
  43
0.15240030480060962
  10
70.32235204470409
  20
64.01033782067566
  10
68.86992633985268
  20
64.01033782067566
  10
68.86992633985268
  20
62.97871475742952
  0
LWPOLYLINE
  5
1221
  100
AcDbEntity
  8
Top-Silkscreen-Layer
  100
AcDbPolyline
  90
3
  70
0
  43
0.15240030480060962
  10
70.32235204470409
  20
60.95791211582424
  10
68.86992633985268
  20
60.95791211582424
  10
68.86992633985268
  20
61.98953517907037
  0
LWPOLYLINE
  5
1222
  100
AcDbEntity
  8
Top-Silkscreen-Layer
  100
AcDbPolyline
  90
2
  70
0
  43
0.15240030480060962
  10
70.32235204470409
  20
62.93952247904497
  10
70.32235204470409
  20
62.02872745745492
  0
LWPOLYLINE
  5
1238
  100
AcDbEntity
  8
Top-Silkscreen-Layer
  100
AcDbPolyline
  90
2
  70
0
  43
0.15240030480060962
  10
67.82860045720092
  20
52.8727203454407
  10
67.82860045720092
  20
53.3727203454407
  0
LWPOLYLINE
  5
1239
  100
AcDbEntity
  8
Top-Silkscreen-Layer
  100
AcDbPolyline
  90
2
  70
0
  43
0.15240030480060962
  10
68.67338074676151
  20
52.72029464058929
  10
67.98097536195074
  20
52.72029464058929
  0
LWPOLYLINE
  5
1240
  100
AcDbEntity
  8
Top-Silkscreen-Layer
  100
AcDbPolyline
  90
2
  70
0
  43
0.15240030480060962
  10
68.82578105156209
  20
53.3727203454407
  10
68.82578105156209
  20
52.8727203454407
  0
LWPOLYLINE
  5
1241
  100
AcDbEntity
  8
Top-Silkscreen-Layer
  100
AcDbPolyline
  90
2
  70
0
  43
0.15240030480060962
  10
68.8236474472949
  20
54.31549403098808
  10
68.8236474472949
  20
53.81549403098807
  0
LWPOLYLINE
  5
1242
  100
AcDbEntity
  8
Top-Silkscreen-Layer
  100
AcDbPolyline
  90
2
  70
0
  43
0.15240030480060962
  10
67.82651765303531
  20
53.81549403098807
  10
67.82651765303531
  20
54.31549403098808
  0
LWPOLYLINE
  5
1243
  100
AcDbEntity
  8
Top-Silkscreen-Layer
  100
AcDbPolyline
  90
2
  70
0
  43
0.15240030480060962
  10
67.97886715773431
  20
54.46791973583948
  10
68.67129794259587
  20
54.46791973583948
  0
LWPOLYLINE
  5
1244
  100
AcDbEntity
  8
Top-Silkscreen-Layer
  100
AcDbPolyline
  90
2
  70
0
  43
0.15240030480060962
  10
67.8264922529845
  20
54.31549403098808
  42
-0.414
  10
67.9788925577851
  20
54.467894335788685
  0
LWPOLYLINE
  5
1245
  100
AcDbEntity
  8
Top-Silkscreen-Layer
  100
AcDbPolyline
  90
2
  70
0
  43
0.15240030480060962
  10
68.67129794259587
  20
54.467894335788685
  42
-0.414
  10
68.82369824739648
  20
54.31549403098808
  0
LWPOLYLINE
  5
1246
  100
AcDbEntity
  8
Top-Silkscreen-Layer
  100
AcDbPolyline
  90
2
  70
0
  43
0.15240030480060962
  10
68.82578105156212
  20
52.8727203454407
  42
-0.414
  10
68.67338074676151
  20
52.72032004064009
  0
LWPOLYLINE
  5
1247
  100
AcDbEntity
  8
Top-Silkscreen-Layer
  100
AcDbPolyline
  90
2
  70
0
  43
0.15240030480060962
  10
67.98097536195074
  20
52.72032004064009
  42
-0.414
  10
67.82857505715013
  20
52.8727203454407
  0
LWPOLYLINE
  5
1253
  100
AcDbEntity
  8
Top-Silkscreen-Layer
  100
AcDbPolyline
  90
2
  70
0
  43
0.15240030480060962
  10
81.79862839725679
  20
65.82674625349252
  10
81.79862839725679
  20
66.32674625349252
  0
LWPOLYLINE
  5
1254
  100
AcDbEntity
  8
Top-Silkscreen-Layer
  100
AcDbPolyline
  90
2
  70
0
  43
0.15240030480060962
  10
82.64340868681738
  20
65.6743205486411
  10
81.95100330200661
  20
65.6743205486411
  0
LWPOLYLINE
  5
1255
  100
AcDbEntity
  8
Top-Silkscreen-Layer
  100
AcDbPolyline
  90
2
  70
0
  43
0.15240030480060962
  10
82.79580899161799
  20
66.32674625349252
  10
82.79580899161799
  20
65.82674625349252
  0
LWPOLYLINE
  5
1256
  100
AcDbEntity
  8
Top-Silkscreen-Layer
  100
AcDbPolyline
  90
2
  70
0
  43
0.15240030480060962
  10
82.79367538735077
  20
67.2695199390399
  10
82.79367538735077
  20
66.7695199390399
  0
LWPOLYLINE
  5
1257
  100
AcDbEntity
  8
Top-Silkscreen-Layer
  100
AcDbPolyline
  90
2
  70
0
  43
0.15240030480060962
  10
81.79654559309118
  20
66.7695199390399
  10
81.79654559309118
  20
67.2695199390399
  0
LWPOLYLINE
  5
1258
  100
AcDbEntity
  8
Top-Silkscreen-Layer
  100
AcDbPolyline
  90
2
  70
0
  43
0.15240030480060962
  10
81.94889509779019
  20
67.42194564389129
  10
82.64132588265174
  20
67.42194564389129
  0
LWPOLYLINE
  5
1259
  100
AcDbEntity
  8
Top-Silkscreen-Layer
  100
AcDbPolyline
  90
2
  70
0
  43
0.15240030480060962
  10
81.79652019304037
  20
67.2695199390399
  42
-0.414
  10
81.94892049784097
  20
67.4219202438405
  0
LWPOLYLINE
  5
1260
  100
AcDbEntity
  8
Top-Silkscreen-Layer
  100
AcDbPolyline
  90
2
  70
0
  43
0.15240030480060962
  10
82.64132588265174
  20
67.4219202438405
  42
-0.414
  10
82.79372618745238
  20
67.2695199390399
  0
LWPOLYLINE
  5
1261
  100
AcDbEntity
  8
Top-Silkscreen-Layer
  100
AcDbPolyline
  90
2
  70
0
  43
0.15240030480060962
  10
82.79580899161802
  20
65.82674625349252
  42
-0.414
  10
82.64340868681738
  20
65.67434594869191
  0
LWPOLYLINE
  5
1262
  100
AcDbEntity
  8
Top-Silkscreen-Layer
  100
AcDbPolyline
  90
2
  70
0
  43
0.15240030480060962
  10
81.95100330200661
  20
65.67434594869191
  42
-0.414
  10
81.798602997206
  20
65.82674625349252
  0
LWPOLYLINE
  5
1268
  100
AcDbEntity
  8
Top-Silkscreen-Layer
  100
AcDbPolyline
  90
2
  70
0
  43
0.15240030480060962
  10
74.34036068072136
  20
59.15651511303024
  10
75.29923799847599
  20
59.15651511303024
  0
LWPOLYLINE
  5
1269
  100
AcDbEntity
  8
Top-Silkscreen-Layer
  100
AcDbPolyline
  90
2
  70
0
  43
0.15240030480060962
  10
75.29923799847599
  20
59.15651511303024
  10
75.29923799847599
  20
60.47772415544832
  0
LWPOLYLINE
  5
1270
  100
AcDbEntity
  8
Top-Silkscreen-Layer
  100
AcDbPolyline
  90
2
  70
0
  43
0.15240030480060962
  10
75.29923799847599
  20
60.47772415544832
  10
74.34036068072136
  20
60.47772415544832
  0
LWPOLYLINE
  5
1271
  100
AcDbEntity
  8
Top-Silkscreen-Layer
  100
AcDbPolyline
  90
2
  70
0
  43
0.15240030480060962
  10
73.48793497586995
  20
59.15651511303024
  10
72.52905765811532
  20
59.15651511303024
  0
LWPOLYLINE
  5
1272
  100
AcDbEntity
  8
Top-Silkscreen-Layer
  100
AcDbPolyline
  90
2
  70
0
  43
0.15240030480060962
  10
72.52905765811532
  20
59.15651511303024
  10
72.52905765811532
  20
60.47772415544832
  0
LWPOLYLINE
  5
1273
  100
AcDbEntity
  8
Top-Silkscreen-Layer
  100
AcDbPolyline
  90
2
  70
0
  43
0.15240030480060962
  10
72.52905765811532
  20
60.47772415544832
  10
73.48793497586995
  20
60.47772415544832
  0
LWPOLYLINE
  5
1283
  100
AcDbEntity
  8
Top-Silkscreen-Layer
  100
AcDbPolyline
  90
2
  70
0
  43
0.15240030480060962
  10
73.95935991871984
  20
55.4735077470155
  10
74.91823723647447
  20
55.4735077470155
  0
LWPOLYLINE
  5
1284
  100
AcDbEntity
  8
Top-Silkscreen-Layer
  100
AcDbPolyline
  90
2
  70
0
  43
0.15240030480060962
  10
74.91823723647447
  20
55.4735077470155
  10
74.91823723647447
  20
56.79471678943359
  0
LWPOLYLINE
  5
1285
  100
AcDbEntity
  8
Top-Silkscreen-Layer
  100
AcDbPolyline
  90
2
  70
0
  43
0.15240030480060962
  10
74.91823723647447
  20
56.79471678943359
  10
73.95935991871984
  20
56.79471678943359
  0
LWPOLYLINE
  5
1286
  100
AcDbEntity
  8
Top-Silkscreen-Layer
  100
AcDbPolyline
  90
2
  70
0
  43
0.15240030480060962
  10
73.10693421386843
  20
55.4735077470155
  10
72.1480568961138
  20
55.4735077470155
  0
LWPOLYLINE
  5
1287
  100
AcDbEntity
  8
Top-Silkscreen-Layer
  100
AcDbPolyline
  90
2
  70
0
  43
0.15240030480060962
  10
72.1480568961138
  20
55.4735077470155
  10
72.1480568961138
  20
56.79471678943359
  0
LWPOLYLINE
  5
1288
  100
AcDbEntity
  8
Top-Silkscreen-Layer
  100
AcDbPolyline
  90
2
  70
0
  43
0.15240030480060962
  10
72.1480568961138
  20
56.79471678943359
  10
73.10693421386843
  20
56.79471678943359
  0
TEXT
  5
2087
  100
AcDbEntity
  8
Top-Silkscreen-Layer
  7
default
  461
0.7
  100
AcDbText
  10
84.70916941833885
  20
61.34112268224537
  11
84.70916941833885
  21
61.34112268224537
  40
0.7000000000000022
  1
+
  50
270
  71
1
  72
0
  41
1.1
  100
AcDbText
  73
1
  0
TEXT
  5
2088
  100
AcDbEntity
  8
Top-Silkscreen-Layer
  7
Times New Roman
  461
0.42000000000000004
  100
AcDbText
  10
90.67818135636271
  20
58.166116332232676
  11
90.67818135636271
  21
58.166116332232676
  40
0.4658181818181813
  1
5V
  50
0
  71
1
  72
0
  41
1.1
  100
AcDbText
  73
1
  0
TEXT
  5
2089
  100
AcDbEntity
  8
Top-Silkscreen-Layer
  7
default
  461
0.7
  100
AcDbText
  10
87.50317500635002
  20
55.11811023622048
  11
87.50317500635002
  21
55.11811023622048
  40
0.6999999999999996
  1
+
  50
0
  71
1
  72
0
  41
1.1
  100
AcDbText
  73
1
  0
TEXT
  5
2090
  100
AcDbEntity
  8
Top-Silkscreen-Layer
  7
default
  461
0.7
  100
AcDbText
  10
88.13817627635255
  20
56.76911353822709
  11
88.13817627635255
  21
56.76911353822709
  40
0.7000000000000022
  1
-
  50
90
  71
1
  72
0
  41
1.1
  100
AcDbText
  73
1
  0
TEXT
  5
2091
  100
AcDbEntity
  8
Top-Silkscreen-Layer
  7
default
  461
0.35
  100
AcDbText
  10
74.29514859029719
  20
47.11709423418847
  11
74.29514859029719
  21
47.11709423418847
  40
0.3500000000000011
  1
Switch
  50
0
  71
1
  72
0
  41
1.1
  100
AcDbText
  73
1
  0
TEXT
  5
2092
  100
AcDbEntity
  8
Top-Silkscreen-Layer
  7
Times New Roman
  461
0.42000000000000004
  100
AcDbText
  10
88.13817627635255
  20
50.29210058420117
  11
88.13817627635255
  21
50.29210058420117
  40
0.4658181818181813
  1
HiLetgo
  50
0
  71
1
  72
0
  41
1.1
  100
AcDbText
  73
1
  0
TEXT
  5
2093
  100
AcDbEntity
  8
Top-Silkscreen-Layer
  7
default
  461
0.7
  100
AcDbText
  10
86.23317246634493
  20
47.625095250190505
  11
86.23317246634493
  21
47.625095250190505
  40
0.7000000000000022
  1
-
  50
90
  71
1
  72
0
  41
1.1
  100
AcDbText
  73
1
  0
TEXT
  5
2094
  100
AcDbEntity
  8
Top-Silkscreen-Layer
  7
default
  461
0.7
  100
AcDbText
  10
65.78613157226316
  20
44.57708915417831
  11
65.78613157226316
  21
44.57708915417831
  40
0.7000000000000022
  1
+
  50
90
  71
1
  72
0
  41
1.1
  100
AcDbText
  73
1
  0
TEXT
  5
2095
  100
AcDbEntity
  8
Top-Silkscreen-Layer
  7
default
  461
0.7
  100
AcDbText
  10
65.02413004826009
  20
47.49809499619
  11
65.02413004826009
  21
47.49809499619
  40
0.7000000000000022
  1
-
  50
90
  71
1
  72
0
  41
1.1
  100
AcDbText
  73
1
  0
TEXT
  5
2096
  100
AcDbEntity
  8
Top-Silkscreen-Layer
  7
default
  461
0.7
  100
AcDbText
  10
84.20116840233682
  20
44.19608839217679
  11
84.20116840233682
  21
44.19608839217679
  40
0.7000000000000022
  1
+
  50
0
  71
1
  72
0
  41
1.1
  100
AcDbText
  73
1
  0
TEXT
  5
2097
  100
AcDbEntity
  8
Top-Silkscreen-Layer
  7
Times New Roman
  461
0.42000000000000004
  100
AcDbText
  10
57.91211582423166
  20
65.53213106426213
  11
57.91211582423166
  21
65.53213106426213
  40
0.4658181818181813
  1
Mic 3.3V
  50
0
  71
1
  72
0
  41
1.1
  100
AcDbText
  73
1
  0
TEXT
  5
2098
  100
AcDbEntity
  8
Top-Silkscreen-Layer
  7
default
  461
0.7
  100
AcDbText
  10
85.21717043434087
  20
64.13512827025656
  11
85.21717043434087
  21
64.13512827025656
  40
0.7000000000000022
  1
-
  50
270
  71
1
  72
0
  41
1.1
  100
AcDbText
  73
1
  0
TEXT
  5
2099
  100
AcDbEntity
  8
Top-Silkscreen-Layer
  7
Times New Roman
  461
0.42000000000000004
  100
AcDbText
  10
59.05511811023622
  20
50.29210058420117
  11
59.05511811023622
  21
50.29210058420117
  40
0.4658181818181813
  1
Battery
  50
0
  71
1
  72
0
  41
1.1
  100
AcDbText
  73
1
  0
TEXT
  5
2100
  100
AcDbEntity
  8
Top-Silkscreen-Layer
  7
Times New Roman
  461
0.42000000000000004
  100
AcDbText
  10
86.74117348234698
  20
58.166116332232676
  11
86.74117348234698
  21
58.166116332232676
  40
0.4658181818181813
  1
HiLetgo
  50
0
  71
1
  72
0
  41
1.1
  100
AcDbText
  73
1
  0
TEXT
  5
2101
  100
AcDbEntity
  8
Top-Silkscreen-Layer
  7
Times New Roman
  461
0.42000000000000004
  100
AcDbText
  10
58.547117094234196
  20
57.78511557023115
  11
58.547117094234196
  21
57.78511557023115
  40
0.4658181818181813
  1
Bela
  50
0
  71
1
  72
0
  41
1.1
  100
AcDbText
  73
1
  0
TEXT
  5
2102
  100
AcDbEntity
  8
Top-Silkscreen-Layer
  7
Times New Roman
  461
0.42000000000000004
  100
AcDbText
  10
60.452120904241795
  20
57.78511557023115
  11
60.452120904241795
  21
57.78511557023115
  40
0.4658181818181813
  1
5V
  50
0
  71
1
  72
0
  41
1.1
  100
AcDbText
  73
1
  0
TEXT
  5
2103
  100
AcDbEntity
  8
Top-Silkscreen-Layer
  7
Times New Roman
  461
0.42000000000000004
  100
AcDbText
  10
88.64617729235458
  20
66.29413258826519
  11
88.64617729235458
  21
66.29413258826519
  40
0.4658181818181813
  1
3.3V OBCI
  50
0
  71
1
  72
0
  41
1.1
  100
AcDbText
  73
1
  0
TEXT
  5
2104
  100
AcDbEntity
  8
Top-Silkscreen-Layer
  7
Times New Roman
  461
0.49000177800355604
  100
AcDbText
  10
73.2791465582931
  20
58.180481261689806
  11
73.2791465582931
  21
58.180481261689806
  40
0.6469720445501496
  1
R8
  50
0
  71
1
  72
0
  41
1.1
  100
AcDbText
  73
1
  0
TEXT
  5
2105
  100
AcDbEntity
  8
Top-Silkscreen-Layer
  7
Times New Roman
  461
0.49000177800355604
  100
AcDbText
  10
73.2791465582931
  20
57.40411480822962
  11
73.2791465582931
  21
57.40411480822962
  40
0.6469720445501496
  1
10k
  50
0
  71
1
  72
0
  41
1.1
  100
AcDbText
  73
1
  0
TEXT
  5
2106
  100
AcDbEntity
  8
Top-Silkscreen-Layer
  7
Times New Roman
  461
0.49000177800355604
  100
AcDbText
  10
73.2791465582931
  20
54.48310896621794
  11
73.2791465582931
  21
54.48310896621794
  40
0.5434565174221255
  1
R9 100k
  50
0
  71
1
  72
0
  41
1.1
  100
AcDbText
  73
1
  0
TEXT
  5
2107
  100
AcDbEntity
  8
Top-Silkscreen-Layer
  7
Times New Roman
  461
0.42000000000000004
  100
AcDbText
  10
69.08813817627636
  20
53.721107442214894
  11
69.08813817627636
  21
53.721107442214894
  40
0.4658181818181813
  1
C3 10uF
  50
0
  71
1
  72
0
  41
1.1
  100
AcDbText
  73
1
  0
TEXT
  5
2108
  100
AcDbEntity
  8
Top-Silkscreen-Layer
  7
Times New Roman
  461
0.42000000000000004
  100
AcDbText
  10
81.29895859791718
  20
67.69113538227077
  11
81.29895859791718
  21
67.69113538227077
  40
0.4658181818181813
  1
C2 1uF
  50
0
  71
1
  72
0
  41
1.1
  100
AcDbText
  73
1
  0
TEXT
  5
2109
  100
AcDbEntity
  8
Top-Silkscreen-Layer
  7
default
  461
0.8001016002032005
  100
AcDbText
  10
77.8511557023114
  20
65.40513081026162
  11
77.8511557023114
  21
65.40513081026162
  40
0.8001016002032005
  1
LDO
  50
90
  71
1
  72
0
  41
1.1
  100
AcDbText
  73
1
  0
TEXT
  5
2110
  100
AcDbEntity
  8
Top-Silkscreen-Layer
  7
Times New Roman
  461
0.49000177800355604
  100
AcDbText
  10
71.37414274828551
  20
61.97612395224792
  11
71.37414274828551
  21
61.97612395224792
  40
0.5434565174221255
  1
MOSFET
  50
0
  71
1
  72
0
  41
1.1
  100
AcDbText
  73
1
  0
LWPOLYLINE
  5
2111
  100
AcDbEntity
  8
Top-Silkscreen-Layer
  100
AcDbPolyline
  90
2
  70
0
  43
0.25400050800101603
  10
57.04610109220219
  20
58.84912369824741
  10
57.04610109220219
  20
64.84912369824741
  0
LWPOLYLINE
  5
2112
  100
AcDbEntity
  8
Top-Silkscreen-Layer
  100
AcDbPolyline
  90
2
  70
0
  43
0.25400050800101603
  10
57.04610109220219
  20
58.84912369824741
  10
64.64615189230379
  20
58.84912369824741
  0
LWPOLYLINE
  5
2113
  100
AcDbEntity
  8
Top-Silkscreen-Layer
  100
AcDbPolyline
  90
2
  70
0
  43
0.25400050800101603
  10
64.64615189230379
  20
64.84912369824741
  10
57.08709677419354
  20
64.84912369824741
  0
LWPOLYLINE
  5
2114
  100
AcDbEntity
  8
Top-Silkscreen-Layer
  100
AcDbPolyline
  90
3
  70
0
  43
0.25400050800101603
  10
64.64615189230379
  20
58.84912369824741
  10
64.64615189230379
  20
59.84912369824741
  10
63.04612649225298
  20
59.84912369824741
  0
LWPOLYLINE
  5
2115
  100
AcDbEntity
  8
Top-Silkscreen-Layer
  100
AcDbPolyline
  90
3
  70
0
  43
0.25400050800101603
  10
64.64610109220219
  20
64.8490728981458
  10
64.64610109220219
  20
63.849072898145806
  10
63.04612649225298
  20
63.849072898145806
  0
LWPOLYLINE
  5
2116
  100
AcDbEntity
  8
Top-Silkscreen-Layer
  100
AcDbPolyline
  90
4
  70
0
  43
0.25400050800101603
  10
63.04612649225298
  20
59.84912369824741
  10
59.24610109220218
  20
59.84912369824741
  10
59.24610109220218
  20
60.44914909829821
  10
63.04612649225298
  20
60.44914909829821
  0
LWPOLYLINE
  5
2117
  100
AcDbEntity
  8
Top-Silkscreen-Layer
  100
AcDbPolyline
  90
4
  70
0
  43
0.25400050800101603
  10
63.04612649225298
  20
63.24909829819661
  10
59.24610109220218
  20
63.24909829819661
  10
59.24610109220218
  20
63.8491236982474
  10
63.04612649225298
  20
63.8491236982474
  0
LWPOLYLINE
  5
2118
  100
AcDbEntity
  8
Top-Silkscreen-Layer
  100
AcDbPolyline
  90
4
  70
0
  43
0.25400050800101603
  10
57.04610109220219
  20
60.84912369824741
  10
61.34612649225299
  20
60.84912369824741
  10
61.34612649225299
  20
62.8491236982474
  10
57.1460756921514
  20
62.8491236982474
  0
LWPOLYLINE
  5
2119
  100
AcDbEntity
  8
Top-Silkscreen-Layer
  100
AcDbPolyline
  90
2
  70
0
  43
0.25400050800101603
  10
63.04612649225298
  20
59.84912369824741
  10
63.04612649225298
  20
59.86797053594108
  0
LWPOLYLINE
  5
2120
  100
AcDbEntity
  8
Top-Silkscreen-Layer
  100
AcDbPolyline
  90
2
  70
0
  43
0.25400050800101603
  10
63.04612649225298
  20
61.83027686055373
  10
63.04612649225298
  20
61.86797053594108
  0
LWPOLYLINE
  5
2121
  100
AcDbEntity
  8
Top-Silkscreen-Layer
  100
AcDbPolyline
  90
2
  70
0
  43
0.25400050800101603
  10
63.04612649225298
  20
63.83027686055373
  10
63.04612649225298
  20
63.849072898145806
  0
LWPOLYLINE
  5
2133
  100
AcDbEntity
  8
Top-Silkscreen-Layer
  100
AcDbPolyline
  90
2
  70
0
  43
0.25400050800101603
  10
93.06819913639826
  20
65.73812547625096
  10
93.06819913639826
  20
59.73812547625096
  0
LWPOLYLINE
  5
2134
  100
AcDbEntity
  8
Top-Silkscreen-Layer
  100
AcDbPolyline
  90
2
  70
0
  43
0.25400050800101603
  10
93.06819913639826
  20
65.73812547625096
  10
85.4681483362967
  20
65.73812547625096
  0
LWPOLYLINE
  5
2135
  100
AcDbEntity
  8
Top-Silkscreen-Layer
  100
AcDbPolyline
  90
2
  70
0
  43
0.25400050800101603
  10
85.4681483362967
  20
59.738125476250964
  10
93.02720345440692
  20
59.73812547625096
  0
LWPOLYLINE
  5
2136
  100
AcDbEntity
  8
Top-Silkscreen-Layer
  100
AcDbPolyline
  90
3
  70
0
  43
0.25400050800101603
  10
85.4681483362967
  20
65.73812547625096
  10
85.4681483362967
  20
64.73812547625096
  10
87.06817373634748
  20
64.73812547625096
  0
LWPOLYLINE
  5
2137
  100
AcDbEntity
  8
Top-Silkscreen-Layer
  100
AcDbPolyline
  90
3
  70
0
  43
0.25400050800101603
  10
85.46819913639827
  20
59.73817627635256
  10
85.46819913639827
  20
60.73817627635256
  10
87.06817373634748
  20
60.73817627635256
  0
LWPOLYLINE
  5
2138
  100
AcDbEntity
  8
Top-Silkscreen-Layer
  100
AcDbPolyline
  90
4
  70
0
  43
0.25400050800101603
  10
87.06817373634748
  20
64.73812547625096
  10
90.86819913639827
  20
64.73812547625096
  10
90.86819913639827
  20
64.13810007620016
  10
87.06817373634748
  20
64.13810007620016
  0
LWPOLYLINE
  5
2139
  100
AcDbEntity
  8
Top-Silkscreen-Layer
  100
AcDbPolyline
  90
4
  70
0
  43
0.25400050800101603
  10
87.06817373634748
  20
61.33815087630176
  10
90.86819913639827
  20
61.33815087630176
  10
90.86819913639827
  20
60.73812547625096
  10
87.06817373634748
  20
60.738125476250964
  0
LWPOLYLINE
  5
2140
  100
AcDbEntity
  8
Top-Silkscreen-Layer
  100
AcDbPolyline
  90
4
  70
0
  43
0.25400050800101603
  10
93.06819913639826
  20
63.73812547625096
  10
88.76817373634749
  20
63.73812547625096
  10
88.76817373634746
  20
61.738125476250964
  10
92.96822453644909
  20
61.738125476250964
  0
LWPOLYLINE
  5
2141
  100
AcDbEntity
  8
Top-Silkscreen-Layer
  100
AcDbPolyline
  90
2
  70
0
  43
0.25400050800101603
  10
87.06817373634748
  20
64.73812547625096
  10
87.06817373634748
  20
64.71927863855728
  0
LWPOLYLINE
  5
2142
  100
AcDbEntity
  8
Top-Silkscreen-Layer
  100
AcDbPolyline
  90
2
  70
0
  43
0.25400050800101603
  10
87.06817373634748
  20
62.75697231394464
  10
87.06817373634748
  20
62.719278638557284
  0
LWPOLYLINE
  5
2143
  100
AcDbEntity
  8
Top-Silkscreen-Layer
  100
AcDbPolyline
  90
2
  70
0
  43
0.25400050800101603
  10
87.06817373634748
  20
60.75697231394464
  10
87.06817373634748
  20
60.73817627635256
  0
LWPOLYLINE
  5
2155
  100
AcDbEntity
  8
Top-Silkscreen-Layer
  100
AcDbPolyline
  90
2
  70
0
  43
0.25400050800101603
  10
57.04610109220219
  20
51.356108712217434
  10
57.04610109220219
  20
57.356108712217434
  0
LWPOLYLINE
  5
2156
  100
AcDbEntity
  8
Top-Silkscreen-Layer
  100
AcDbPolyline
  90
2
  70
0
  43
0.25400050800101603
  10
57.04610109220219
  20
51.356108712217434
  10
64.64615189230379
  20
51.356108712217434
  0
LWPOLYLINE
  5
2157
  100
AcDbEntity
  8
Top-Silkscreen-Layer
  100
AcDbPolyline
  90
2
  70
0
  43
0.25400050800101603
  10
64.64615189230379
  20
57.356108712217434
  10
57.08709677419354
  20
57.356108712217434
  0
LWPOLYLINE
  5
2158
  100
AcDbEntity
  8
Top-Silkscreen-Layer
  100
AcDbPolyline
  90
3
  70
0
  43
0.25400050800101603
  10
64.64615189230379
  20
51.356108712217434
  10
64.64615189230379
  20
52.356108712217434
  10
63.04612649225298
  20
52.356108712217434
  0
LWPOLYLINE
  5
2159
  100
AcDbEntity
  8
Top-Silkscreen-Layer
  100
AcDbPolyline
  90
3
  70
0
  43
0.25400050800101603
  10
64.64610109220219
  20
57.35605791211583
  10
64.64610109220219
  20
56.35605791211583
  10
63.04612649225298
  20
56.35605791211583
  0
LWPOLYLINE
  5
2160
  100
AcDbEntity
  8
Top-Silkscreen-Layer
  100
AcDbPolyline
  90
4
  70
0
  43
0.25400050800101603
  10
63.04612649225298
  20
52.356108712217434
  10
59.24610109220218
  20
52.356108712217434
  10
59.24610109220218
  20
52.95613411226823
  10
63.04612649225298
  20
52.95613411226823
  0
LWPOLYLINE
  5
2161
  100
AcDbEntity
  8
Top-Silkscreen-Layer
  100
AcDbPolyline
  90
4
  70
0
  43
0.25400050800101603
  10
63.04612649225298
  20
55.75608331216664
  10
59.24610109220218
  20
55.75608331216664
  10
59.24610109220218
  20
56.356108712217434
  10
63.04612649225298
  20
56.356108712217434
  0
LWPOLYLINE
  5
2162
  100
AcDbEntity
  8
Top-Silkscreen-Layer
  100
AcDbPolyline
  90
4
  70
0
  43
0.25400050800101603
  10
57.04610109220219
  20
53.356108712217434
  10
61.34612649225299
  20
53.356108712217434
  10
61.34612649225299
  20
55.356108712217434
  10
57.1460756921514
  20
55.356108712217434
  0
LWPOLYLINE
  5
2163
  100
AcDbEntity
  8
Top-Silkscreen-Layer
  100
AcDbPolyline
  90
2
  70
0
  43
0.25400050800101603
  10
63.04612649225298
  20
52.356108712217434
  10
63.04612649225298
  20
52.37495554991111
  0
LWPOLYLINE
  5
2164
  100
AcDbEntity
  8
Top-Silkscreen-Layer
  100
AcDbPolyline
  90
2
  70
0
  43
0.25400050800101603
  10
63.04612649225298
  20
54.337261874523755
  10
63.04612649225298
  20
54.37495554991111
  0
LWPOLYLINE
  5
2165
  100
AcDbEntity
  8
Top-Silkscreen-Layer
  100
AcDbPolyline
  90
2
  70
0
  43
0.25400050800101603
  10
63.04612649225298
  20
56.33726187452376
  10
63.04612649225298
  20
56.35605791211583
  0
LWPOLYLINE
  5
2177
  100
AcDbEntity
  8
Top-Silkscreen-Layer
  100
AcDbPolyline
  90
2
  70
0
  43
0.25400050800101603
  10
93.19519939039877
  20
57.737109474218954
  10
93.19519939039877
  20
51.73710947421896
  0
LWPOLYLINE
  5
2178
  100
AcDbEntity
  8
Top-Silkscreen-Layer
  100
AcDbPolyline
  90
2
  70
0
  43
0.25400050800101603
  10
93.19519939039877
  20
57.737109474218954
  10
85.5951485902972
  20
57.737109474218954
  0
LWPOLYLINE
  5
2179
  100
AcDbEntity
  8
Top-Silkscreen-Layer
  100
AcDbPolyline
  90
2
  70
0
  43
0.25400050800101603
  10
85.5951485902972
  20
51.73710947421896
  10
93.15420370840742
  20
51.73710947421896
  0
LWPOLYLINE
  5
2180
  100
AcDbEntity
  8
Top-Silkscreen-Layer
  100
AcDbPolyline
  90
3
  70
0
  43
0.25400050800101603
  10
85.5951485902972
  20
57.737109474218954
  10
85.5951485902972
  20
56.737109474218954
  10
87.19517399034801
  20
56.737109474218954
  0
LWPOLYLINE
  5
2181
  100
AcDbEntity
  8
Top-Silkscreen-Layer
  100
AcDbPolyline
  90
3
  70
0
  43
0.25400050800101603
  10
85.59519939039878
  20
51.73716027432056
  10
85.59519939039878
  20
52.73716027432056
  10
87.19517399034801
  20
52.73716027432056
  0
LWPOLYLINE
  5
2182
  100
AcDbEntity
  8
Top-Silkscreen-Layer
  100
AcDbPolyline
  90
4
  70
0
  43
0.25400050800101603
  10
87.19517399034801
  20
56.737109474218954
  10
90.99519939039878
  20
56.737109474218954
  10
90.99519939039878
  20
56.13708407416816
  10
87.19517399034801
  20
56.13708407416816
  0
LWPOLYLINE
  5
2183
  100
AcDbEntity
  8
Top-Silkscreen-Layer
  100
AcDbPolyline
  90
4
  70
0
  43
0.25400050800101603
  10
87.19517399034801
  20
53.33713487426975
  10
90.99519939039878
  20
53.33713487426975
  10
90.99519939039878
  20
52.737109474218954
  10
87.19517399034801
  20
52.737109474218954
  0
LWPOLYLINE
  5
2184
  100
AcDbEntity
  8
Top-Silkscreen-Layer
  100
AcDbPolyline
  90
4
  70
0
  43
0.25400050800101603
  10
93.19519939039877
  20
55.737109474218954
  10
88.895173990348
  20
55.737109474218954
  10
88.89517399034797
  20
53.737109474218954
  10
93.09522479044959
  20
53.737109474218954
  0
LWPOLYLINE
  5
2185
  100
AcDbEntity
  8
Top-Silkscreen-Layer
  100
AcDbPolyline
  90
2
  70
0
  43
0.25400050800101603
  10
87.19517399034801
  20
56.737109474218954
  10
87.19517399034801
  20
56.71826263652528
  0
LWPOLYLINE
  5
2186
  100
AcDbEntity
  8
Top-Silkscreen-Layer
  100
AcDbPolyline
  90
2
  70
0
  43
0.25400050800101603
  10
87.19517399034801
  20
54.755956311912634
  10
87.19517399034801
  20
54.71826263652528
  0
LWPOLYLINE
  5
2187
  100
AcDbEntity
  8
Top-Silkscreen-Layer
  100
AcDbPolyline
  90
2
  70
0
  43
0.25400050800101603
  10
87.19517399034801
  20
52.75595631191263
  10
87.19517399034801
  20
52.73716027432056
  0
LWPOLYLINE
  5
2199
  100
AcDbEntity
  8
Top-Silkscreen-Layer
  100
AcDbPolyline
  90
2
  70
0
  43
0.25400050800101603
  10
93.06819913639826
  20
49.990093980187964
  10
93.06819913639826
  20
43.990093980187964
  0
LWPOLYLINE
  5
2200
  100
AcDbEntity
  8
Top-Silkscreen-Layer
  100
AcDbPolyline
  90
2
  70
0
  43
0.25400050800101603
  10
93.06819913639826
  20
49.990093980187964
  10
85.4681483362967
  20
49.990093980187964
  0
LWPOLYLINE
  5
2201
  100
AcDbEntity
  8
Top-Silkscreen-Layer
  100
AcDbPolyline
  90
2
  70
0
  43
0.25400050800101603
  10
85.4681483362967
  20
43.990093980187964
  10
93.02720345440692
  20
43.990093980187964
  0
LWPOLYLINE
  5
2202
  100
AcDbEntity
  8
Top-Silkscreen-Layer
  100
AcDbPolyline
  90
3
  70
0
  43
0.25400050800101603
  10
85.4681483362967
  20
49.990093980187964
  10
85.4681483362967
  20
48.990093980187964
  10
87.06817373634748
  20
48.990093980187964
  0
LWPOLYLINE
  5
2203
  100
AcDbEntity
  8
Top-Silkscreen-Layer
  100
AcDbPolyline
  90
3
  70
0
  43
0.25400050800101603
  10
85.46819913639827
  20
43.99014478028956
  10
85.46819913639827
  20
44.99014478028957
  10
87.06817373634748
  20
44.99014478028957
  0
LWPOLYLINE
  5
2204
  100
AcDbEntity
  8
Top-Silkscreen-Layer
  100
AcDbPolyline
  90
4
  70
0
  43
0.25400050800101603
  10
87.06817373634748
  20
48.990093980187964
  10
90.86819913639827
  20
48.990093980187964
  10
90.86819913639827
  20
48.39006858013716
  10
87.06817373634748
  20
48.39006858013716
  0
LWPOLYLINE
  5
2205
  100
AcDbEntity
  8
Top-Silkscreen-Layer
  100
AcDbPolyline
  90
4
  70
0
  43
0.25400050800101603
  10
87.06817373634748
  20
45.59011938023877
  10
90.86819913639827
  20
45.59011938023877
  10
90.86819913639827
  20
44.990093980187964
  10
87.06817373634748
  20
44.990093980187964
  0
LWPOLYLINE
  5
2206
  100
AcDbEntity
  8
Top-Silkscreen-Layer
  100
AcDbPolyline
  90
4
  70
0
  43
0.25400050800101603
  10
93.06819913639826
  20
47.99009398018796
  10
88.76817373634749
  20
47.990093980187964
  10
88.76817373634746
  20
45.990093980187964
  10
92.96822453644909
  20
45.990093980187964
  0
LWPOLYLINE
  5
2207
  100
AcDbEntity
  8
Top-Silkscreen-Layer
  100
AcDbPolyline
  90
2
  70
0
  43
0.25400050800101603
  10
87.06817373634748
  20
48.990093980187964
  10
87.06817373634748
  20
48.97124714249429
  0
LWPOLYLINE
  5
2208
  100
AcDbEntity
  8
Top-Silkscreen-Layer
  100
AcDbPolyline
  90
2
  70
0
  43
0.25400050800101603
  10
87.06817373634748
  20
47.00894081788164
  10
87.06817373634748
  20
46.97124714249429
  0
LWPOLYLINE
  5
2209
  100
AcDbEntity
  8
Top-Silkscreen-Layer
  100
AcDbPolyline
  90
2
  70
0
  43
0.25400050800101603
  10
87.06817373634748
  20
45.00894081788164
  10
87.06817373634748
  20
44.99014478028957
  0
LWPOLYLINE
  5
2221
  100
AcDbEntity
  8
Top-Silkscreen-Layer
  100
AcDbPolyline
  90
2
  70
0
  43
0.25400050800101603
  10
57.04610109220219
  20
43.86309372618745
  10
57.04610109220219
  20
49.86309372618746
  0
LWPOLYLINE
  5
2222
  100
AcDbEntity
  8
Top-Silkscreen-Layer
  100
AcDbPolyline
  90
2
  70
0
  43
0.25400050800101603
  10
57.04610109220219
  20
43.86309372618745
  10
64.64615189230379
  20
43.86309372618745
  0
LWPOLYLINE
  5
2223
  100
AcDbEntity
  8
Top-Silkscreen-Layer
  100
AcDbPolyline
  90
2
  70
0
  43
0.25400050800101603
  10
64.64615189230379
  20
49.86309372618746
  10
57.08709677419354
  20
49.86309372618746
  0
LWPOLYLINE
  5
2224
  100
AcDbEntity
  8
Top-Silkscreen-Layer
  100
AcDbPolyline
  90
3
  70
0
  43
0.25400050800101603
  10
64.64615189230379
  20
43.86309372618745
  10
64.64615189230379
  20
44.86309372618746
  10
63.04612649225298
  20
44.86309372618746
  0
LWPOLYLINE
  5
2225
  100
AcDbEntity
  8
Top-Silkscreen-Layer
  100
AcDbPolyline
  90
3
  70
0
  43
0.25400050800101603
  10
64.64610109220219
  20
49.86304292608585
  10
64.64610109220219
  20
48.86304292608585
  10
63.04612649225298
  20
48.86304292608585
  0
LWPOLYLINE
  5
2226
  100
AcDbEntity
  8
Top-Silkscreen-Layer
  100
AcDbPolyline
  90
4
  70
0
  43
0.25400050800101603
  10
63.04612649225298
  20
44.86309372618746
  10
59.24610109220218
  20
44.86309372618746
  10
59.24610109220218
  20
45.46311912623826
  10
63.04612649225298
  20
45.46311912623826
  0
LWPOLYLINE
  5
2227
  100
AcDbEntity
  8
Top-Silkscreen-Layer
  100
AcDbPolyline
  90
4
  70
0
  43
0.25400050800101603
  10
63.04612649225298
  20
48.263068326136654
  10
59.24610109220218
  20
48.263068326136654
  10
59.24610109220218
  20
48.86309372618746
  10
63.04612649225298
  20
48.86309372618746
  0
LWPOLYLINE
  5
2228
  100
AcDbEntity
  8
Top-Silkscreen-Layer
  100
AcDbPolyline
  90
4
  70
0
  43
0.25400050800101603
  10
57.04610109220219
  20
45.86309372618745
  10
61.34612649225299
  20
45.86309372618745
  10
61.34612649225299
  20
47.86309372618746
  10
57.1460756921514
  20
47.86309372618746
  0
LWPOLYLINE
  5
2229
  100
AcDbEntity
  8
Top-Silkscreen-Layer
  100
AcDbPolyline
  90
2
  70
0
  43
0.25400050800101603
  10
63.04612649225298
  20
44.86309372618746
  10
63.04612649225298
  20
44.88194056388113
  0
LWPOLYLINE
  5
2230
  100
AcDbEntity
  8
Top-Silkscreen-Layer
  100
AcDbPolyline
  90
2
  70
0
  43
0.25400050800101603
  10
63.04612649225298
  20
46.844246888493785
  10
63.04612649225298
  20
46.88194056388113
  0
LWPOLYLINE
  5
2231
  100
AcDbEntity
  8
Top-Silkscreen-Layer
  100
AcDbPolyline
  90
2
  70
0
  43
0.25400050800101603
  10
63.04612649225298
  20
48.844246888493785
  10
63.04612649225298
  20
48.86304292608585
  0
LWPOLYLINE
  5
2243
  100
AcDbEntity
  8
Top-Silkscreen-Layer
  100
AcDbPolyline
  90
2
  70
0
  43
0.25400050800101603
  10
76.05715011430023
  20
37.815087630175256
  10
76.05715011430023
  20
43.81508763017526
  0
LWPOLYLINE
  5
2244
  100
AcDbEntity
  8
Top-Silkscreen-Layer
  100
AcDbPolyline
  90
2
  70
0
  43
0.25400050800101603
  10
74.05715011430023
  20
37.815087630175256
  10
74.05715011430023
  20
43.81508763017526
  0
LWPOLYLINE
  5
2245
  100
AcDbEntity
  8
Top-Silkscreen-Layer
  100
AcDbPolyline
  90
2
  70
0
  43
0.25400050800101603
  10
74.05715011430023
  20
37.815087630175256
  10
76.05715011430023
  20
37.815087630175256
  0
LWPOLYLINE
  5
2246
  100
AcDbEntity
  8
Top-Silkscreen-Layer
  100
AcDbPolyline
  90
2
  70
0
  43
0.25400050800101603
  10
68.70716281432563
  20
48.24439928879858
  10
68.70716281432563
  20
48.51409702819406
  0
LWPOLYLINE
  5
2247
  100
AcDbEntity
  8
Top-Silkscreen-Layer
  100
AcDbPolyline
  90
4
  70
0
  43
0.25400050800101603
  10
81.40716281432564
  20
46.24378968757938
  10
81.40716281432564
  20
43.81508763017526
  10
68.70716281432563
  20
43.81508763017526
  10
68.70716281432563
  20
46.24378968757938
  0
LWPOLYLINE
  5
2248
  100
AcDbEntity
  8
Top-Silkscreen-Layer
  100
AcDbPolyline
  90
4
  70
0
  43
0.25400050800101603
  10
68.70716281432563
  20
48.895097790195585
  10
68.70716281432563
  20
50.6731013462027
  10
81.40716281432564
  20
50.6731013462027
  10
81.40716281432564
  20
48.24439928879858
  0
LWPOLYLINE
  5
2249
  100
AcDbEntity
  8
Top-Silkscreen-Layer
  100
AcDbPolyline
  90
2
  70
0
  43
0.25400050800101603
  10
68.70716281432563
  20
48.895097790195585
  10
68.70716281432563
  20
48.51409702819406
  0
LWPOLYLINE
  5
2250
  100
AcDbEntity
  8
Top-Silkscreen-Layer
  100
AcDbPolyline
  90
2
  70
0
  43
0.25400050800101603
  10
81.40716281432564
  20
49.1490982981966
  10
81.40716281432564
  20
48.641097282194565
  0
LWPOLYLINE
  5
2252
  100
AcDbEntity
  8
Top-Silkscreen-Layer
  100
AcDbPolyline
  90
3
  70
0
  43
0.15240030480060962
  10
74.61663703327407
  20
69.50944881889765
  10
71.96426212852425
  20
69.50944881889765
  10
71.96426212852425
  20
68.36062992125986
  0
LWPOLYLINE
  5
2253
  100
AcDbEntity
  8
Top-Silkscreen-Layer
  100
AcDbPolyline
  90
3
  70
0
  43
0.15240030480060962
  10
74.61663703327407
  20
64.85707391414783
  10
71.96426212852425
  20
64.85707391414783
  10
71.96426212852425
  20
66.00589281178563
  0
LWPOLYLINE
  5
2266
  100
AcDbEntity
  8
Top-Silkscreen-Layer
  100
AcDbPolyline
  90
3
  70
0
  43
0.15240030480060962
  10
70.32235204470409
  20
64.01033782067566
  10
68.86992633985268
  20
64.01033782067566
  10
68.86992633985268
  20
62.97871475742952
  0
LWPOLYLINE
  5
2267
  100
AcDbEntity
  8
Top-Silkscreen-Layer
  100
AcDbPolyline
  90
3
  70
0
  43
0.15240030480060962
  10
70.32235204470409
  20
60.95791211582424
  10
68.86992633985268
  20
60.95791211582424
  10
68.86992633985268
  20
61.98953517907037
  0
LWPOLYLINE
  5
2268
  100
AcDbEntity
  8
Top-Silkscreen-Layer
  100
AcDbPolyline
  90
2
  70
0
  43
0.15240030480060962
  10
70.32235204470409
  20
62.93952247904497
  10
70.32235204470409
  20
62.02872745745492
  0
LWPOLYLINE
  5
2287
  100
AcDbEntity
  8
Top-Silkscreen-Layer
  100
AcDbPolyline
  90
2
  70
0
  43
0.15240030480060962
  10
67.82860045720092
  20
52.8727203454407
  10
67.82860045720092
  20
53.3727203454407
  0
LWPOLYLINE
  5
2288
  100
AcDbEntity
  8
Top-Silkscreen-Layer
  100
AcDbPolyline
  90
2
  70
0
  43
0.15240030480060962
  10
68.67338074676151
  20
52.72029464058929
  10
67.98097536195074
  20
52.72029464058929
  0
LWPOLYLINE
  5
2289
  100
AcDbEntity
  8
Top-Silkscreen-Layer
  100
AcDbPolyline
  90
2
  70
0
  43
0.15240030480060962
  10
68.82578105156209
  20
53.3727203454407
  10
68.82578105156209
  20
52.8727203454407
  0
LWPOLYLINE
  5
2290
  100
AcDbEntity
  8
Top-Silkscreen-Layer
  100
AcDbPolyline
  90
2
  70
0
  43
0.15240030480060962
  10
68.8236474472949
  20
54.31549403098808
  10
68.8236474472949
  20
53.81549403098807
  0
LWPOLYLINE
  5
2291
  100
AcDbEntity
  8
Top-Silkscreen-Layer
  100
AcDbPolyline
  90
2
  70
0
  43
0.15240030480060962
  10
67.82651765303531
  20
53.81549403098807
  10
67.82651765303531
  20
54.31549403098808
  0
LWPOLYLINE
  5
2292
  100
AcDbEntity
  8
Top-Silkscreen-Layer
  100
AcDbPolyline
  90
2
  70
0
  43
0.15240030480060962
  10
67.97886715773431
  20
54.46791973583948
  10
68.67129794259587
  20
54.46791973583948
  0
LWPOLYLINE
  5
2293
  100
AcDbEntity
  8
Top-Silkscreen-Layer
  100
AcDbPolyline
  90
2
  70
0
  43
0.15240030480060962
  10
67.8264922529845
  20
54.31549403098808
  42
-0.414
  10
67.9788925577851
  20
54.467894335788685
  0
LWPOLYLINE
  5
2294
  100
AcDbEntity
  8
Top-Silkscreen-Layer
  100
AcDbPolyline
  90
2
  70
0
  43
0.15240030480060962
  10
68.67129794259587
  20
54.467894335788685
  42
-0.414
  10
68.82369824739648
  20
54.31549403098808
  0
LWPOLYLINE
  5
2295
  100
AcDbEntity
  8
Top-Silkscreen-Layer
  100
AcDbPolyline
  90
2
  70
0
  43
0.15240030480060962
  10
68.82578105156212
  20
52.8727203454407
  42
-0.414
  10
68.67338074676151
  20
52.72032004064009
  0
LWPOLYLINE
  5
2296
  100
AcDbEntity
  8
Top-Silkscreen-Layer
  100
AcDbPolyline
  90
2
  70
0
  43
0.15240030480060962
  10
67.98097536195074
  20
52.72032004064009
  42
-0.414
  10
67.82857505715013
  20
52.8727203454407
  0
LWPOLYLINE
  5
2305
  100
AcDbEntity
  8
Top-Silkscreen-Layer
  100
AcDbPolyline
  90
2
  70
0
  43
0.15240030480060962
  10
81.79862839725679
  20
65.82674625349252
  10
81.79862839725679
  20
66.32674625349252
  0
LWPOLYLINE
  5
2306
  100
AcDbEntity
  8
Top-Silkscreen-Layer
  100
AcDbPolyline
  90
2
  70
0
  43
0.15240030480060962
  10
82.64340868681738
  20
65.6743205486411
  10
81.95100330200661
  20
65.6743205486411
  0
LWPOLYLINE
  5
2307
  100
AcDbEntity
  8
Top-Silkscreen-Layer
  100
AcDbPolyline
  90
2
  70
0
  43
0.15240030480060962
  10
82.79580899161799
  20
66.32674625349252
  10
82.79580899161799
  20
65.82674625349252
  0
LWPOLYLINE
  5
2308
  100
AcDbEntity
  8
Top-Silkscreen-Layer
  100
AcDbPolyline
  90
2
  70
0
  43
0.15240030480060962
  10
82.79367538735077
  20
67.2695199390399
  10
82.79367538735077
  20
66.7695199390399
  0
LWPOLYLINE
  5
2309
  100
AcDbEntity
  8
Top-Silkscreen-Layer
  100
AcDbPolyline
  90
2
  70
0
  43
0.15240030480060962
  10
81.79654559309118
  20
66.7695199390399
  10
81.79654559309118
  20
67.2695199390399
  0
LWPOLYLINE
  5
2310
  100
AcDbEntity
  8
Top-Silkscreen-Layer
  100
AcDbPolyline
  90
2
  70
0
  43
0.15240030480060962
  10
81.94889509779019
  20
67.42194564389129
  10
82.64132588265174
  20
67.42194564389129
  0
LWPOLYLINE
  5
2311
  100
AcDbEntity
  8
Top-Silkscreen-Layer
  100
AcDbPolyline
  90
2
  70
0
  43
0.15240030480060962
  10
81.79652019304037
  20
67.2695199390399
  42
-0.414
  10
81.94892049784097
  20
67.4219202438405
  0
LWPOLYLINE
  5
2312
  100
AcDbEntity
  8
Top-Silkscreen-Layer
  100
AcDbPolyline
  90
2
  70
0
  43
0.15240030480060962
  10
82.64132588265174
  20
67.4219202438405
  42
-0.414
  10
82.79372618745238
  20
67.2695199390399
  0
LWPOLYLINE
  5
2313
  100
AcDbEntity
  8
Top-Silkscreen-Layer
  100
AcDbPolyline
  90
2
  70
0
  43
0.15240030480060962
  10
82.79580899161802
  20
65.82674625349252
  42
-0.414
  10
82.64340868681738
  20
65.67434594869191
  0
LWPOLYLINE
  5
2314
  100
AcDbEntity
  8
Top-Silkscreen-Layer
  100
AcDbPolyline
  90
2
  70
0
  43
0.15240030480060962
  10
81.95100330200661
  20
65.67434594869191
  42
-0.414
  10
81.798602997206
  20
65.82674625349252
  0
LWPOLYLINE
  5
2323
  100
AcDbEntity
  8
Top-Silkscreen-Layer
  100
AcDbPolyline
  90
2
  70
0
  43
0.15240030480060962
  10
74.34036068072136
  20
59.15651511303024
  10
75.29923799847599
  20
59.15651511303024
  0
LWPOLYLINE
  5
2324
  100
AcDbEntity
  8
Top-Silkscreen-Layer
  100
AcDbPolyline
  90
2
  70
0
  43
0.15240030480060962
  10
75.29923799847599
  20
59.15651511303024
  10
75.29923799847599
  20
60.47772415544832
  0
LWPOLYLINE
  5
2325
  100
AcDbEntity
  8
Top-Silkscreen-Layer
  100
AcDbPolyline
  90
2
  70
0
  43
0.15240030480060962
  10
75.29923799847599
  20
60.47772415544832
  10
74.34036068072136
  20
60.47772415544832
  0
LWPOLYLINE
  5
2326
  100
AcDbEntity
  8
Top-Silkscreen-Layer
  100
AcDbPolyline
  90
2
  70
0
  43
0.15240030480060962
  10
73.48793497586995
  20
59.15651511303024
  10
72.52905765811532
  20
59.15651511303024
  0
LWPOLYLINE
  5
2327
  100
AcDbEntity
  8
Top-Silkscreen-Layer
  100
AcDbPolyline
  90
2
  70
0
  43
0.15240030480060962
  10
72.52905765811532
  20
59.15651511303024
  10
72.52905765811532
  20
60.47772415544832
  0
LWPOLYLINE
  5
2328
  100
AcDbEntity
  8
Top-Silkscreen-Layer
  100
AcDbPolyline
  90
2
  70
0
  43
0.15240030480060962
  10
72.52905765811532
  20
60.47772415544832
  10
73.48793497586995
  20
60.47772415544832
  0
LWPOLYLINE
  5
2341
  100
AcDbEntity
  8
Top-Silkscreen-Layer
  100
AcDbPolyline
  90
2
  70
0
  43
0.15240030480060962
  10
73.95935991871984
  20
55.4735077470155
  10
74.91823723647447
  20
55.4735077470155
  0
LWPOLYLINE
  5
2342
  100
AcDbEntity
  8
Top-Silkscreen-Layer
  100
AcDbPolyline
  90
2
  70
0
  43
0.15240030480060962
  10
74.91823723647447
  20
55.4735077470155
  10
74.91823723647447
  20
56.79471678943359
  0
LWPOLYLINE
  5
2343
  100
AcDbEntity
  8
Top-Silkscreen-Layer
  100
AcDbPolyline
  90
2
  70
0
  43
0.15240030480060962
  10
74.91823723647447
  20
56.79471678943359
  10
73.95935991871984
  20
56.79471678943359
  0
LWPOLYLINE
  5
2344
  100
AcDbEntity
  8
Top-Silkscreen-Layer
  100
AcDbPolyline
  90
2
  70
0
  43
0.15240030480060962
  10
73.10693421386843
  20
55.4735077470155
  10
72.1480568961138
  20
55.4735077470155
  0
LWPOLYLINE
  5
2345
  100
AcDbEntity
  8
Top-Silkscreen-Layer
  100
AcDbPolyline
  90
2
  70
0
  43
0.15240030480060962
  10
72.1480568961138
  20
55.4735077470155
  10
72.1480568961138
  20
56.79471678943359
  0
LWPOLYLINE
  5
2346
  100
AcDbEntity
  8
Top-Silkscreen-Layer
  100
AcDbPolyline
  90
2
  70
0
  43
0.15240030480060962
  10
72.1480568961138
  20
56.79471678943359
  10
73.10693421386843
  20
56.79471678943359
  0
HATCH
  5
1456
  100
AcDbEntity
  8
Top-Solder-Mask-Layer
  100
AcDbHatch
  10
0
  20
0
  30
0
  210
0
  220
0
  230
1
  2
SOLID
  70
1
  71
0
  91
1
  92
7
  72
0
  73
1
  93
4
  10
63.99692659385316
  20
62.048323596647194
  10
62.49532639065278
  20
62.048323596647194
  10
62.49532639065278
  20
63.649923799847585
  10
63.99692659385316
  20
63.649923799847585
  97
1
  330
1455
  75
0
  76
1
  47
0.4128176842155181
  98
1
  10
34.90568961886538
  20
22.81183545379326
  450
0
  451
0
  460
0
  461
0
  452
1
  462
1
  453
2
  463
0
  63
5
  421
255
  463
1
  63
7
  421
16777215
  470
LINEAR
  1001
ACAD
  1010
0
  1020
0
  1030
0
  0
LWPOLYLINE
  5
1455
  100
AcDbEntity
  8
Top-Solder-Mask-Layer
  100
AcDbPolyline
  90
4
  70
1
  43
0
  10
63.99692659385316
  20
62.048323596647194
  10
62.49532639065278
  20
62.048323596647194
  10
62.49532639065278
  20
63.649923799847585
  10
63.99692659385316
  20
63.649923799847585
  0
HATCH
  5
1482
  100
AcDbEntity
  8
Top-Solder-Mask-Layer
  100
AcDbHatch
  10
0
  20
0
  30
0
  210
0
  220
0
  230
1
  2
SOLID
  70
1
  71
0
  91
1
  92
7
  72
1
  73
1
  93
2
  10
62.49532639065279
  20
60.84912369824741
  42
1
  10
63.9969265938532
  20
60.84912369824741
  42
1
  97
1
  330
1481
  75
0
  76
1
  47
0.8681437583925616
  98
1
  10
3.629517071192367
  20
33.92795499968543
  450
0
  451
0
  460
0
  461
0
  452
1
  462
1
  453
2
  463
0
  63
5
  421
255
  463
1
  63
7
  421
16777215
  470
LINEAR
  1001
ACAD
  1010
0
  1020
0
  1030
0
  0
LWPOLYLINE
  5
1483
  100
AcDbEntity
  8
Top-Solder-Mask-Layer
  100
AcDbPolyline
  90
2
  70
1
  43
0
  10
62.49532639065278
  20
60.84912369824741
  42
1
  10
63.99692659385319
  20
60.84912369824741
  42
1
  0
HATCH
  5
1512
  100
AcDbEntity
  8
Top-Solder-Mask-Layer
  100
AcDbHatch
  10
0
  20
0
  30
0
  210
0
  220
0
  230
1
  2
SOLID
  70
1
  71
0
  91
1
  92
7
  72
1
  73
1
  93
2
  10
86.11737363474728
  20
63.73812547625096
  42
1
  10
87.61897383794769
  20
63.73812547625096
  42
1
  97
1
  330
1511
  75
0
  76
1
  47
0.8681437583925616
  98
1
  10
3.629517071192367
  20
33.92795499968543
  450
0
  451
0
  460
0
  461
0
  452
1
  462
1
  453
2
  463
0
  63
5
  421
255
  463
1
  63
7
  421
16777215
  470
LINEAR
  1001
ACAD
  1010
0
  1020
0
  1030
0
  0
LWPOLYLINE
  5
1513
  100
AcDbEntity
  8
Top-Solder-Mask-Layer
  100
AcDbPolyline
  90
2
  70
1
  43
0
  10
86.11737363474727
  20
63.73812547625096
  42
1
  10
87.61897383794768
  20
63.73812547625096
  42
1
  0
HATCH
  5
1537
  100
AcDbEntity
  8
Top-Solder-Mask-Layer
  100
AcDbHatch
  10
0
  20
0
  30
0
  210
0
  220
0
  230
1
  2
SOLID
  70
1
  71
0
  91
1
  92
7
  72
0
  73
1
  93
4
  10
86.1173736347473
  20
62.53892557785117
  10
87.61897383794768
  20
62.53892557785117
  10
87.61897383794768
  20
60.937325374650776
  10
86.1173736347473
  20
60.937325374650776
  97
1
  330
1536
  75
0
  76
1
  47
0.4128176842155181
  98
1
  10
34.90568961886538
  20
22.81183545379326
  450
0
  451
0
  460
0
  461
0
  452
1
  462
1
  453
2
  463
0
  63
5
  421
255
  463
1
  63
7
  421
16777215
  470
LINEAR
  1001
ACAD
  1010
0
  1020
0
  1030
0
  0
LWPOLYLINE
  5
1536
  100
AcDbEntity
  8
Top-Solder-Mask-Layer
  100
AcDbPolyline
  90
4
  70
1
  43
0
  10
86.1173736347473
  20
62.53892557785117
  10
87.61897383794768
  20
62.53892557785117
  10
87.61897383794768
  20
60.937325374650776
  10
86.1173736347473
  20
60.937325374650776
  0
HATCH
  5
1558
  100
AcDbEntity
  8
Top-Solder-Mask-Layer
  100
AcDbHatch
  10
0
  20
0
  30
0
  210
0
  220
0
  230
1
  2
SOLID
  70
1
  71
0
  91
1
  92
7
  72
0
  73
1
  93
4
  10
63.99692659385316
  20
54.55530861061722
  10
62.49532639065278
  20
54.55530861061722
  10
62.49532639065278
  20
56.15690881381761
  10
63.99692659385316
  20
56.15690881381761
  97
1
  330
1557
  75
0
  76
1
  47
0.4128176842155181
  98
1
  10
34.90568961886538
  20
22.81183545379326
  450
0
  451
0
  460
0
  461
0
  452
1
  462
1
  453
2
  463
0
  63
5
  421
255
  463
1
  63
7
  421
16777215
  470
LINEAR
  1001
ACAD
  1010
0
  1020
0
  1030
0
  0
LWPOLYLINE
  5
1557
  100
AcDbEntity
  8
Top-Solder-Mask-Layer
  100
AcDbPolyline
  90
4
  70
1
  43
0
  10
63.99692659385316
  20
54.55530861061722
  10
62.49532639065278
  20
54.55530861061722
  10
62.49532639065278
  20
56.15690881381761
  10
63.99692659385316
  20
56.15690881381761
  0
HATCH
  5
1584
  100
AcDbEntity
  8
Top-Solder-Mask-Layer
  100
AcDbHatch
  10
0
  20
0
  30
0
  210
0
  220
0
  230
1
  2
SOLID
  70
1
  71
0
  91
1
  92
7
  72
1
  73
1
  93
2
  10
62.49532639065279
  20
53.356108712217434
  42
1
  10
63.9969265938532
  20
53.356108712217434
  42
1
  97
1
  330
1583
  75
0
  76
1
  47
0.8681437583925616
  98
1
  10
3.629517071192367
  20
33.92795499968543
  450
0
  451
0
  460
0
  461
0
  452
1
  462
1
  453
2
  463
0
  63
5
  421
255
  463
1
  63
7
  421
16777215
  470
LINEAR
  1001
ACAD
  1010
0
  1020
0
  1030
0
  0
LWPOLYLINE
  5
1585
  100
AcDbEntity
  8
Top-Solder-Mask-Layer
  100
AcDbPolyline
  90
2
  70
1
  43
0
  10
62.49532639065278
  20
53.356108712217434
  42
1
  10
63.99692659385319
  20
53.356108712217434
  42
1
  0
HATCH
  5
1614
  100
AcDbEntity
  8
Top-Solder-Mask-Layer
  100
AcDbHatch
  10
0
  20
0
  30
0
  210
0
  220
0
  230
1
  2
SOLID
  70
1
  71
0
  91
1
  92
7
  72
1
  73
1
  93
2
  10
86.24437388874779
  20
55.737109474218954
  42
1
  10
87.7459740919482
  20
55.737109474218954
  42
1
  97
1
  330
1613
  75
0
  76
1
  47
0.8681437583925616
  98
1
  10
3.629517071192367
  20
33.92795499968543
  450
0
  451
0
  460
0
  461
0
  452
1
  462
1
  453
2
  463
0
  63
5
  421
255
  463
1
  63
7
  421
16777215
  470
LINEAR
  1001
ACAD
  1010
0
  1020
0
  1030
0
  0
LWPOLYLINE
  5
1615
  100
AcDbEntity
  8
Top-Solder-Mask-Layer
  100
AcDbPolyline
  90
2
  70
1
  43
0
  10
86.24437388874777
  20
55.737109474218954
  42
1
  10
87.74597409194821
  20
55.737109474218954
  42
1
  0
HATCH
  5
1639
  100
AcDbEntity
  8
Top-Solder-Mask-Layer
  100
AcDbHatch
  10
0
  20
0
  30
0
  210
0
  220
0
  230
1
  2
SOLID
  70
1
  71
0
  91
1
  92
7
  72
0
  73
1
  93
4
  10
86.2443738887478
  20
54.53790957581916
  10
87.74597409194821
  20
54.53790957581916
  10
87.74597409194821
  20
52.936309372618766
  10
86.2443738887478
  20
52.936309372618766
  97
1
  330
1638
  75
0
  76
1
  47
0.4128176842155181
  98
1
  10
34.90568961886538
  20
22.81183545379326
  450
0
  451
0
  460
0
  461
0
  452
1
  462
1
  453
2
  463
0
  63
5
  421
255
  463
1
  63
7
  421
16777215
  470
LINEAR
  1001
ACAD
  1010
0
  1020
0
  1030
0
  0
LWPOLYLINE
  5
1638
  100
AcDbEntity
  8
Top-Solder-Mask-Layer
  100
AcDbPolyline
  90
4
  70
1
  43
0
  10
86.2443738887478
  20
54.53790957581916
  10
87.74597409194821
  20
54.53790957581916
  10
87.74597409194821
  20
52.936309372618766
  10
86.2443738887478
  20
52.936309372618766
  0
HATCH
  5
1660
  100
AcDbEntity
  8
Top-Solder-Mask-Layer
  100
AcDbHatch
  10
0
  20
0
  30
0
  210
0
  220
0
  230
1
  2
SOLID
  70
1
  71
0
  91
1
  92
7
  72
0
  73
1
  93
4
  10
86.11737363474727
  20
46.790894081788174
  10
87.61897383794768
  20
46.790894081788174
  10
87.61897383794768
  20
45.18929387858778
  10
86.11737363474727
  20
45.18929387858778
  97
1
  330
1659
  75
0
  76
1
  47
0.4128176842155181
  98
1
  10
34.90568961886538
  20
22.81183545379326
  450
0
  451
0
  460
0
  461
0
  452
1
  462
1
  453
2
  463
0
  63
5
  421
255
  463
1
  63
7
  421
16777215
  470
LINEAR
  1001
ACAD
  1010
0
  1020
0
  1030
0
  0
LWPOLYLINE
  5
1659
  100
AcDbEntity
  8
Top-Solder-Mask-Layer
  100
AcDbPolyline
  90
4
  70
1
  43
0
  10
86.11737363474727
  20
46.790894081788174
  10
87.61897383794768
  20
46.790894081788174
  10
87.61897383794768
  20
45.18929387858778
  10
86.11737363474727
  20
45.18929387858778
  0
HATCH
  5
1686
  100
AcDbEntity
  8
Top-Solder-Mask-Layer
  100
AcDbHatch
  10
0
  20
0
  30
0
  210
0
  220
0
  230
1
  2
SOLID
  70
1
  71
0
  91
1
  92
7
  72
1
  73
1
  93
2
  10
86.11737363474728
  20
47.990093980187964
  42
1
  10
87.61897383794769
  20
47.990093980187964
  42
1
  97
1
  330
1685
  75
0
  76
1
  47
0.8681437583925616
  98
1
  10
3.629517071192367
  20
33.92795499968543
  450
0
  451
0
  460
0
  461
0
  452
1
  462
1
  453
2
  463
0
  63
5
  421
255
  463
1
  63
7
  421
16777215
  470
LINEAR
  1001
ACAD
  1010
0
  1020
0
  1030
0
  0
LWPOLYLINE
  5
1687
  100
AcDbEntity
  8
Top-Solder-Mask-Layer
  100
AcDbPolyline
  90
2
  70
1
  43
0
  10
86.11737363474727
  20
47.990093980187964
  42
1
  10
87.61897383794768
  20
47.990093980187964
  42
1
  0
HATCH
  5
1711
  100
AcDbEntity
  8
Top-Solder-Mask-Layer
  100
AcDbHatch
  10
0
  20
0
  30
0
  210
0
  220
0
  230
1
  2
SOLID
  70
1
  71
0
  91
1
  92
7
  72
0
  73
1
  93
4
  10
63.99692659385316
  20
47.06229362458725
  10
62.49532639065278
  20
47.06229362458725
  10
62.49532639065278
  20
48.66389382778764
  10
63.99692659385316
  20
48.66389382778764
  97
1
  330
1710
  75
0
  76
1
  47
0.4128176842155181
  98
1
  10
34.90568961886538
  20
22.81183545379326
  450
0
  451
0
  460
0
  461
0
  452
1
  462
1
  453
2
  463
0
  63
5
  421
255
  463
1
  63
7
  421
16777215
  470
LINEAR
  1001
ACAD
  1010
0
  1020
0
  1030
0
  0
LWPOLYLINE
  5
1710
  100
AcDbEntity
  8
Top-Solder-Mask-Layer
  100
AcDbPolyline
  90
4
  70
1
  43
0
  10
63.99692659385316
  20
47.06229362458725
  10
62.49532639065278
  20
47.06229362458725
  10
62.49532639065278
  20
48.66389382778764
  10
63.99692659385316
  20
48.66389382778764
  0
HATCH
  5
1737
  100
AcDbEntity
  8
Top-Solder-Mask-Layer
  100
AcDbHatch
  10
0
  20
0
  30
0
  210
0
  220
0
  230
1
  2
SOLID
  70
1
  71
0
  91
1
  92
7
  72
1
  73
1
  93
2
  10
62.49532639065279
  20
45.86309372618745
  42
1
  10
63.9969265938532
  20
45.86309372618745
  42
1
  97
1
  330
1736
  75
0
  76
1
  47
0.8681437583925616
  98
1
  10
3.629517071192367
  20
33.92795499968543
  450
0
  451
0
  460
0
  461
0
  452
1
  462
1
  453
2
  463
0
  63
5
  421
255
  463
1
  63
7
  421
16777215
  470
LINEAR
  1001
ACAD
  1010
0
  1020
0
  1030
0
  0
LWPOLYLINE
  5
1738
  100
AcDbEntity
  8
Top-Solder-Mask-Layer
  100
AcDbPolyline
  90
2
  70
1
  43
0
  10
62.49532639065278
  20
45.86309372618745
  42
1
  10
63.99692659385319
  20
45.86309372618745
  42
1
  0
HATCH
  5
1767
  100
AcDbEntity
  8
Top-Solder-Mask-Layer
  100
AcDbHatch
  10
0
  20
0
  30
0
  210
0
  220
0
  230
1
  2
SOLID
  70
1
  71
0
  91
1
  92
7
  72
1
  73
1
  93
2
  10
70.24434848869697
  20
45.99415798831598
  42
1
  10
71.86995173990348
  20
45.99415798831598
  42
1
  97
1
  330
1766
  75
0
  76
1
  47
0.8681437583925616
  98
1
  10
3.629517071192367
  20
33.92795499968543
  450
0
  451
0
  460
0
  461
0
  452
1
  462
1
  453
2
  463
0
  63
5
  421
255
  463
1
  63
7
  421
16777215
  470
LINEAR
  1001
ACAD
  1010
0
  1020
0
  1030
0
  0
LWPOLYLINE
  5
1768
  100
AcDbEntity
  8
Top-Solder-Mask-Layer
  100
AcDbPolyline
  90
2
  70
1
  43
0
  10
70.24434848869696
  20
45.99415798831598
  42
1
  10
71.86995173990347
  20
45.99415798831598
  42
1
  0
HATCH
  5
1797
  100
AcDbEntity
  8
Top-Solder-Mask-Layer
  100
AcDbHatch
  10
0
  20
0
  30
0
  210
0
  220
0
  230
1
  2
SOLID
  70
1
  71
0
  91
1
  92
7
  72
1
  73
1
  93
2
  10
74.24434848869697
  20
45.99415798831598
  42
1
  10
75.86995173990348
  20
45.99415798831598
  42
1
  97
1
  330
1796
  75
0
  76
1
  47
0.8681437583925616
  98
1
  10
3.629517071192367
  20
33.92795499968543
  450
0
  451
0
  460
0
  461
0
  452
1
  462
1
  453
2
  463
0
  63
5
  421
255
  463
1
  63
7
  421
16777215
  470
LINEAR
  1001
ACAD
  1010
0
  1020
0
  1030
0
  0
LWPOLYLINE
  5
1798
  100
AcDbEntity
  8
Top-Solder-Mask-Layer
  100
AcDbPolyline
  90
2
  70
1
  43
0
  10
74.24434848869696
  20
45.99415798831598
  42
1
  10
75.8699517399035
  20
45.99415798831598
  42
1
  0
HATCH
  5
1827
  100
AcDbEntity
  8
Top-Solder-Mask-Layer
  100
AcDbHatch
  10
0
  20
0
  30
0
  210
0
  220
0
  230
1
  2
SOLID
  70
1
  71
0
  91
1
  92
7
  72
1
  73
1
  93
2
  10
78.244348488697
  20
45.99415798831598
  42
1
  10
79.86995173990351
  20
45.99415798831598
  42
1
  97
1
  330
1826
  75
0
  76
1
  47
0.8681437583925616
  98
1
  10
3.629517071192367
  20
33.92795499968543
  450
0
  451
0
  460
0
  461
0
  452
1
  462
1
  453
2
  463
0
  63
5
  421
255
  463
1
  63
7
  421
16777215
  470
LINEAR
  1001
ACAD
  1010
0
  1020
0
  1030
0
  0
LWPOLYLINE
  5
1828
  100
AcDbEntity
  8
Top-Solder-Mask-Layer
  100
AcDbPolyline
  90
2
  70
1
  43
0
  10
78.24434848869699
  20
45.99415798831598
  42
1
  10
79.8699517399035
  20
45.99415798831598
  42
1
  0
HATCH
  5
1857
  100
AcDbEntity
  8
Top-Solder-Mask-Layer
  100
AcDbHatch
  10
0
  20
0
  30
0
  210
0
  220
0
  230
1
  2
SOLID
  70
1
  71
0
  91
1
  92
7
  72
1
  73
1
  93
2
  10
70.24434848869697
  20
48.49403098806198
  42
1
  10
71.86995173990348
  20
48.49403098806198
  42
1
  97
1
  330
1856
  75
0
  76
1
  47
0.8681437583925616
  98
1
  10
3.629517071192367
  20
33.92795499968543
  450
0
  451
0
  460
0
  461
0
  452
1
  462
1
  453
2
  463
0
  63
5
  421
255
  463
1
  63
7
  421
16777215
  470
LINEAR
  1001
ACAD
  1010
0
  1020
0
  1030
0
  0
LWPOLYLINE
  5
1858
  100
AcDbEntity
  8
Top-Solder-Mask-Layer
  100
AcDbPolyline
  90
2
  70
1
  43
0
  10
70.24434848869696
  20
48.49403098806198
  42
1
  10
71.86995173990347
  20
48.49403098806198
  42
1
  0
HATCH
  5
1887
  100
AcDbEntity
  8
Top-Solder-Mask-Layer
  100
AcDbHatch
  10
0
  20
0
  30
0
  210
0
  220
0
  230
1
  2
SOLID
  70
1
  71
0
  91
1
  92
7
  72
1
  73
1
  93
2
  10
74.24434848869697
  20
48.49403098806198
  42
1
  10
75.86995173990348
  20
48.49403098806198
  42
1
  97
1
  330
1886
  75
0
  76
1
  47
0.8681437583925616
  98
1
  10
3.629517071192367
  20
33.92795499968543
  450
0
  451
0
  460
0
  461
0
  452
1
  462
1
  453
2
  463
0
  63
5
  421
255
  463
1
  63
7
  421
16777215
  470
LINEAR
  1001
ACAD
  1010
0
  1020
0
  1030
0
  0
LWPOLYLINE
  5
1888
  100
AcDbEntity
  8
Top-Solder-Mask-Layer
  100
AcDbPolyline
  90
2
  70
1
  43
0
  10
74.24434848869696
  20
48.49403098806198
  42
1
  10
75.8699517399035
  20
48.49403098806198
  42
1
  0
HATCH
  5
1917
  100
AcDbEntity
  8
Top-Solder-Mask-Layer
  100
AcDbHatch
  10
0
  20
0
  30
0
  210
0
  220
0
  230
1
  2
SOLID
  70
1
  71
0
  91
1
  92
7
  72
1
  73
1
  93
2
  10
78.244348488697
  20
48.49403098806198
  42
1
  10
79.86995173990351
  20
48.49403098806198
  42
1
  97
1
  330
1916
  75
0
  76
1
  47
0.8681437583925616
  98
1
  10
3.629517071192367
  20
33.92795499968543
  450
0
  451
0
  460
0
  461
0
  452
1
  462
1
  453
2
  463
0
  63
5
  421
255
  463
1
  63
7
  421
16777215
  470
LINEAR
  1001
ACAD
  1010
0
  1020
0
  1030
0
  0
LWPOLYLINE
  5
1918
  100
AcDbEntity
  8
Top-Solder-Mask-Layer
  100
AcDbPolyline
  90
2
  70
1
  43
0
  10
78.24434848869699
  20
48.49403098806198
  42
1
  10
79.8699517399035
  20
48.49403098806198
  42
1
  0
HATCH
  5
1947
  100
AcDbEntity
  8
Top-Solder-Mask-Layer
  100
AcDbHatch
  10
0
  20
0
  30
0
  210
0
  220
0
  230
1
  2
SOLID
  70
1
  71
0
  91
1
  92
7
  72
1
  73
1
  93
2
  10
80.30642621285241
  20
47.24409448818898
  42
1
  10
82.00802641605281
  20
47.24409448818898
  42
1
  97
1
  330
1946
  75
0
  76
1
  47
0.8681437583925616
  98
1
  10
3.629517071192367
  20
33.92795499968543
  450
0
  451
0
  460
0
  461
0
  452
1
  462
1
  453
2
  463
0
  63
5
  421
255
  463
1
  63
7
  421
16777215
  470
LINEAR
  1001
ACAD
  1010
0
  1020
0
  1030
0
  0
LWPOLYLINE
  5
1948
  100
AcDbEntity
  8
Top-Solder-Mask-Layer
  100
AcDbPolyline
  90
2
  70
1
  43
0
  10
80.30642621285243
  20
47.24409448818898
  42
1
  10
82.00802641605283
  20
47.24409448818898
  42
1
  0
HATCH
  5
1977
  100
AcDbEntity
  8
Top-Solder-Mask-Layer
  100
AcDbHatch
  10
0
  20
0
  30
0
  210
0
  220
0
  230
1
  2
SOLID
  70
1
  71
0
  91
1
  92
7
  72
1
  73
1
  93
2
  10
68.10627381254764
  20
47.24409448818898
  42
1
  10
69.80787401574804
  20
47.24409448818898
  42
1
  97
1
  330
1976
  75
0
  76
1
  47
0.8681437583925616
  98
1
  10
3.629517071192367
  20
33.92795499968543
  450
0
  451
0
  460
0
  461
0
  452
1
  462
1
  453
2
  463
0
  63
5
  421
255
  463
1
  63
7
  421
16777215
  470
LINEAR
  1001
ACAD
  1010
0
  1020
0
  1030
0
  0
LWPOLYLINE
  5
1978
  100
AcDbEntity
  8
Top-Solder-Mask-Layer
  100
AcDbPolyline
  90
2
  70
1
  43
0
  10
68.10627381254763
  20
47.24409448818898
  42
1
  10
69.80787401574806
  20
47.24409448818898
  42
1
  0
HATCH
  5
1994
  100
AcDbEntity
  8
Top-Solder-Mask-Layer
  100
AcDbHatch
  10
0
  20
0
  30
0
  210
0
  220
0
  230
1
  2
SOLID
  70
1
  71
0
  91
1
  92
7
  72
0
  73
1
  93
4
  10
74.43220726441454
  20
65.2964566929134
  10
74.43220726441454
  20
66.07006604013209
  10
76.10881381762765
  20
66.07006604013209
  10
76.10881381762765
  20
65.2964566929134
  97
1
  330
1993
  75
0
  76
1
  47
0.4128176842155181
  98
1
  10
34.90568961886538
  20
22.81183545379326
  450
0
  451
0
  460
0
  461
0
  452
1
  462
1
  453
2
  463
0
  63
5
  421
255
  463
1
  63
7
  421
16777215
  470
LINEAR
  1001
ACAD
  1010
0
  1020
0
  1030
0
  0
LWPOLYLINE
  5
1993
  100
AcDbEntity
  8
Top-Solder-Mask-Layer
  100
AcDbPolyline
  90
4
  70
1
  43
0
  10
74.43220726441454
  20
65.2964566929134
  10
74.43220726441454
  20
66.07006604013209
  10
76.10881381762765
  20
66.07006604013209
  10
76.10881381762765
  20
65.2964566929134
  0
HATCH
  5
2000
  100
AcDbEntity
  8
Top-Solder-Mask-Layer
  100
AcDbHatch
  10
0
  20
0
  30
0
  210
0
  220
0
  230
1
  2
SOLID
  70
1
  71
0
  91
1
  92
7
  72
0
  73
1
  93
4
  10
74.43220726441454
  20
68.2964566929134
  10
74.43220726441454
  20
69.07006604013209
  10
76.10881381762765
  20
69.07006604013209
  10
76.10881381762765
  20
68.2964566929134
  97
1
  330
1999
  75
0
  76
1
  47
0.4128176842155181
  98
1
  10
34.90568961886538
  20
22.81183545379326
  450
0
  451
0
  460
0
  461
0
  452
1
  462
1
  453
2
  463
0
  63
5
  421
255
  463
1
  63
7
  421
16777215
  470
LINEAR
  1001
ACAD
  1010
0
  1020
0
  1030
0
  0
LWPOLYLINE
  5
1999
  100
AcDbEntity
  8
Top-Solder-Mask-Layer
  100
AcDbPolyline
  90
4
  70
1
  43
0
  10
74.43220726441454
  20
68.2964566929134
  10
74.43220726441454
  20
69.07006604013209
  10
76.10881381762765
  20
69.07006604013209
  10
76.10881381762765
  20
68.2964566929134
  0
HATCH
  5
2006
  100
AcDbEntity
  8
Top-Solder-Mask-Layer
  100
AcDbHatch
  10
0
  20
0
  30
0
  210
0
  220
0
  230
1
  2
SOLID
  70
1
  71
0
  91
1
  92
7
  72
0
  73
1
  93
362
  10
71.58521306593336
  20
68.18190081560694
  10
71.62973935498594
  20
68.18296761774054
  10
71.63033826546693
  20
68.18297837877945
  10
71.63093726187451
  20
68.18298196596395
  10
73.48514097028196
  20
68.18298196596395
  10
73.48573996668954
  20
68.18297837877945
  10
73.48633887717052
  20
68.18296761774054
  10
73.53086516622311
  20
68.18190081560694
  10
73.53202110367066
  20
68.18185974135957
  10
73.5331757820948
  20
68.18179194598176
  10
73.57760047094418
  20
68.17866773973334
  10
73.57877009781485
  20
68.17857168161896
  10
73.5799371487938
  20
68.17844820615385
  10
73.6241840372876
  20
68.17324119573982
  10
73.62534198435559
  20
68.17309120358868
  10
73.62649611429704
  20
68.1729142201546
  10
73.67043820218122
  20
68.16564980562576
  10
73.67160857072518
  20
68.16544200515722
  10
73.67277367017111
  20
68.16520644870022
  10
73.71633475729327
  20
68.15585923000577
  10
73.71746811003909
  20
68.15560222898947
  10
73.7185951853793
  20
68.15531896383762
  10
73.76164827148547
  20
68.14396514112997
  10
73.76277564453581
  20
68.14365369008212
  10
73.76389542616478
  20
68.14331596111786
  10
73.80638971115336
  20
68.12995553439701
  10
73.8075084307843
  20
68.1295892812618
  10
73.8086182206476
  20
68.12919680013992
  10
73.85042670426456
  20
68.11385516945667
  10
73.85152827622493
  20
68.11343615518574
  10
73.852619668734
  20
68.1129913000023
  10
73.89366615082697
  20
68.09569386540744
  10
73.89472561922706
  20
68.09523291110493
  10
73.89577415657418
  20
68.09474760543688
  10
73.93598243699073
  20
68.0755705670828
  10
73.93704706421629
  20
68.07504721303931
  10
73.93809897876478
  20
68.0744987548669
  10
73.97734205725094
  20
68.0534421127536
  10
73.97837037613876
  20
68.05287469784545
  10
73.97938508745067
  20
68.05228329242911
  10
74.01761216390481
  20
68.02939784665821
  10
74.01860625123463
  20
68.02878685065551
  10
74.01958581385288
  20
68.02815282951119
  10
74.05669528807185
  20
68.00351478023508
  10
74.0576600335154
  20
68.0028579110074
  10
74.05860918805239
  20
68.002178708079
  10
74.09452485988375
  20
67.9758388553993
  10
74.09546691413435
  20
67.97513075212265
  10
74.09639202215523
  20
67.97440064828672
  10
74.13101229139578
  20
67.94640979230502
  10
74.13191780594939
  20
67.94565990298472
  10
74.13280544296295
  20
67.94488893532551
  10
74.16610490956187
  20
67.91527247609258
  10
74.16696972680172
  20
67.91448500645383
  10
74.16781589263407
  20
67.9136775284823
  10
74.19966755633739
  20
67.88256246625217
  10
74.20049467850531
  20
67.88173534937644
  10
74.20130223071878
  20
67.88088911487623
  10
74.23168069147569
  20
67.8483008496997
  10
74.23247006613
  20
67.84743389814662
  10
74.2332389006937
  20
67.8465486802334
  10
74.26204255830105
  20
67.81258881231365
  10
74.26279278320105
  20
67.81168290452342
  10
74.26352149646699
  20
67.81075960430083
  10
74.29069955082308
  20
67.77547893373949
  10
74.29140400482062
  20
67.77454194782761
  10
74.2920863045331
  20
67.77358870854178
  10
74.31758795553641
  20
67.73706343549122
  10
74.31824914264529
  20
67.73609233270159
  10
74.31888733722188
  20
67.73510596730102
  10
74.34263638471997
  20
67.69743769196447
  10
74.34324951527798
  20
67.69643948255316
  10
74.34383909765235
  20
67.69542718628534
  10
74.36581014159445
  20
67.65666670876439
  10
74.36637082588312
  20
67.65565025121832
  10
74.36690776779919
  20
67.6546210543502
  10
74.38705000808365
  20
67.61489537489884
  10
74.38946414914618
  20
67.60931737796757
  10
74.391183825705
  20
67.60348772623115
  10
74.40049703549916
  20
67.56299212598427
  10
76.05801371602742
  20
67.56299212598427
  10
76.09337803536083
  20
67.54834374529227
  10
76.10802641605282
  20
67.51297942595886
  10
76.10802641605282
  20
66.85298450596902
  10
76.09337803536083
  20
66.81762018663561
  10
76.05801371602742
  20
66.80297180594363
  10
74.40050274920621
  20
66.80297180594363
  10
74.39118539277736
  20
66.76243222170443
  10
74.38946534042394
  20
66.75659904165778
  10
74.38705000808365
  20
66.75101775692744
  10
74.36690776779919
  20
66.71129207747609
  10
74.36637082588312
  20
66.71026288060797
  10
74.36581014159445
  20
66.70924642306188
  10
74.34383909765235
  20
66.67048594554093
  10
74.34324951527798
  20
66.66947364927313
  10
74.34263638471997
  20
66.66847543986181
  10
74.31888733722188
  20
66.63080716452525
  10
74.31824914264529
  20
66.6298207991247
  10
74.31758795553641
  20
66.62884969633505
  10
74.2920863045331
  20
66.59232442328451
  10
74.29140400482062
  20
66.59137118399866
  10
74.29069955082308
  20
66.5904341980868
  10
74.26352149646699
  20
66.55515352752546
  10
74.26279278320105
  20
66.55423022730287
  10
74.26204255830105
  20
66.55332431951263
  10
74.2332389006937
  20
66.51936445159289
  10
74.23247006612998
  20
66.51847923367967
  10
74.23168069147569
  20
66.51761228212658
  10
74.20130223071878
  20
66.48502401695005
  10
74.20049467850531
  20
66.48417778244985
  10
74.19966755633739
  20
66.48335066557411
  10
74.16781589263407
  20
66.45223560334398
  10
74.16696972680172
  20
66.45142812537244
  10
74.16610490956187
  20
66.45064065573371
  10
74.13280544296295
  20
66.42102419650078
  10
74.13191780594939
  20
66.42025322884157
  10
74.13101229139578
  20
66.41950333952127
  10
74.09639202215523
  20
66.39151248353956
  10
74.09546691413435
  20
66.39078237970364
  10
74.09452485988375
  20
66.39007427642699
  10
74.05860918805239
  20
66.36373442374727
  10
74.05766003351538
  20
66.3630552208189
  10
74.05669528807185
  20
66.3623983515912
  10
74.01958581385288
  20
66.3377603023151
  10
74.01860625123463
  20
66.33712628117078
  10
74.01761216390481
  20
66.33651528516808
  10
73.97938508745067
  20
66.31362983939718
  10
73.97837037613876
  20
66.31303843398082
  10
73.97734205725091
  20
66.31247101907267
  10
73.93809897876476
  20
66.2914143769594
  10
73.93704706421626
  20
66.29086591878698
  10
73.93598243699073
  20
66.29034256474348
  10
73.89577415657418
  20
66.27116552638941
  10
73.89472561922706
  20
66.27068022072135
  10
73.89366615082697
  20
66.27021926641885
  10
73.852619668734
  20
66.25292183182397
  10
73.85152827622493
  20
66.25247697664054
  10
73.85042670426456
  20
66.25205796236962
  10
73.8086182206476
  20
66.23671633168635
  10
73.8075084307843
  20
66.23632385056447
  10
73.80638971115336
  20
66.23595759742928
  10
73.76389542616478
  20
66.22259717070843
  10
73.76277564453581
  20
66.22225944174416
  10
73.76164827148547
  20
66.22194799069631
  10
73.7185951853793
  20
66.21059416798866
  10
73.71746811003909
  20
66.21031090283682
  10
73.71633475729327
  20
66.21005390182052
  10
73.67277367017111
  20
66.20070668312607
  10
73.67160857072518
  20
66.20047112666907
  10
73.67043820218122
  20
66.20026332620051
  10
73.62649611429704
  20
66.1929989116717
  10
73.62534198435559
  20
66.19282192823759
  10
73.6241840372876
  20
66.19267193608646
  10
73.5799371487938
  20
66.18746492567243
  10
73.57877009781485
  20
66.18734145020733
  10
73.57760047094418
  20
66.18724539209293
  10
73.5331757820948
  20
66.18412118584453
  10
73.53202110367066
  20
66.1840533904667
  10
73.53086516622311
  20
66.18401231621934
  10
73.48633887717052
  20
66.18294551408573
  10
73.48573996668954
  20
66.18293475304684
  10
73.48514097028196
  20
66.18293116586234
  10
71.63093726187451
  20
66.18293116586234
  10
71.63033826546693
  20
66.18293475304684
  10
71.62973935498594
  20
66.18294551408573
  10
71.58521306593336
  20
66.18401231621934
  10
71.58405712848581
  20
66.1840533904667
  10
71.58290245006167
  20
66.18412118584453
  10
71.53847776121229
  20
66.18724539209293
  10
71.53730813434161
  20
66.18734145020733
  10
71.53614108336266
  20
66.18746492567243
  10
71.49189419486886
  20
66.19267193608646
  10
71.49073624780088
  20
66.19282192823759
  10
71.48958211785943
  20
66.1929989116717
  10
71.44564002997525
  20
66.20026332620051
  10
71.44446966143128
  20
66.20047112666907
  10
71.44330456198536
  20
66.20070668312607
  10
71.3997434748632
  20
66.21005390182052
  10
71.39861012211738
  20
66.21031090283682
  10
71.39748304677717
  20
66.21059416798866
  10
71.354429960671
  20
66.22194799069632
  10
71.35330258762066
  20
66.22225944174416
  10
71.35218280599169
  20
66.22259717070843
  10
71.30968852100311
  20
66.23595759742928
  10
71.30856980137217
  20
66.23632385056447
  10
71.30746001150887
  20
66.23671633168635
  10
71.2656515278919
  20
66.25205796236962
  10
71.26454995593154
  20
66.25247697664055
  10
71.26345856342247
  20
66.25292183182397
  10
71.2224120813295
  20
66.27021926641883
  10
71.22135261292941
  20
66.27068022072135
  10
71.22030407558232
  20
66.27116552638941
  10
71.18009579516574
  20
66.2903425647435
  10
71.17903116794021
  20
66.29086591878698
  10
71.17797925339171
  20
66.2914143769594
  10
71.13873617490556
  20
66.31247101907267
  10
71.13770785601771
  20
66.31303843398082
  10
71.1366931447058
  20
66.31362983939718
  10
71.09846606825165
  20
66.33651528516808
  10
71.09747198092187
  20
66.33712628117078
  10
71.09649241830358
  20
66.3377603023151
  10
71.05938294408462
  20
66.3623983515912
  10
71.05841819864109
  20
66.36305522081888
  10
71.05746904410408
  20
66.36373442374727
  10
71.02155337227275
  20
66.39007427642699
  10
71.02061131802212
  20
66.39078237970364
  10
71.01968621000124
  20
66.39151248353957
  10
70.98506594076069
  20
66.41950333952127
  10
70.98416042620711
  20
66.42025322884156
  10
70.98327278919352
  20
66.42102419650078
  10
70.9499733225946
  20
66.4506406557337
  10
70.94910850535474
  20
66.45142812537244
  10
70.9482623395224
  20
66.452235603344
  10
70.91641067581908
  20
66.48335066557411
  10
70.91558355365116
  20
66.48417778244985
  10
70.91477600143769
  20
66.48502401695006
  10
70.88439754068078
  20
66.51761228212659
  10
70.88360816602649
  20
66.51847923367967
  10
70.88283933146276
  20
66.51936445159289
  10
70.85403567385542
  20
66.55332431951263
  10
70.85328544895542
  20
66.55423022730287
  10
70.85255673568948
  20
66.55515352752545
  10
70.82537868133339
  20
66.5904341980868
  10
70.82467422733585
  20
66.59137118399866
  10
70.82399192762337
  20
66.59232442328451
  10
70.79849027662006
  20
66.62884969633505
  10
70.79782908951118
  20
66.6298207991247
  10
70.79719089493459
  20
66.63080716452525
  10
70.7734418474365
  20
66.66847543986181
  10
70.7728287168785
  20
66.66947364927313
  10
70.77223913450412
  20
66.67048594554093
  10
70.75026809056202
  20
66.7092464230619
  10
70.74970740627334
  20
66.71026288060797
  10
70.74917046435728
  20
66.71129207747609
  10
70.72902822407282
  20
66.75101775692745
  10
70.72850429976852
  20
66.75208218658199
  10
70.72800577113283
  20
66.75315874422816
  10
70.70976853465835
  20
66.79379882550832
  10
70.70930692155311
  20
66.79486020140509
  10
70.70886999318826
  20
66.7959319751952
  10
70.69253776052379
  20
66.83735945805016
  10
70.69211557612611
  20
66.83846874980162
  10
70.69171983478601
  20
66.83958774785667
  10
70.67736880608398
  20
66.88175183218485
  10
70.67700540744731
  20
66.8828618444019
  10
70.67666802907841
  20
66.8839800400589
  10
70.66429820433875
  20
66.92677912565708
  10
70.6639841400115
  20
66.92791585271851
  10
70.66369696552222
  20
66.9290596689741
  10
70.65335914484659
  20
66.97239215563908
  10
70.65310231891185
  20
66.97352700516738
  10
70.65287196301848
  20
66.97466752223215
  10
70.64456614640686
  20
67.01840640970993
  10
70.64436057735172
  20
67.01956288238436
  10
70.64418222410119
  20
67.02072386378006
  10
70.63793381160438
  20
67.06484375201984
  10
70.63778259572864
  20
67.0660101036161
  10
70.6376588480329
  20
67.06717968849756
  10
70.63349323970165
  20
67.11152817719454
  10
70.6333973366465
  20
67.11269596676249
  10
70.63332881755393
  20
67.11386568254206
  10
70.63124601338835
  20
67.15834117149303
  10
70.63120495200756
  20
67.1595106261453
  10
70.6311912623825
  20
67.16068072136146
  10
70.6311912623825
  20
67.20523241046483
  10
70.63120495200756
  20
67.20640250568098
  10
70.63124601338835
  20
67.20757196033325
  10
70.63332881755393
  20
67.25204744928422
  10
70.6333973366465
  20
67.2532171650638
  10
70.63349323970165
  20
67.25438495463175
  10
70.6376588480329
  20
67.29873344332873
  10
70.63778259572864
  20
67.2999030282102
  10
70.63793381160438
  20
67.30106937980645
  10
70.64418222410119
  20
67.34518926804623
  10
70.64436057735172
  20
67.34635024944193
  10
70.64456614640686
  20
67.34750672211636
  10
70.65287196301848
  20
67.39124560959414
  10
70.65310231891185
  20
67.3923861266589
  10
70.65335914484659
  20
67.3935209761872
  10
70.66369696552222
  20
67.43685346285218
  10
70.6639841400115
  20
67.43799727910778
  10
70.66429820433875
  20
67.43913400616921
  10
70.67666802907841
  20
67.48193309176739
  10
70.67700540744728
  20
67.48305128742439
  10
70.67736880608398
  20
67.48416129964144
  10
70.69171983478601
  20
67.52632538396962
  10
70.69211557612608
  20
67.52744438202468
  10
70.69253776052379
  20
67.52855367377612
  10
70.70886999318826
  20
67.56998115663109
  10
70.70930692155311
  20
67.57105293042119
  10
70.70976853465835
  20
67.57211430631797
  10
70.72800577113283
  20
67.61275438759813
  10
70.72850429976852
  20
67.6138309452443
  10
70.72902822407282
  20
67.61489537489884
  10
70.74917046435728
  20
67.6546210543502
  10
70.74970740627334
  20
67.65565025121832
  10
70.75026809056202
  20
67.65666670876439
  10
70.77223913450412
  20
67.69542718628534
  10
70.7728287168785
  20
67.69643948255316
  10
70.7734418474365
  20
67.69743769196447
  10
70.79719089493459
  20
67.73510596730102
  10
70.79782908951118
  20
67.73609233270159
  10
70.79849027662006
  20
67.73706343549122
  10
70.82399192762337
  20
67.77358870854178
  10
70.82467422733585
  20
67.77454194782761
  10
70.82537868133339
  20
67.77547893373949
  10
70.85255673568948
  20
67.81075960430081
  10
70.85328544895542
  20
67.81168290452342
  10
70.85403567385542
  20
67.81258881231366
  10
70.88283933146276
  20
67.8465486802334
  10
70.88360816602646
  20
67.84743389814662
  10
70.88439754068078
  20
67.8483008496997
  10
70.91477600143769
  20
67.88088911487623
  10
70.91558355365116
  20
67.88173534937644
  10
70.91641067581908
  20
67.88256246625218
  10
70.9482623395224
  20
67.9136775284823
  10
70.94910850535474
  20
67.91448500645383
  10
70.9499733225946
  20
67.91527247609258
  10
70.98327278919352
  20
67.94488893532551
  10
70.98416042620711
  20
67.94565990298472
  10
70.98506594076069
  20
67.946409792305
  10
71.01968621000124
  20
67.97440064828672
  10
71.02061131802212
  20
67.97513075212265
  10
71.02155337227275
  20
67.9758388553993
  10
71.05746904410408
  20
68.00217870807901
  10
71.05841819864106
  20
68.0028579110074
  10
71.05938294408462
  20
68.00351478023508
  10
71.09649241830358
  20
68.02815282951119
  10
71.09747198092187
  20
68.02878685065551
  10
71.09846606825165
  20
68.02939784665821
  10
71.1366931447058
  20
68.05228329242911
  10
71.13770785601771
  20
68.05287469784545
  10
71.13873617490553
  20
68.0534421127536
  10
71.17797925339168
  20
68.0744987548669
  10
71.17903116794018
  20
68.07504721303931
  10
71.18009579516574
  20
68.0755705670828
  10
71.22030407558232
  20
68.09474760543688
  10
71.22135261292941
  20
68.09523291110493
  10
71.2224120813295
  20
68.09569386540744
  10
71.26345856342247
  20
68.1129913000023
  10
71.26454995593154
  20
68.11343615518574
  10
71.2656515278919
  20
68.11385516945666
  10
71.30746001150887
  20
68.12919680013992
  10
71.30856980137217
  20
68.1295892812618
  10
71.30968852100311
  20
68.12995553439701
  10
71.35218280599169
  20
68.14331596111786
  10
71.35330258762066
  20
68.14365369008212
  10
71.354429960671
  20
68.14396514112997
  10
71.39748304677717
  20
68.15531896383763
  10
71.39861012211738
  20
68.15560222898947
  10
71.3997434748632
  20
68.15585923000577
  10
71.44330456198536
  20
68.16520644870022
  10
71.44446966143128
  20
68.16544200515722
  10
71.44564002997525
  20
68.16564980562576
  10
71.48958211785943
  20
68.1729142201546
  10
71.49073624780088
  20
68.17309120358868
  10
71.49189419486886
  20
68.17324119573982
  10
71.53614108336266
  20
68.17844820615385
  10
71.53730813434161
  20
68.17857168161896
  10
71.53847776121229
  20
68.17866773973334
  10
71.58290245006167
  20
68.18179194598176
  10
71.58405712848581
  20
68.18185974135957
  97
1
  330
2005
  75
0
  76
1
  47
0.4128176842155181
  98
1
  10
34.90568961886538
  20
22.81183545379326
  450
0
  451
0
  460
0
  461
0
  452
1
  462
1
  453
2
  463
0
  63
5
  421
255
  463
1
  63
7
  421
16777215
  470
LINEAR
  1001
ACAD
  1010
0
  1020
0
  1030
0
  0
LWPOLYLINE
  5
2005
  100
AcDbEntity
  8
Top-Solder-Mask-Layer
  100
AcDbPolyline
  90
362
  70
1
  43
0
  10
71.58521306593336
  20
68.18190081560694
  10
71.62973935498594
  20
68.18296761774054
  10
71.63033826546693
  20
68.18297837877945
  10
71.63093726187451
  20
68.18298196596395
  10
73.48514097028196
  20
68.18298196596395
  10
73.48573996668954
  20
68.18297837877945
  10
73.48633887717052
  20
68.18296761774054
  10
73.53086516622311
  20
68.18190081560694
  10
73.53202110367066
  20
68.18185974135957
  10
73.5331757820948
  20
68.18179194598176
  10
73.57760047094418
  20
68.17866773973334
  10
73.57877009781485
  20
68.17857168161896
  10
73.5799371487938
  20
68.17844820615385
  10
73.6241840372876
  20
68.17324119573982
  10
73.62534198435559
  20
68.17309120358868
  10
73.62649611429704
  20
68.1729142201546
  10
73.67043820218122
  20
68.16564980562576
  10
73.67160857072518
  20
68.16544200515722
  10
73.67277367017111
  20
68.16520644870022
  10
73.71633475729327
  20
68.15585923000577
  10
73.71746811003909
  20
68.15560222898947
  10
73.7185951853793
  20
68.15531896383762
  10
73.76164827148547
  20
68.14396514112997
  10
73.76277564453581
  20
68.14365369008212
  10
73.76389542616478
  20
68.14331596111786
  10
73.80638971115336
  20
68.12995553439701
  10
73.8075084307843
  20
68.1295892812618
  10
73.8086182206476
  20
68.12919680013992
  10
73.85042670426456
  20
68.11385516945667
  10
73.85152827622493
  20
68.11343615518574
  10
73.852619668734
  20
68.1129913000023
  10
73.89366615082697
  20
68.09569386540744
  10
73.89472561922706
  20
68.09523291110493
  10
73.89577415657418
  20
68.09474760543688
  10
73.93598243699073
  20
68.0755705670828
  10
73.93704706421629
  20
68.07504721303931
  10
73.93809897876478
  20
68.0744987548669
  10
73.97734205725094
  20
68.0534421127536
  10
73.97837037613876
  20
68.05287469784545
  10
73.97938508745067
  20
68.05228329242911
  10
74.01761216390481
  20
68.02939784665821
  10
74.01860625123463
  20
68.02878685065551
  10
74.01958581385288
  20
68.02815282951119
  10
74.05669528807185
  20
68.00351478023508
  10
74.0576600335154
  20
68.0028579110074
  10
74.05860918805239
  20
68.002178708079
  10
74.09452485988375
  20
67.9758388553993
  10
74.09546691413435
  20
67.97513075212265
  10
74.09639202215523
  20
67.97440064828672
  10
74.13101229139578
  20
67.94640979230502
  10
74.13191780594939
  20
67.94565990298472
  10
74.13280544296295
  20
67.94488893532551
  10
74.16610490956187
  20
67.91527247609258
  10
74.16696972680172
  20
67.91448500645383
  10
74.16781589263407
  20
67.9136775284823
  10
74.19966755633739
  20
67.88256246625217
  10
74.20049467850531
  20
67.88173534937644
  10
74.20130223071878
  20
67.88088911487623
  10
74.23168069147569
  20
67.8483008496997
  10
74.23247006613
  20
67.84743389814662
  10
74.2332389006937
  20
67.8465486802334
  10
74.26204255830105
  20
67.81258881231365
  10
74.26279278320105
  20
67.81168290452342
  10
74.26352149646699
  20
67.81075960430083
  10
74.29069955082308
  20
67.77547893373949
  10
74.29140400482062
  20
67.77454194782761
  10
74.2920863045331
  20
67.77358870854178
  10
74.31758795553641
  20
67.73706343549122
  10
74.31824914264529
  20
67.73609233270159
  10
74.31888733722188
  20
67.73510596730102
  10
74.34263638471997
  20
67.69743769196447
  10
74.34324951527798
  20
67.69643948255316
  10
74.34383909765235
  20
67.69542718628534
  10
74.36581014159445
  20
67.65666670876439
  10
74.36637082588312
  20
67.65565025121832
  10
74.36690776779919
  20
67.6546210543502
  10
74.38705000808365
  20
67.61489537489884
  10
74.38946414914618
  20
67.60931737796757
  10
74.391183825705
  20
67.60348772623115
  10
74.40049703549916
  20
67.56299212598427
  10
76.05801371602742
  20
67.56299212598427
  10
76.09337803536083
  20
67.54834374529227
  10
76.10802641605282
  20
67.51297942595886
  10
76.10802641605282
  20
66.85298450596902
  10
76.09337803536083
  20
66.81762018663561
  10
76.05801371602742
  20
66.80297180594363
  10
74.40050274920621
  20
66.80297180594363
  10
74.39118539277736
  20
66.76243222170443
  10
74.38946534042394
  20
66.75659904165778
  10
74.38705000808365
  20
66.75101775692744
  10
74.36690776779919
  20
66.71129207747609
  10
74.36637082588312
  20
66.71026288060797
  10
74.36581014159445
  20
66.70924642306188
  10
74.34383909765235
  20
66.67048594554093
  10
74.34324951527798
  20
66.66947364927313
  10
74.34263638471997
  20
66.66847543986181
  10
74.31888733722188
  20
66.63080716452525
  10
74.31824914264529
  20
66.6298207991247
  10
74.31758795553641
  20
66.62884969633505
  10
74.2920863045331
  20
66.59232442328451
  10
74.29140400482062
  20
66.59137118399866
  10
74.29069955082308
  20
66.5904341980868
  10
74.26352149646699
  20
66.55515352752546
  10
74.26279278320105
  20
66.55423022730287
  10
74.26204255830105
  20
66.55332431951263
  10
74.2332389006937
  20
66.51936445159289
  10
74.23247006612998
  20
66.51847923367967
  10
74.23168069147569
  20
66.51761228212658
  10
74.20130223071878
  20
66.48502401695005
  10
74.20049467850531
  20
66.48417778244985
  10
74.19966755633739
  20
66.48335066557411
  10
74.16781589263407
  20
66.45223560334398
  10
74.16696972680172
  20
66.45142812537244
  10
74.16610490956187
  20
66.45064065573371
  10
74.13280544296295
  20
66.42102419650078
  10
74.13191780594939
  20
66.42025322884157
  10
74.13101229139578
  20
66.41950333952127
  10
74.09639202215523
  20
66.39151248353956
  10
74.09546691413435
  20
66.39078237970364
  10
74.09452485988375
  20
66.39007427642699
  10
74.05860918805239
  20
66.36373442374727
  10
74.05766003351538
  20
66.3630552208189
  10
74.05669528807185
  20
66.3623983515912
  10
74.01958581385288
  20
66.3377603023151
  10
74.01860625123463
  20
66.33712628117078
  10
74.01761216390481
  20
66.33651528516808
  10
73.97938508745067
  20
66.31362983939718
  10
73.97837037613876
  20
66.31303843398082
  10
73.97734205725091
  20
66.31247101907267
  10
73.93809897876476
  20
66.2914143769594
  10
73.93704706421626
  20
66.29086591878698
  10
73.93598243699073
  20
66.29034256474348
  10
73.89577415657418
  20
66.27116552638941
  10
73.89472561922706
  20
66.27068022072135
  10
73.89366615082697
  20
66.27021926641885
  10
73.852619668734
  20
66.25292183182397
  10
73.85152827622493
  20
66.25247697664054
  10
73.85042670426456
  20
66.25205796236962
  10
73.8086182206476
  20
66.23671633168635
  10
73.8075084307843
  20
66.23632385056447
  10
73.80638971115336
  20
66.23595759742928
  10
73.76389542616478
  20
66.22259717070843
  10
73.76277564453581
  20
66.22225944174416
  10
73.76164827148547
  20
66.22194799069631
  10
73.7185951853793
  20
66.21059416798866
  10
73.71746811003909
  20
66.21031090283682
  10
73.71633475729327
  20
66.21005390182052
  10
73.67277367017111
  20
66.20070668312607
  10
73.67160857072518
  20
66.20047112666907
  10
73.67043820218122
  20
66.20026332620051
  10
73.62649611429704
  20
66.1929989116717
  10
73.62534198435559
  20
66.19282192823759
  10
73.6241840372876
  20
66.19267193608646
  10
73.5799371487938
  20
66.18746492567243
  10
73.57877009781485
  20
66.18734145020733
  10
73.57760047094418
  20
66.18724539209293
  10
73.5331757820948
  20
66.18412118584453
  10
73.53202110367066
  20
66.1840533904667
  10
73.53086516622311
  20
66.18401231621934
  10
73.48633887717052
  20
66.18294551408573
  10
73.48573996668954
  20
66.18293475304684
  10
73.48514097028196
  20
66.18293116586234
  10
71.63093726187451
  20
66.18293116586234
  10
71.63033826546693
  20
66.18293475304684
  10
71.62973935498594
  20
66.18294551408573
  10
71.58521306593336
  20
66.18401231621934
  10
71.58405712848581
  20
66.1840533904667
  10
71.58290245006167
  20
66.18412118584453
  10
71.53847776121229
  20
66.18724539209293
  10
71.53730813434161
  20
66.18734145020733
  10
71.53614108336266
  20
66.18746492567243
  10
71.49189419486886
  20
66.19267193608646
  10
71.49073624780088
  20
66.19282192823759
  10
71.48958211785943
  20
66.1929989116717
  10
71.44564002997525
  20
66.20026332620051
  10
71.44446966143128
  20
66.20047112666907
  10
71.44330456198536
  20
66.20070668312607
  10
71.3997434748632
  20
66.21005390182052
  10
71.39861012211738
  20
66.21031090283682
  10
71.39748304677717
  20
66.21059416798866
  10
71.354429960671
  20
66.22194799069632
  10
71.35330258762066
  20
66.22225944174416
  10
71.35218280599169
  20
66.22259717070843
  10
71.30968852100311
  20
66.23595759742928
  10
71.30856980137217
  20
66.23632385056447
  10
71.30746001150887
  20
66.23671633168635
  10
71.2656515278919
  20
66.25205796236962
  10
71.26454995593154
  20
66.25247697664055
  10
71.26345856342247
  20
66.25292183182397
  10
71.2224120813295
  20
66.27021926641883
  10
71.22135261292941
  20
66.27068022072135
  10
71.22030407558232
  20
66.27116552638941
  10
71.18009579516574
  20
66.2903425647435
  10
71.17903116794021
  20
66.29086591878698
  10
71.17797925339171
  20
66.2914143769594
  10
71.13873617490556
  20
66.31247101907267
  10
71.13770785601771
  20
66.31303843398082
  10
71.1366931447058
  20
66.31362983939718
  10
71.09846606825165
  20
66.33651528516808
  10
71.09747198092187
  20
66.33712628117078
  10
71.09649241830358
  20
66.3377603023151
  10
71.05938294408462
  20
66.3623983515912
  10
71.05841819864109
  20
66.36305522081888
  10
71.05746904410408
  20
66.36373442374727
  10
71.02155337227275
  20
66.39007427642699
  10
71.02061131802212
  20
66.39078237970364
  10
71.01968621000124
  20
66.39151248353957
  10
70.98506594076069
  20
66.41950333952127
  10
70.98416042620711
  20
66.42025322884156
  10
70.98327278919352
  20
66.42102419650078
  10
70.9499733225946
  20
66.4506406557337
  10
70.94910850535474
  20
66.45142812537244
  10
70.9482623395224
  20
66.452235603344
  10
70.91641067581908
  20
66.48335066557411
  10
70.91558355365116
  20
66.48417778244985
  10
70.91477600143769
  20
66.48502401695006
  10
70.88439754068078
  20
66.51761228212659
  10
70.88360816602649
  20
66.51847923367967
  10
70.88283933146276
  20
66.51936445159289
  10
70.85403567385542
  20
66.55332431951263
  10
70.85328544895542
  20
66.55423022730287
  10
70.85255673568948
  20
66.55515352752545
  10
70.82537868133339
  20
66.5904341980868
  10
70.82467422733585
  20
66.59137118399866
  10
70.82399192762337
  20
66.59232442328451
  10
70.79849027662006
  20
66.62884969633505
  10
70.79782908951118
  20
66.6298207991247
  10
70.79719089493459
  20
66.63080716452525
  10
70.7734418474365
  20
66.66847543986181
  10
70.7728287168785
  20
66.66947364927313
  10
70.77223913450412
  20
66.67048594554093
  10
70.75026809056202
  20
66.7092464230619
  10
70.74970740627334
  20
66.71026288060797
  10
70.74917046435728
  20
66.71129207747609
  10
70.72902822407282
  20
66.75101775692745
  10
70.72850429976852
  20
66.75208218658199
  10
70.72800577113283
  20
66.75315874422816
  10
70.70976853465835
  20
66.79379882550832
  10
70.70930692155311
  20
66.79486020140509
  10
70.70886999318826
  20
66.7959319751952
  10
70.69253776052379
  20
66.83735945805016
  10
70.69211557612611
  20
66.83846874980162
  10
70.69171983478601
  20
66.83958774785667
  10
70.67736880608398
  20
66.88175183218485
  10
70.67700540744731
  20
66.8828618444019
  10
70.67666802907841
  20
66.8839800400589
  10
70.66429820433875
  20
66.92677912565708
  10
70.6639841400115
  20
66.92791585271851
  10
70.66369696552222
  20
66.9290596689741
  10
70.65335914484659
  20
66.97239215563908
  10
70.65310231891185
  20
66.97352700516738
  10
70.65287196301848
  20
66.97466752223215
  10
70.64456614640686
  20
67.01840640970993
  10
70.64436057735172
  20
67.01956288238436
  10
70.64418222410119
  20
67.02072386378006
  10
70.63793381160438
  20
67.06484375201984
  10
70.63778259572864
  20
67.0660101036161
  10
70.6376588480329
  20
67.06717968849756
  10
70.63349323970165
  20
67.11152817719454
  10
70.6333973366465
  20
67.11269596676249
  10
70.63332881755393
  20
67.11386568254206
  10
70.63124601338835
  20
67.15834117149303
  10
70.63120495200756
  20
67.1595106261453
  10
70.6311912623825
  20
67.16068072136146
  10
70.6311912623825
  20
67.20523241046483
  10
70.63120495200756
  20
67.20640250568098
  10
70.63124601338835
  20
67.20757196033325
  10
70.63332881755393
  20
67.25204744928422
  10
70.6333973366465
  20
67.2532171650638
  10
70.63349323970165
  20
67.25438495463175
  10
70.6376588480329
  20
67.29873344332873
  10
70.63778259572864
  20
67.2999030282102
  10
70.63793381160438
  20
67.30106937980645
  10
70.64418222410119
  20
67.34518926804623
  10
70.64436057735172
  20
67.34635024944193
  10
70.64456614640686
  20
67.34750672211636
  10
70.65287196301848
  20
67.39124560959414
  10
70.65310231891185
  20
67.3923861266589
  10
70.65335914484659
  20
67.3935209761872
  10
70.66369696552222
  20
67.43685346285218
  10
70.6639841400115
  20
67.43799727910778
  10
70.66429820433875
  20
67.43913400616921
  10
70.67666802907841
  20
67.48193309176739
  10
70.67700540744728
  20
67.48305128742439
  10
70.67736880608398
  20
67.48416129964144
  10
70.69171983478601
  20
67.52632538396962
  10
70.69211557612608
  20
67.52744438202468
  10
70.69253776052379
  20
67.52855367377612
  10
70.70886999318826
  20
67.56998115663109
  10
70.70930692155311
  20
67.57105293042119
  10
70.70976853465835
  20
67.57211430631797
  10
70.72800577113283
  20
67.61275438759813
  10
70.72850429976852
  20
67.6138309452443
  10
70.72902822407282
  20
67.61489537489884
  10
70.74917046435728
  20
67.6546210543502
  10
70.74970740627334
  20
67.65565025121832
  10
70.75026809056202
  20
67.65666670876439
  10
70.77223913450412
  20
67.69542718628534
  10
70.7728287168785
  20
67.69643948255316
  10
70.7734418474365
  20
67.69743769196447
  10
70.79719089493459
  20
67.73510596730102
  10
70.79782908951118
  20
67.73609233270159
  10
70.79849027662006
  20
67.73706343549122
  10
70.82399192762337
  20
67.77358870854178
  10
70.82467422733585
  20
67.77454194782761
  10
70.82537868133339
  20
67.77547893373949
  10
70.85255673568948
  20
67.81075960430081
  10
70.85328544895542
  20
67.81168290452342
  10
70.85403567385542
  20
67.81258881231366
  10
70.88283933146276
  20
67.8465486802334
  10
70.88360816602646
  20
67.84743389814662
  10
70.88439754068078
  20
67.8483008496997
  10
70.91477600143769
  20
67.88088911487623
  10
70.91558355365116
  20
67.88173534937644
  10
70.91641067581908
  20
67.88256246625218
  10
70.9482623395224
  20
67.9136775284823
  10
70.94910850535474
  20
67.91448500645383
  10
70.9499733225946
  20
67.91527247609258
  10
70.98327278919352
  20
67.94488893532551
  10
70.98416042620711
  20
67.94565990298472
  10
70.98506594076069
  20
67.946409792305
  10
71.01968621000124
  20
67.97440064828672
  10
71.02061131802212
  20
67.97513075212265
  10
71.02155337227275
  20
67.9758388553993
  10
71.05746904410408
  20
68.00217870807901
  10
71.05841819864106
  20
68.0028579110074
  10
71.05938294408462
  20
68.00351478023508
  10
71.09649241830358
  20
68.02815282951119
  10
71.09747198092187
  20
68.02878685065551
  10
71.09846606825165
  20
68.02939784665821
  10
71.1366931447058
  20
68.05228329242911
  10
71.13770785601771
  20
68.05287469784545
  10
71.13873617490553
  20
68.0534421127536
  10
71.17797925339168
  20
68.0744987548669
  10
71.17903116794018
  20
68.07504721303931
  10
71.18009579516574
  20
68.0755705670828
  10
71.22030407558232
  20
68.09474760543688
  10
71.22135261292941
  20
68.09523291110493
  10
71.2224120813295
  20
68.09569386540744
  10
71.26345856342247
  20
68.1129913000023
  10
71.26454995593154
  20
68.11343615518574
  10
71.2656515278919
  20
68.11385516945666
  10
71.30746001150887
  20
68.12919680013992
  10
71.30856980137217
  20
68.1295892812618
  10
71.30968852100311
  20
68.12995553439701
  10
71.35218280599169
  20
68.14331596111786
  10
71.35330258762066
  20
68.14365369008212
  10
71.354429960671
  20
68.14396514112997
  10
71.39748304677717
  20
68.15531896383763
  10
71.39861012211738
  20
68.15560222898947
  10
71.3997434748632
  20
68.15585923000577
  10
71.44330456198536
  20
68.16520644870022
  10
71.44446966143128
  20
68.16544200515722
  10
71.44564002997525
  20
68.16564980562576
  10
71.48958211785943
  20
68.1729142201546
  10
71.49073624780088
  20
68.17309120358868
  10
71.49189419486886
  20
68.17324119573982
  10
71.53614108336266
  20
68.17844820615385
  10
71.53730813434161
  20
68.17857168161896
  10
71.53847776121229
  20
68.17866773973334
  10
71.58290245006167
  20
68.18179194598176
  10
71.58405712848581
  20
68.18185974135957
  0
HATCH
  5
2012
  100
AcDbEntity
  8
Top-Solder-Mask-Layer
  100
AcDbHatch
  10
0
  20
0
  30
0
  210
0
  220
0
  230
1
  2
SOLID
  70
1
  71
0
  91
1
  92
7
  72
0
  73
1
  93
4
  10
69.92033274066547
  20
61.13336296672594
  10
69.92033274066547
  20
61.93496316992635
  10
71.2719456438913
  20
61.93496316992635
  10
71.2719456438913
  20
61.13336296672594
  97
1
  330
2011
  75
0
  76
1
  47
0.4128176842155181
  98
1
  10
34.90568961886538
  20
22.81183545379326
  450
0
  451
0
  460
0
  461
0
  452
1
  462
1
  453
2
  463
0
  63
5
  421
255
  463
1
  63
7
  421
16777215
  470
LINEAR
  1001
ACAD
  1010
0
  1020
0
  1030
0
  0
LWPOLYLINE
  5
2011
  100
AcDbEntity
  8
Top-Solder-Mask-Layer
  100
AcDbPolyline
  90
4
  70
1
  43
0
  10
69.92033274066547
  20
61.13336296672594
  10
69.92033274066547
  20
61.93496316992635
  10
71.2719456438913
  20
61.93496316992635
  10
71.2719456438913
  20
61.13336296672594
  0
HATCH
  5
2018
  100
AcDbEntity
  8
Top-Solder-Mask-Layer
  100
AcDbHatch
  10
0
  20
0
  30
0
  210
0
  220
0
  230
1
  2
SOLID
  70
1
  71
0
  91
1
  92
7
  72
0
  73
1
  93
4
  10
69.92033274066547
  20
63.03328676657354
  10
69.92033274066547
  20
63.83488696977395
  10
71.2719456438913
  20
63.83488696977395
  10
71.2719456438913
  20
63.03328676657354
  97
1
  330
2017
  75
0
  76
1
  47
0.4128176842155181
  98
1
  10
34.90568961886538
  20
22.81183545379326
  450
0
  451
0
  460
0
  461
0
  452
1
  462
1
  453
2
  463
0
  63
5
  421
255
  463
1
  63
7
  421
16777215
  470
LINEAR
  1001
ACAD
  1010
0
  1020
0
  1030
0
  0
LWPOLYLINE
  5
2017
  100
AcDbEntity
  8
Top-Solder-Mask-Layer
  100
AcDbPolyline
  90
4
  70
1
  43
0
  10
69.92033274066547
  20
63.03328676657354
  10
69.92033274066547
  20
63.83488696977395
  10
71.2719456438913
  20
63.83488696977395
  10
71.2719456438913
  20
63.03328676657354
  0
HATCH
  5
2024
  100
AcDbEntity
  8
Top-Solder-Mask-Layer
  100
AcDbHatch
  10
0
  20
0
  30
0
  210
0
  220
0
  230
1
  2
SOLID
  70
1
  71
0
  91
1
  92
7
  72
0
  73
1
  93
4
  10
67.92033274066547
  20
62.08332486664975
  10
67.92033274066547
  20
62.88492506985015
  10
69.2719456438913
  20
62.88492506985015
  10
69.2719456438913
  20
62.08332486664975
  97
1
  330
2023
  75
0
  76
1
  47
0.4128176842155181
  98
1
  10
34.90568961886538
  20
22.81183545379326
  450
0
  451
0
  460
0
  461
0
  452
1
  462
1
  453
2
  463
0
  63
5
  421
255
  463
1
  63
7
  421
16777215
  470
LINEAR
  1001
ACAD
  1010
0
  1020
0
  1030
0
  0
LWPOLYLINE
  5
2023
  100
AcDbEntity
  8
Top-Solder-Mask-Layer
  100
AcDbPolyline
  90
4
  70
1
  43
0
  10
67.92033274066547
  20
62.08332486664975
  10
67.92033274066547
  20
62.88492506985015
  10
69.2719456438913
  20
62.88492506985015
  10
69.2719456438913
  20
62.08332486664975
  0
HATCH
  5
2030
  100
AcDbEntity
  8
Top-Solder-Mask-Layer
  100
AcDbHatch
  10
0
  20
0
  30
0
  210
0
  220
0
  230
1
  2
SOLID
  70
1
  71
0
  91
1
  92
7
  72
0
  73
1
  93
4
  10
68.64693929387856
  20
53.71342392684787
  10
68.00533401066802
  20
53.71342392684787
  10
68.00533401066802
  20
54.315024130048286
  10
68.64693929387856
  20
54.315024130048286
  97
1
  330
2029
  75
0
  76
1
  47
0.4128176842155181
  98
1
  10
34.90568961886538
  20
22.81183545379326
  450
0
  451
0
  460
0
  461
0
  452
1
  462
1
  453
2
  463
0
  63
5
  421
255
  463
1
  63
7
  421
16777215
  470
LINEAR
  1001
ACAD
  1010
0
  1020
0
  1030
0
  0
LWPOLYLINE
  5
2029
  100
AcDbEntity
  8
Top-Solder-Mask-Layer
  100
AcDbPolyline
  90
4
  70
1
  43
0
  10
68.64693929387856
  20
53.71342392684787
  10
68.00533401066802
  20
53.71342392684787
  10
68.00533401066802
  20
54.315024130048286
  10
68.64693929387856
  20
54.315024130048286
  0
HATCH
  5
2036
  100
AcDbEntity
  8
Top-Solder-Mask-Layer
  100
AcDbHatch
  10
0
  20
0
  30
0
  210
0
  220
0
  230
1
  2
SOLID
  70
1
  71
0
  91
1
  92
7
  72
0
  73
1
  93
4
  10
68.64693929387856
  20
52.8731902463805
  10
68.00533401066802
  20
52.8731902463805
  10
68.00533401066802
  20
53.47479044958092
  10
68.64693929387856
  20
53.47479044958092
  97
1
  330
2035
  75
0
  76
1
  47
0.4128176842155181
  98
1
  10
34.90568961886538
  20
22.81183545379326
  450
0
  451
0
  460
0
  461
0
  452
1
  462
1
  453
2
  463
0
  63
5
  421
255
  463
1
  63
7
  421
16777215
  470
LINEAR
  1001
ACAD
  1010
0
  1020
0
  1030
0
  0
LWPOLYLINE
  5
2035
  100
AcDbEntity
  8
Top-Solder-Mask-Layer
  100
AcDbPolyline
  90
4
  70
1
  43
0
  10
68.64693929387856
  20
52.8731902463805
  10
68.00533401066802
  20
52.8731902463805
  10
68.00533401066802
  20
53.47479044958092
  10
68.64693929387856
  20
53.47479044958092
  0
HATCH
  5
2042
  100
AcDbEntity
  8
Top-Solder-Mask-Layer
  100
AcDbHatch
  10
0
  20
0
  30
0
  210
0
  220
0
  230
1
  2
SOLID
  70
1
  71
0
  91
1
  92
7
  72
0
  73
1
  93
4
  10
82.61696723393446
  20
66.66744983489968
  10
81.9753619507239
  20
66.66744983489968
  10
81.9753619507239
  20
67.2690500381001
  10
82.61696723393446
  20
67.2690500381001
  97
1
  330
2041
  75
0
  76
1
  47
0.4128176842155181
  98
1
  10
34.90568961886538
  20
22.81183545379326
  450
0
  451
0
  460
0
  461
0
  452
1
  462
1
  453
2
  463
0
  63
5
  421
255
  463
1
  63
7
  421
16777215
  470
LINEAR
  1001
ACAD
  1010
0
  1020
0
  1030
0
  0
LWPOLYLINE
  5
2041
  100
AcDbEntity
  8
Top-Solder-Mask-Layer
  100
AcDbPolyline
  90
4
  70
1
  43
0
  10
82.61696723393446
  20
66.66744983489968
  10
81.9753619507239
  20
66.66744983489968
  10
81.9753619507239
  20
67.2690500381001
  10
82.61696723393446
  20
67.2690500381001
  0
HATCH
  5
2048
  100
AcDbEntity
  8
Top-Solder-Mask-Layer
  100
AcDbHatch
  10
0
  20
0
  30
0
  210
0
  220
0
  230
1
  2
SOLID
  70
1
  71
0
  91
1
  92
7
  72
0
  73
1
  93
4
  10
82.61696723393446
  20
65.82721615443232
  10
81.9753619507239
  20
65.82721615443232
  10
81.9753619507239
  20
66.42881635763274
  10
82.61696723393446
  20
66.42881635763274
  97
1
  330
2047
  75
0
  76
1
  47
0.4128176842155181
  98
1
  10
34.90568961886538
  20
22.81183545379326
  450
0
  451
0
  460
0
  461
0
  452
1
  462
1
  453
2
  463
0
  63
5
  421
255
  463
1
  63
7
  421
16777215
  470
LINEAR
  1001
ACAD
  1010
0
  1020
0
  1030
0
  0
LWPOLYLINE
  5
2047
  100
AcDbEntity
  8
Top-Solder-Mask-Layer
  100
AcDbPolyline
  90
4
  70
1
  43
0
  10
82.61696723393446
  20
65.82721615443232
  10
81.9753619507239
  20
65.82721615443232
  10
81.9753619507239
  20
66.42881635763274
  10
82.61696723393446
  20
66.42881635763274
  0
HATCH
  5
2054
  100
AcDbEntity
  8
Top-Solder-Mask-Layer
  100
AcDbHatch
  10
0
  20
0
  30
0
  210
0
  220
0
  230
1
  2
SOLID
  70
1
  71
0
  91
1
  92
7
  72
0
  73
1
  93
4
  10
74.21347472694946
  20
59.33431546863095
  10
74.21347472694946
  20
60.299923799847605
  10
75.12155194310388
  20
60.299923799847605
  10
75.12155194310388
  20
59.33431546863095
  97
1
  330
2053
  75
0
  76
1
  47
0.4128176842155181
  98
1
  10
34.90568961886538
  20
22.81183545379326
  450
0
  451
0
  460
0
  461
0
  452
1
  462
1
  453
2
  463
0
  63
5
  421
255
  463
1
  63
7
  421
16777215
  470
LINEAR
  1001
ACAD
  1010
0
  1020
0
  1030
0
  0
LWPOLYLINE
  5
2053
  100
AcDbEntity
  8
Top-Solder-Mask-Layer
  100
AcDbPolyline
  90
4
  70
1
  43
0
  10
74.21347472694946
  20
59.33431546863095
  10
74.21347472694946
  20
60.299923799847605
  10
75.12155194310388
  20
60.299923799847605
  10
75.12155194310388
  20
59.33431546863095
  0
HATCH
  5
2058
  100
AcDbEntity
  8
Top-Solder-Mask-Layer
  100
AcDbHatch
  10
0
  20
0
  30
0
  210
0
  220
0
  230
1
  2
SOLID
  70
1
  71
0
  91
1
  92
7
  72
0
  73
1
  93
4
  10
72.70674371348743
  20
59.33431546863095
  10
72.70674371348743
  20
60.299923799847605
  10
73.61482092964185
  20
60.299923799847605
  10
73.61482092964185
  20
59.33431546863095
  97
1
  330
2057
  75
0
  76
1
  47
0.4128176842155181
  98
1
  10
34.90568961886538
  20
22.81183545379326
  450
0
  451
0
  460
0
  461
0
  452
1
  462
1
  453
2
  463
0
  63
5
  421
255
  463
1
  63
7
  421
16777215
  470
LINEAR
  1001
ACAD
  1010
0
  1020
0
  1030
0
  0
LWPOLYLINE
  5
2057
  100
AcDbEntity
  8
Top-Solder-Mask-Layer
  100
AcDbPolyline
  90
4
  70
1
  43
0
  10
72.70674371348743
  20
59.33431546863095
  10
72.70674371348743
  20
60.299923799847605
  10
73.61482092964185
  20
60.299923799847605
  10
73.61482092964185
  20
59.33431546863095
  0
HATCH
  5
2062
  100
AcDbEntity
  8
Top-Solder-Mask-Layer
  100
AcDbHatch
  10
0
  20
0
  30
0
  210
0
  220
0
  230
1
  2
SOLID
  70
1
  71
0
  91
1
  92
7
  72
0
  73
1
  93
4
  10
73.83247396494794
  20
55.65130810261621
  10
73.83247396494794
  20
56.61691643383288
  10
74.74055118110236
  20
56.61691643383288
  10
74.74055118110236
  20
55.65130810261621
  97
1
  330
2061
  75
0
  76
1
  47
0.4128176842155181
  98
1
  10
34.90568961886538
  20
22.81183545379326
  450
0
  451
0
  460
0
  461
0
  452
1
  462
1
  453
2
  463
0
  63
5
  421
255
  463
1
  63
7
  421
16777215
  470
LINEAR
  1001
ACAD
  1010
0
  1020
0
  1030
0
  0
LWPOLYLINE
  5
2061
  100
AcDbEntity
  8
Top-Solder-Mask-Layer
  100
AcDbPolyline
  90
4
  70
1
  43
0
  10
73.83247396494794
  20
55.65130810261621
  10
73.83247396494794
  20
56.61691643383288
  10
74.74055118110236
  20
56.61691643383288
  10
74.74055118110236
  20
55.65130810261621
  0
HATCH
  5
2066
  100
AcDbEntity
  8
Top-Solder-Mask-Layer
  100
AcDbHatch
  10
0
  20
0
  30
0
  210
0
  220
0
  230
1
  2
SOLID
  70
1
  71
0
  91
1
  92
7
  72
0
  73
1
  93
4
  10
72.3257429514859
  20
55.65130810261621
  10
72.3257429514859
  20
56.61691643383288
  10
73.23382016764033
  20
56.61691643383288
  10
73.23382016764033
  20
55.65130810261621
  97
1
  330
2065
  75
0
  76
1
  47
0.4128176842155181
  98
1
  10
34.90568961886538
  20
22.81183545379326
  450
0
  451
0
  460
0
  461
0
  452
1
  462
1
  453
2
  463
0
  63
5
  421
255
  463
1
  63
7
  421
16777215
  470
LINEAR
  1001
ACAD
  1010
0
  1020
0
  1030
0
  0
LWPOLYLINE
  5
2065
  100
AcDbEntity
  8
Top-Solder-Mask-Layer
  100
AcDbPolyline
  90
4
  70
1
  43
0
  10
72.3257429514859
  20
55.65130810261621
  10
72.3257429514859
  20
56.61691643383288
  10
73.23382016764033
  20
56.61691643383288
  10
73.23382016764033
  20
55.65130810261621
  0
HATCH
  5
1279
  100
AcDbEntity
  8
Top-Paste-Mask-Layer
  100
AcDbHatch
  10
0
  20
0
  30
0
  210
0
  220
0
  230
1
  2
SOLID
  70
1
  71
0
  91
1
  92
7
  72
0
  73
1
  93
12
  10
75.10916941833882
  20
60.26710693421388
  10
75.15915671831344
  20
60.21709423418848
  10
75.15915671831344
  20
59.41709423418848
  10
75.10916941833882
  20
59.36710693421388
  10
74.30916941833884
  20
59.36710693421388
  10
74.25915671831343
  20
59.41709423418848
  10
74.25915671831343
  20
59.659131318262645
  10
74.62915925831852
  20
59.659131318262645
  10
74.62915925831852
  20
59.989128778257566
  10
74.25915671831343
  20
59.989128778257566
  10
74.25915671831343
  20
60.21709423418848
  10
74.30916941833884
  20
60.26710693421388
  97
1
  330
1278
  75
0
  76
1
  47
0.4128176842155181
  98
1
  10
34.90568961886538
  20
22.81183545379326
  450
0
  451
0
  460
0
  461
0
  452
1
  462
1
  453
2
  463
0
  63
5
  421
255
  463
1
  63
7
  421
16777215
  470
LINEAR
  1001
ACAD
  1010
0
  1020
0
  1030
0
  0
LWPOLYLINE
  5
1278
  100
AcDbEntity
  8
Top-Paste-Mask-Layer
  100
AcDbPolyline
  90
12
  70
1
  43
0.005080010160020321
  10
75.10916941833882
  20
60.26710693421388
  10
75.15915671831344
  20
60.21709423418848
  10
75.15915671831344
  20
59.41709423418848
  10
75.10916941833882
  20
59.36710693421388
  10
74.30916941833884
  20
59.36710693421388
  10
74.25915671831343
  20
59.41709423418848
  10
74.25915671831343
  20
59.659131318262645
  10
74.62915925831852
  20
59.659131318262645
  10
74.62915925831852
  20
59.989128778257566
  10
74.25915671831343
  20
59.989128778257566
  10
74.25915671831343
  20
60.21709423418848
  10
74.30916941833884
  20
60.26710693421388
  0
HATCH
  5
1281
  100
AcDbEntity
  8
Top-Paste-Mask-Layer
  100
AcDbHatch
  10
0
  20
0
  30
0
  210
0
  220
0
  230
1
  2
SOLID
  70
1
  71
0
  91
1
  92
7
  72
0
  73
1
  93
12
  10
72.71912623825249
  20
59.367132334264674
  10
72.66913893827787
  20
59.41714503429008
  10
72.66913893827787
  20
60.21714503429008
  10
72.71912623825249
  20
60.26713233426467
  10
73.51912623825247
  20
60.26713233426467
  10
73.56913893827787
  20
60.21714503429008
  10
73.56913893827787
  20
59.975107950215914
  10
73.19913639827278
  20
59.975107950215914
  10
73.19913639827278
  20
59.645110490220986
  10
73.56913893827787
  20
59.645110490220986
  10
73.56913893827787
  20
59.41714503429008
  10
73.51912623825247
  20
59.367132334264674
  97
1
  330
1280
  75
0
  76
1
  47
0.4128176842155181
  98
1
  10
34.90568961886538
  20
22.81183545379326
  450
0
  451
0
  460
0
  461
0
  452
1
  462
1
  453
2
  463
0
  63
5
  421
255
  463
1
  63
7
  421
16777215
  470
LINEAR
  1001
ACAD
  1010
0
  1020
0
  1030
0
  0
LWPOLYLINE
  5
1280
  100
AcDbEntity
  8
Top-Paste-Mask-Layer
  100
AcDbPolyline
  90
12
  70
1
  43
0.005080010160020321
  10
72.71912623825249
  20
59.367132334264674
  10
72.66913893827787
  20
59.41714503429008
  10
72.66913893827787
  20
60.21714503429008
  10
72.71912623825249
  20
60.26713233426467
  10
73.51912623825247
  20
60.26713233426467
  10
73.56913893827787
  20
60.21714503429008
  10
73.56913893827787
  20
59.975107950215914
  10
73.19913639827278
  20
59.975107950215914
  10
73.19913639827278
  20
59.645110490220986
  10
73.56913893827787
  20
59.645110490220986
  10
73.56913893827787
  20
59.41714503429008
  10
73.51912623825247
  20
59.367132334264674
  0
HATCH
  5
1294
  100
AcDbEntity
  8
Top-Paste-Mask-Layer
  100
AcDbHatch
  10
0
  20
0
  30
0
  210
0
  220
0
  230
1
  2
SOLID
  70
1
  71
0
  91
1
  92
7
  72
0
  73
1
  93
12
  10
74.7281686563373
  20
56.58409956819915
  10
74.77815595631192
  20
56.534086868173745
  10
74.77815595631192
  20
55.73408686817375
  10
74.7281686563373
  20
55.684099568199144
  10
73.92816865633732
  20
55.684099568199144
  10
73.87815595631191
  20
55.73408686817375
  10
73.87815595631191
  20
55.97612395224792
  10
74.248158496317
  20
55.97612395224792
  10
74.248158496317
  20
56.30612141224283
  10
73.87815595631191
  20
56.30612141224283
  10
73.87815595631191
  20
56.534086868173745
  10
73.92816865633732
  20
56.58409956819915
  97
1
  330
1293
  75
0
  76
1
  47
0.4128176842155181
  98
1
  10
34.90568961886538
  20
22.81183545379326
  450
0
  451
0
  460
0
  461
0
  452
1
  462
1
  453
2
  463
0
  63
5
  421
255
  463
1
  63
7
  421
16777215
  470
LINEAR
  1001
ACAD
  1010
0
  1020
0
  1030
0
  0
LWPOLYLINE
  5
1293
  100
AcDbEntity
  8
Top-Paste-Mask-Layer
  100
AcDbPolyline
  90
12
  70
1
  43
0.005080010160020321
  10
74.7281686563373
  20
56.58409956819915
  10
74.77815595631192
  20
56.534086868173745
  10
74.77815595631192
  20
55.73408686817375
  10
74.7281686563373
  20
55.684099568199144
  10
73.92816865633732
  20
55.684099568199144
  10
73.87815595631191
  20
55.73408686817375
  10
73.87815595631191
  20
55.97612395224792
  10
74.248158496317
  20
55.97612395224792
  10
74.248158496317
  20
56.30612141224283
  10
73.87815595631191
  20
56.30612141224283
  10
73.87815595631191
  20
56.534086868173745
  10
73.92816865633732
  20
56.58409956819915
  0
HATCH
  5
1296
  100
AcDbEntity
  8
Top-Paste-Mask-Layer
  100
AcDbHatch
  10
0
  20
0
  30
0
  210
0
  220
0
  230
1
  2
SOLID
  70
1
  71
0
  91
1
  92
7
  72
0
  73
1
  93
12
  10
72.33812547625097
  20
55.68412496824995
  10
72.28813817627635
  20
55.73413766827535
  10
72.28813817627635
  20
56.53413766827535
  10
72.33812547625097
  20
56.584124968249945
  10
73.13812547625095
  20
56.584124968249945
  10
73.18813817627635
  20
56.53413766827535
  10
73.18813817627635
  20
56.29210058420118
  10
72.81813563627126
  20
56.29210058420118
  10
72.81813563627126
  20
55.96210312420626
  10
73.18813817627635
  20
55.96210312420626
  10
73.18813817627635
  20
55.73413766827535
  10
73.13812547625095
  20
55.68412496824995
  97
1
  330
1295
  75
0
  76
1
  47
0.4128176842155181
  98
1
  10
34.90568961886538
  20
22.81183545379326
  450
0
  451
0
  460
0
  461
0
  452
1
  462
1
  453
2
  463
0
  63
5
  421
255
  463
1
  63
7
  421
16777215
  470
LINEAR
  1001
ACAD
  1010
0
  1020
0
  1030
0
  0
LWPOLYLINE
  5
1295
  100
AcDbEntity
  8
Top-Paste-Mask-Layer
  100
AcDbPolyline
  90
12
  70
1
  43
0.005080010160020321
  10
72.33812547625097
  20
55.68412496824995
  10
72.28813817627635
  20
55.73413766827535
  10
72.28813817627635
  20
56.53413766827535
  10
72.33812547625097
  20
56.584124968249945
  10
73.13812547625095
  20
56.584124968249945
  10
73.18813817627635
  20
56.53413766827535
  10
73.18813817627635
  20
56.29210058420118
  10
72.81813563627126
  20
56.29210058420118
  10
72.81813563627126
  20
55.96210312420626
  10
73.18813817627635
  20
55.96210312420626
  10
73.18813817627635
  20
55.73413766827535
  10
73.13812547625095
  20
55.68412496824995
  0
HATCH
  5
1458
  100
AcDbEntity
  8
Top-Paste-Mask-Layer
  100
AcDbHatch
  10
0
  20
0
  30
0
  210
0
  220
0
  230
1
  2
SOLID
  70
1
  71
0
  91
1
  92
7
  72
0
  73
1
  93
4
  10
63.946126492252986
  20
62.09912369824738
  10
62.54612649225298
  20
62.09912369824738
  10
62.54612649225298
  20
63.599123698247396
  10
63.946126492252986
  20
63.599123698247396
  97
1
  330
1457
  75
0
  76
1
  47
0.4128176842155181
  98
1
  10
34.90568961886538
  20
22.81183545379326
  450
0
  451
0
  460
0
  461
0
  452
1
  462
1
  453
2
  463
0
  63
5
  421
255
  463
1
  63
7
  421
16777215
  470
LINEAR
  1001
ACAD
  1010
0
  1020
0
  1030
0
  0
LWPOLYLINE
  5
1457
  100
AcDbEntity
  8
Top-Paste-Mask-Layer
  100
AcDbPolyline
  90
4
  70
1
  43
0
  10
63.946126492252986
  20
62.09912369824738
  10
62.54612649225298
  20
62.09912369824738
  10
62.54612649225298
  20
63.599123698247396
  10
63.946126492252986
  20
63.599123698247396
  0
HATCH
  5
1485
  100
AcDbEntity
  8
Top-Paste-Mask-Layer
  100
AcDbHatch
  10
0
  20
0
  30
0
  210
0
  220
0
  230
1
  2
SOLID
  70
1
  71
0
  91
1
  92
7
  72
1
  73
1
  93
2
  10
62.546126492252995
  20
60.84912369824741
  42
1
  10
63.946126492253
  20
60.84912369824741
  42
1
  97
1
  330
1484
  75
0
  76
1
  47
0.8681437583925616
  98
1
  10
3.629517071192367
  20
33.92795499968543
  450
0
  451
0
  460
0
  461
0
  452
1
  462
1
  453
2
  463
0
  63
5
  421
255
  463
1
  63
7
  421
16777215
  470
LINEAR
  1001
ACAD
  1010
0
  1020
0
  1030
0
  0
LWPOLYLINE
  5
1486
  100
AcDbEntity
  8
Top-Paste-Mask-Layer
  100
AcDbPolyline
  90
4
  70
0
  43
0
  10
62.54612649225298
  20
60.84912369822344
  42
1
  10
63.946126492252986
  20
60.84912369822344
  10
63.946126492252986
  20
60.84912369827137
  42
1
  10
62.54612649225298
  20
60.84912369827137
  0
HATCH
  5
1515
  100
AcDbEntity
  8
Top-Paste-Mask-Layer
  100
AcDbHatch
  10
0
  20
0
  30
0
  210
0
  220
0
  230
1
  2
SOLID
  70
1
  71
0
  91
1
  92
7
  72
1
  73
1
  93
2
  10
86.16817373634748
  20
63.73812547625096
  42
1
  10
87.56817373634749
  20
63.73812547625096
  42
1
  97
1
  330
1514
  75
0
  76
1
  47
0.8681437583925616
  98
1
  10
3.629517071192367
  20
33.92795499968543
  450
0
  451
0
  460
0
  461
0
  452
1
  462
1
  453
2
  463
0
  63
5
  421
255
  463
1
  63
7
  421
16777215
  470
LINEAR
  1001
ACAD
  1010
0
  1020
0
  1030
0
  0
LWPOLYLINE
  5
1516
  100
AcDbEntity
  8
Top-Paste-Mask-Layer
  100
AcDbPolyline
  90
4
  70
0
  43
0
  10
86.16817373634747
  20
63.738125476227
  42
1
  10
87.56817373634748
  20
63.738125476227
  10
87.56817373634748
  20
63.73812547627493
  42
1
  10
86.16817373634747
  20
63.73812547627493
  0
HATCH
  5
1539
  100
AcDbEntity
  8
Top-Paste-Mask-Layer
  100
AcDbHatch
  10
0
  20
0
  30
0
  210
0
  220
0
  230
1
  2
SOLID
  70
1
  71
0
  91
1
  92
7
  72
0
  73
1
  93
4
  10
86.16817373634747
  20
62.48812547625098
  10
87.56817373634748
  20
62.48812547625098
  10
87.56817373634748
  20
60.98812547625096
  10
86.16817373634747
  20
60.98812547625096
  97
1
  330
1538
  75
0
  76
1
  47
0.4128176842155181
  98
1
  10
34.90568961886538
  20
22.81183545379326
  450
0
  451
0
  460
0
  461
0
  452
1
  462
1
  453
2
  463
0
  63
5
  421
255
  463
1
  63
7
  421
16777215
  470
LINEAR
  1001
ACAD
  1010
0
  1020
0
  1030
0
  0
LWPOLYLINE
  5
1538
  100
AcDbEntity
  8
Top-Paste-Mask-Layer
  100
AcDbPolyline
  90
4
  70
1
  43
0
  10
86.16817373634747
  20
62.48812547625098
  10
87.56817373634748
  20
62.48812547625098
  10
87.56817373634748
  20
60.98812547625096
  10
86.16817373634747
  20
60.98812547625096
  0
HATCH
  5
1560
  100
AcDbEntity
  8
Top-Paste-Mask-Layer
  100
AcDbHatch
  10
0
  20
0
  30
0
  210
0
  220
0
  230
1
  2
SOLID
  70
1
  71
0
  91
1
  92
7
  72
0
  73
1
  93
4
  10
63.946126492252986
  20
54.606108712217406
  10
62.54612649225298
  20
54.606108712217406
  10
62.54612649225298
  20
56.10610871221743
  10
63.946126492252986
  20
56.10610871221743
  97
1
  330
1559
  75
0
  76
1
  47
0.4128176842155181
  98
1
  10
34.90568961886538
  20
22.81183545379326
  450
0
  451
0
  460
0
  461
0
  452
1
  462
1
  453
2
  463
0
  63
5
  421
255
  463
1
  63
7
  421
16777215
  470
LINEAR
  1001
ACAD
  1010
0
  1020
0
  1030
0
  0
LWPOLYLINE
  5
1559
  100
AcDbEntity
  8
Top-Paste-Mask-Layer
  100
AcDbPolyline
  90
4
  70
1
  43
0
  10
63.946126492252986
  20
54.606108712217406
  10
62.54612649225298
  20
54.606108712217406
  10
62.54612649225298
  20
56.10610871221743
  10
63.946126492252986
  20
56.10610871221743
  0
HATCH
  5
1587
  100
AcDbEntity
  8
Top-Paste-Mask-Layer
  100
AcDbHatch
  10
0
  20
0
  30
0
  210
0
  220
0
  230
1
  2
SOLID
  70
1
  71
0
  91
1
  92
7
  72
1
  73
1
  93
2
  10
62.546126492252995
  20
53.356108712217434
  42
1
  10
63.946126492253
  20
53.356108712217434
  42
1
  97
1
  330
1586
  75
0
  76
1
  47
0.8681437583925616
  98
1
  10
3.629517071192367
  20
33.92795499968543
  450
0
  451
0
  460
0
  461
0
  452
1
  462
1
  453
2
  463
0
  63
5
  421
255
  463
1
  63
7
  421
16777215
  470
LINEAR
  1001
ACAD
  1010
0
  1020
0
  1030
0
  0
LWPOLYLINE
  5
1588
  100
AcDbEntity
  8
Top-Paste-Mask-Layer
  100
AcDbPolyline
  90
4
  70
0
  43
0
  10
62.54612649225298
  20
53.35610871219346
  42
1
  10
63.946126492252986
  20
53.35610871219346
  10
63.946126492252986
  20
53.3561087122414
  42
1
  10
62.54612649225298
  20
53.3561087122414
  0
HATCH
  5
1617
  100
AcDbEntity
  8
Top-Paste-Mask-Layer
  100
AcDbHatch
  10
0
  20
0
  30
0
  210
0
  220
0
  230
1
  2
SOLID
  70
1
  71
0
  91
1
  92
7
  72
1
  73
1
  93
2
  10
86.29517399034799
  20
55.737109474218954
  42
1
  10
87.695173990348
  20
55.737109474218954
  42
1
  97
1
  330
1616
  75
0
  76
1
  47
0.8681437583925616
  98
1
  10
3.629517071192367
  20
33.92795499968543
  450
0
  451
0
  460
0
  461
0
  452
1
  462
1
  453
2
  463
0
  63
5
  421
255
  463
1
  63
7
  421
16777215
  470
LINEAR
  1001
ACAD
  1010
0
  1020
0
  1030
0
  0
LWPOLYLINE
  5
1618
  100
AcDbEntity
  8
Top-Paste-Mask-Layer
  100
AcDbPolyline
  90
4
  70
0
  43
0
  10
86.29517399034798
  20
55.73710947419499
  42
1
  10
87.69517399034798
  20
55.73710947419499
  10
87.69517399034798
  20
55.73710947424293
  42
1
  10
86.29517399034798
  20
55.73710947424293
  0
HATCH
  5
1641
  100
AcDbEntity
  8
Top-Paste-Mask-Layer
  100
AcDbHatch
  10
0
  20
0
  30
0
  210
0
  220
0
  230
1
  2
SOLID
  70
1
  71
0
  91
1
  92
7
  72
0
  73
1
  93
4
  10
86.29517399034798
  20
54.487109474218975
  10
87.69517399034798
  20
54.487109474218975
  10
87.69517399034798
  20
52.987109474218954
  10
86.29517399034798
  20
52.987109474218954
  97
1
  330
1640
  75
0
  76
1
  47
0.4128176842155181
  98
1
  10
34.90568961886538
  20
22.81183545379326
  450
0
  451
0
  460
0
  461
0
  452
1
  462
1
  453
2
  463
0
  63
5
  421
255
  463
1
  63
7
  421
16777215
  470
LINEAR
  1001
ACAD
  1010
0
  1020
0
  1030
0
  0
LWPOLYLINE
  5
1640
  100
AcDbEntity
  8
Top-Paste-Mask-Layer
  100
AcDbPolyline
  90
4
  70
1
  43
0
  10
86.29517399034798
  20
54.487109474218975
  10
87.69517399034798
  20
54.487109474218975
  10
87.69517399034798
  20
52.987109474218954
  10
86.29517399034798
  20
52.987109474218954
  0
HATCH
  5
1662
  100
AcDbEntity
  8
Top-Paste-Mask-Layer
  100
AcDbHatch
  10
0
  20
0
  30
0
  210
0
  220
0
  230
1
  2
SOLID
  70
1
  71
0
  91
1
  92
7
  72
0
  73
1
  93
4
  10
86.16817373634747
  20
46.740093980187986
  10
87.56817373634748
  20
46.740093980187986
  10
87.56817373634748
  20
45.240093980187964
  10
86.16817373634747
  20
45.240093980187964
  97
1
  330
1661
  75
0
  76
1
  47
0.4128176842155181
  98
1
  10
34.90568961886538
  20
22.81183545379326
  450
0
  451
0
  460
0
  461
0
  452
1
  462
1
  453
2
  463
0
  63
5
  421
255
  463
1
  63
7
  421
16777215
  470
LINEAR
  1001
ACAD
  1010
0
  1020
0
  1030
0
  0
LWPOLYLINE
  5
1661
  100
AcDbEntity
  8
Top-Paste-Mask-Layer
  100
AcDbPolyline
  90
4
  70
1
  43
0
  10
86.16817373634747
  20
46.740093980187986
  10
87.56817373634748
  20
46.740093980187986
  10
87.56817373634748
  20
45.240093980187964
  10
86.16817373634747
  20
45.240093980187964
  0
HATCH
  5
1689
  100
AcDbEntity
  8
Top-Paste-Mask-Layer
  100
AcDbHatch
  10
0
  20
0
  30
0
  210
0
  220
0
  230
1
  2
SOLID
  70
1
  71
0
  91
1
  92
7
  72
1
  73
1
  93
2
  10
86.16817373634748
  20
47.990093980187964
  42
1
  10
87.56817373634749
  20
47.990093980187964
  42
1
  97
1
  330
1688
  75
0
  76
1
  47
0.8681437583925616
  98
1
  10
3.629517071192367
  20
33.92795499968543
  450
0
  451
0
  460
0
  461
0
  452
1
  462
1
  453
2
  463
0
  63
5
  421
255
  463
1
  63
7
  421
16777215
  470
LINEAR
  1001
ACAD
  1010
0
  1020
0
  1030
0
  0
LWPOLYLINE
  5
1690
  100
AcDbEntity
  8
Top-Paste-Mask-Layer
  100
AcDbPolyline
  90
4
  70
0
  43
0
  10
86.16817373634747
  20
47.990093980164005
  42
1
  10
87.56817373634748
  20
47.990093980164
  10
87.56817373634748
  20
47.99009398021194
  42
1
  10
86.16817373634747
  20
47.99009398021194
  0
HATCH
  5
1713
  100
AcDbEntity
  8
Top-Paste-Mask-Layer
  100
AcDbHatch
  10
0
  20
0
  30
0
  210
0
  220
0
  230
1
  2
SOLID
  70
1
  71
0
  91
1
  92
7
  72
0
  73
1
  93
4
  10
63.946126492252986
  20
47.11309372618744
  10
62.54612649225298
  20
47.11309372618744
  10
62.54612649225298
  20
48.61309372618746
  10
63.946126492252986
  20
48.61309372618746
  97
1
  330
1712
  75
0
  76
1
  47
0.4128176842155181
  98
1
  10
34.90568961886538
  20
22.81183545379326
  450
0
  451
0
  460
0
  461
0
  452
1
  462
1
  453
2
  463
0
  63
5
  421
255
  463
1
  63
7
  421
16777215
  470
LINEAR
  1001
ACAD
  1010
0
  1020
0
  1030
0
  0
LWPOLYLINE
  5
1712
  100
AcDbEntity
  8
Top-Paste-Mask-Layer
  100
AcDbPolyline
  90
4
  70
1
  43
0
  10
63.946126492252986
  20
47.11309372618744
  10
62.54612649225298
  20
47.11309372618744
  10
62.54612649225298
  20
48.61309372618746
  10
63.946126492252986
  20
48.61309372618746
  0
HATCH
  5
1740
  100
AcDbEntity
  8
Top-Paste-Mask-Layer
  100
AcDbHatch
  10
0
  20
0
  30
0
  210
0
  220
0
  230
1
  2
SOLID
  70
1
  71
0
  91
1
  92
7
  72
1
  73
1
  93
2
  10
62.546126492252995
  20
45.86309372618745
  42
1
  10
63.946126492253
  20
45.86309372618745
  42
1
  97
1
  330
1739
  75
0
  76
1
  47
0.8681437583925616
  98
1
  10
3.629517071192367
  20
33.92795499968543
  450
0
  451
0
  460
0
  461
0
  452
1
  462
1
  453
2
  463
0
  63
5
  421
255
  463
1
  63
7
  421
16777215
  470
LINEAR
  1001
ACAD
  1010
0
  1020
0
  1030
0
  0
LWPOLYLINE
  5
1741
  100
AcDbEntity
  8
Top-Paste-Mask-Layer
  100
AcDbPolyline
  90
4
  70
0
  43
0
  10
62.54612649225298
  20
45.86309372616349
  42
1
  10
63.946126492252986
  20
45.863093726163484
  10
63.946126492252986
  20
45.86309372621142
  42
1
  10
62.54612649225298
  20
45.86309372621142
  0
HATCH
  5
1770
  100
AcDbEntity
  8
Top-Paste-Mask-Layer
  100
AcDbHatch
  10
0
  20
0
  30
0
  210
0
  220
0
  230
1
  2
SOLID
  70
1
  71
0
  91
1
  92
7
  72
1
  73
1
  93
2
  10
70.29514859029717
  20
45.99415798831598
  42
1
  10
71.81915163830328
  20
45.99415798831598
  42
1
  97
1
  330
1769
  75
0
  76
1
  47
0.8681437583925616
  98
1
  10
3.629517071192367
  20
33.92795499968543
  450
0
  451
0
  460
0
  461
0
  452
1
  462
1
  453
2
  463
0
  63
5
  421
255
  463
1
  63
7
  421
16777215
  470
LINEAR
  1001
ACAD
  1010
0
  1020
0
  1030
0
  0
LWPOLYLINE
  5
1771
  100
AcDbEntity
  8
Top-Paste-Mask-Layer
  100
AcDbPolyline
  90
2
  70
1
  43
0
  10
70.29514859029716
  20
45.99415798831598
  42
1
  10
71.81915163830327
  20
45.99415798831598
  42
1
  0
HATCH
  5
1800
  100
AcDbEntity
  8
Top-Paste-Mask-Layer
  100
AcDbHatch
  10
0
  20
0
  30
0
  210
0
  220
0
  230
1
  2
SOLID
  70
1
  71
0
  91
1
  92
7
  72
1
  73
1
  93
2
  10
74.29514859029717
  20
45.99415798831598
  42
1
  10
75.81915163830328
  20
45.99415798831598
  42
1
  97
1
  330
1799
  75
0
  76
1
  47
0.8681437583925616
  98
1
  10
3.629517071192367
  20
33.92795499968543
  450
0
  451
0
  460
0
  461
0
  452
1
  462
1
  453
2
  463
0
  63
5
  421
255
  463
1
  63
7
  421
16777215
  470
LINEAR
  1001
ACAD
  1010
0
  1020
0
  1030
0
  0
LWPOLYLINE
  5
1801
  100
AcDbEntity
  8
Top-Paste-Mask-Layer
  100
AcDbPolyline
  90
2
  70
1
  43
0
  10
74.29514859029719
  20
45.99415798831598
  42
1
  10
75.81915163830327
  20
45.99415798831598
  42
1
  0
HATCH
  5
1830
  100
AcDbEntity
  8
Top-Paste-Mask-Layer
  100
AcDbHatch
  10
0
  20
0
  30
0
  210
0
  220
0
  230
1
  2
SOLID
  70
1
  71
0
  91
1
  92
7
  72
1
  73
1
  93
2
  10
78.2951485902972
  20
45.99415798831598
  42
1
  10
79.81915163830331
  20
45.99415798831598
  42
1
  97
1
  330
1829
  75
0
  76
1
  47
0.8681437583925616
  98
1
  10
3.629517071192367
  20
33.92795499968543
  450
0
  451
0
  460
0
  461
0
  452
1
  462
1
  453
2
  463
0
  63
5
  421
255
  463
1
  63
7
  421
16777215
  470
LINEAR
  1001
ACAD
  1010
0
  1020
0
  1030
0
  0
LWPOLYLINE
  5
1831
  100
AcDbEntity
  8
Top-Paste-Mask-Layer
  100
AcDbPolyline
  90
2
  70
1
  43
0
  10
78.29514859029719
  20
45.99415798831598
  42
1
  10
79.8191516383033
  20
45.99415798831598
  42
1
  0
HATCH
  5
1860
  100
AcDbEntity
  8
Top-Paste-Mask-Layer
  100
AcDbHatch
  10
0
  20
0
  30
0
  210
0
  220
0
  230
1
  2
SOLID
  70
1
  71
0
  91
1
  92
7
  72
1
  73
1
  93
2
  10
70.29514859029717
  20
48.49403098806198
  42
1
  10
71.81915163830328
  20
48.49403098806198
  42
1
  97
1
  330
1859
  75
0
  76
1
  47
0.8681437583925616
  98
1
  10
3.629517071192367
  20
33.92795499968543
  450
0
  451
0
  460
0
  461
0
  452
1
  462
1
  453
2
  463
0
  63
5
  421
255
  463
1
  63
7
  421
16777215
  470
LINEAR
  1001
ACAD
  1010
0
  1020
0
  1030
0
  0
LWPOLYLINE
  5
1861
  100
AcDbEntity
  8
Top-Paste-Mask-Layer
  100
AcDbPolyline
  90
2
  70
1
  43
0
  10
70.29514859029716
  20
48.49403098806198
  42
1
  10
71.81915163830327
  20
48.49403098806198
  42
1
  0
HATCH
  5
1890
  100
AcDbEntity
  8
Top-Paste-Mask-Layer
  100
AcDbHatch
  10
0
  20
0
  30
0
  210
0
  220
0
  230
1
  2
SOLID
  70
1
  71
0
  91
1
  92
7
  72
1
  73
1
  93
2
  10
74.29514859029717
  20
48.49403098806198
  42
1
  10
75.81915163830328
  20
48.49403098806198
  42
1
  97
1
  330
1889
  75
0
  76
1
  47
0.8681437583925616
  98
1
  10
3.629517071192367
  20
33.92795499968543
  450
0
  451
0
  460
0
  461
0
  452
1
  462
1
  453
2
  463
0
  63
5
  421
255
  463
1
  63
7
  421
16777215
  470
LINEAR
  1001
ACAD
  1010
0
  1020
0
  1030
0
  0
LWPOLYLINE
  5
1891
  100
AcDbEntity
  8
Top-Paste-Mask-Layer
  100
AcDbPolyline
  90
2
  70
1
  43
0
  10
74.29514859029719
  20
48.49403098806198
  42
1
  10
75.81915163830327
  20
48.49403098806198
  42
1
  0
HATCH
  5
1920
  100
AcDbEntity
  8
Top-Paste-Mask-Layer
  100
AcDbHatch
  10
0
  20
0
  30
0
  210
0
  220
0
  230
1
  2
SOLID
  70
1
  71
0
  91
1
  92
7
  72
1
  73
1
  93
2
  10
78.2951485902972
  20
48.49403098806198
  42
1
  10
79.81915163830331
  20
48.49403098806198
  42
1
  97
1
  330
1919
  75
0
  76
1
  47
0.8681437583925616
  98
1
  10
3.629517071192367
  20
33.92795499968543
  450
0
  451
0
  460
0
  461
0
  452
1
  462
1
  453
2
  463
0
  63
5
  421
255
  463
1
  63
7
  421
16777215
  470
LINEAR
  1001
ACAD
  1010
0
  1020
0
  1030
0
  0
LWPOLYLINE
  5
1921
  100
AcDbEntity
  8
Top-Paste-Mask-Layer
  100
AcDbPolyline
  90
2
  70
1
  43
0
  10
78.29514859029719
  20
48.49403098806198
  42
1
  10
79.8191516383033
  20
48.49403098806198
  42
1
  0
HATCH
  5
1950
  100
AcDbEntity
  8
Top-Paste-Mask-Layer
  100
AcDbHatch
  10
0
  20
0
  30
0
  210
0
  220
0
  230
1
  2
SOLID
  70
1
  71
0
  91
1
  92
7
  72
1
  73
1
  93
2
  10
80.35722631445262
  20
47.24409448818898
  42
1
  10
81.95722631445261
  20
47.24409448818898
  42
1
  97
1
  330
1949
  75
0
  76
1
  47
0.8681437583925616
  98
1
  10
3.629517071192367
  20
33.92795499968543
  450
0
  451
0
  460
0
  461
0
  452
1
  462
1
  453
2
  463
0
  63
5
  421
255
  463
1
  63
7
  421
16777215
  470
LINEAR
  1001
ACAD
  1010
0
  1020
0
  1030
0
  0
LWPOLYLINE
  5
1951
  100
AcDbEntity
  8
Top-Paste-Mask-Layer
  100
AcDbPolyline
  90
4
  70
0
  43
0
  10
80.35722631445263
  20
47.24409448842855
  42
1
  10
81.95722631445263
  20
47.24409448813508
  10
81.95722631445263
  20
47.244094487949404
  42
1
  10
80.35722631445263
  20
47.24409448824288
  0
HATCH
  5
1980
  100
AcDbEntity
  8
Top-Paste-Mask-Layer
  100
AcDbHatch
  10
0
  20
0
  30
0
  210
0
  220
0
  230
1
  2
SOLID
  70
1
  71
0
  91
1
  92
7
  72
1
  73
1
  93
2
  10
68.15707391414784
  20
47.24409448818898
  42
1
  10
69.75707391414784
  20
47.24409448818898
  42
1
  97
1
  330
1979
  75
0
  76
1
  47
0.8681437583925616
  98
1
  10
3.629517071192367
  20
33.92795499968543
  450
0
  451
0
  460
0
  461
0
  452
1
  462
1
  453
2
  463
0
  63
5
  421
255
  463
1
  63
7
  421
16777215
  470
LINEAR
  1001
ACAD
  1010
0
  1020
0
  1030
0
  0
LWPOLYLINE
  5
1981
  100
AcDbEntity
  8
Top-Paste-Mask-Layer
  100
AcDbPolyline
  90
4
  70
0
  43
0
  10
68.15707391414786
  20
47.24409448842855
  42
1
  10
69.75707391414782
  20
47.24409448813508
  10
69.75707391414782
  20
47.244094487949404
  42
1
  10
68.15707391414786
  20
47.24409448824288
  0
HATCH
  5
1996
  100
AcDbEntity
  8
Top-Paste-Mask-Layer
  100
AcDbHatch
  10
0
  20
0
  30
0
  210
0
  220
0
  230
1
  2
SOLID
  70
1
  71
0
  91
1
  92
7
  72
0
  73
1
  93
4
  10
74.48300736601475
  20
65.3472567945136
  10
74.48300736601475
  20
66.01926593853189
  10
76.05801371602745
  20
66.01926593853189
  10
76.05801371602745
  20
65.3472567945136
  97
1
  330
1995
  75
0
  76
1
  47
0.4128176842155181
  98
1
  10
34.90568961886538
  20
22.81183545379326
  450
0
  451
0
  460
0
  461
0
  452
1
  462
1
  453
2
  463
0
  63
5
  421
255
  463
1
  63
7
  421
16777215
  470
LINEAR
  1001
ACAD
  1010
0
  1020
0
  1030
0
  0
LWPOLYLINE
  5
1995
  100
AcDbEntity
  8
Top-Paste-Mask-Layer
  100
AcDbPolyline
  90
4
  70
1
  43
0
  10
74.48300736601475
  20
65.3472567945136
  10
74.48300736601475
  20
66.01926593853189
  10
76.05801371602745
  20
66.01926593853189
  10
76.05801371602745
  20
65.3472567945136
  0
HATCH
  5
2002
  100
AcDbEntity
  8
Top-Paste-Mask-Layer
  100
AcDbHatch
  10
0
  20
0
  30
0
  210
0
  220
0
  230
1
  2
SOLID
  70
1
  71
0
  91
1
  92
7
  72
0
  73
1
  93
4
  10
74.48300736601475
  20
68.3472567945136
  10
74.48300736601475
  20
69.01926593853189
  10
76.05801371602745
  20
69.01926593853189
  10
76.05801371602745
  20
68.3472567945136
  97
1
  330
2001
  75
0
  76
1
  47
0.4128176842155181
  98
1
  10
34.90568961886538
  20
22.81183545379326
  450
0
  451
0
  460
0
  461
0
  452
1
  462
1
  453
2
  463
0
  63
5
  421
255
  463
1
  63
7
  421
16777215
  470
LINEAR
  1001
ACAD
  1010
0
  1020
0
  1030
0
  0
LWPOLYLINE
  5
2001
  100
AcDbEntity
  8
Top-Paste-Mask-Layer
  100
AcDbPolyline
  90
4
  70
1
  43
0
  10
74.48300736601475
  20
68.3472567945136
  10
74.48300736601475
  20
69.01926593853189
  10
76.05801371602745
  20
69.01926593853189
  10
76.05801371602745
  20
68.3472567945136
  0
HATCH
  5
2008
  100
AcDbEntity
  8
Top-Paste-Mask-Layer
  100
AcDbHatch
  10
0
  20
0
  30
0
  210
0
  220
0
  230
1
  2
SOLID
  70
1
  71
0
  91
1
  92
7
  72
0
  73
1
  93
122
  10
71.63093726187451
  20
68.13296926593854
  10
73.48514097028196
  20
68.13296926593854
  10
73.52966725933452
  20
68.13190246380493
  10
73.57409194818389
  20
68.12877825755652
  10
73.6183388366777
  20
68.12357124714251
  10
73.66228092456187
  20
68.11630683261367
  10
73.70584201168403
  20
68.10695961391924
  10
73.7488950977902
  20
68.0956057912116
  10
73.79138938277877
  20
68.08224536449075
  10
73.83319786639574
  20
68.06690373380748
  10
73.87424434848869
  20
68.04960629921261
  10
73.91445262890527
  20
68.03042926085854
  10
73.95369570739142
  20
68.00937261874525
  10
73.99192278384557
  20
67.98648717297436
  10
74.02903225806453
  20
67.96184912369826
  10
74.06494792989587
  20
67.93550927101856
  10
74.09956819913641
  20
67.90751841503683
  10
74.13286766573533
  20
67.87790195580392
  10
74.16471932943865
  20
67.8467868935738
  10
74.19509779019556
  20
67.81419862839726
  10
74.2239014478029
  20
67.78023876047753
  10
74.25107950215902
  20
67.7449580899162
  10
74.27658115316233
  20
67.70843281686564
  10
74.30033020066041
  20
67.6707645415291
  10
74.32230124460249
  20
67.63200406400814
  10
74.34244348488697
  20
67.59227838455678
  10
74.36068072136145
  20
67.51297942595886
  10
76.05801371602742
  20
67.51297942595886
  10
76.05801371602742
  20
66.85298450596902
  10
74.36068072136145
  20
66.85298450596902
  10
74.34244348488697
  20
66.77363474726951
  10
74.32230124460249
  20
66.73390906781815
  10
74.30033020066041
  20
66.6951485902972
  10
74.27658115316233
  20
66.65748031496064
  10
74.25107950215902
  20
66.6209550419101
  10
74.2239014478029
  20
66.58567437134874
  10
74.19509779019556
  20
66.55171450342903
  10
74.16471932943865
  20
66.51912623825248
  10
74.13286766573533
  20
66.48801117602235
  10
74.09956819913641
  20
66.45839471678944
  10
74.06494792989587
  20
66.43040386080773
  10
74.02903225806453
  20
66.40406400812802
  10
73.99192278384557
  20
66.37942595885193
  10
73.95369570739142
  20
66.35654051308103
  10
73.91445262890527
  20
66.33548387096775
  10
73.87424434848869
  20
66.31630683261368
  10
73.83319786639574
  20
66.29900939801881
  10
73.79138938277877
  20
66.28366776733554
  10
73.7488950977902
  20
66.27030734061469
  10
73.70584201168403
  20
66.25895351790705
  10
73.66228092456187
  20
66.2496062992126
  10
73.6183388366777
  20
66.24234188468378
  10
73.57409194818389
  20
66.23713487426976
  10
73.52966725933452
  20
66.23401066802134
  10
73.48514097028196
  20
66.23294386588775
  10
71.63093726187451
  20
66.23294386588775
  10
71.58641097282195
  20
66.23401066802134
  10
71.54198628397258
  20
66.23713487426976
  10
71.49773939547877
  20
66.24234188468378
  10
71.4537973075946
  20
66.2496062992126
  10
71.41023622047244
  20
66.25895351790705
  10
71.36718313436627
  20
66.27030734061469
  10
71.3246888493777
  20
66.28366776733554
  10
71.28288036576073
  20
66.29900939801881
  10
71.24183388366778
  20
66.31630683261368
  10
71.2016256032512
  20
66.33548387096775
  10
71.16238252476505
  20
66.35654051308103
  10
71.1241554483109
  20
66.37942595885193
  10
71.08704597409194
  20
66.40406400812802
  10
71.0511303022606
  20
66.43040386080773
  10
71.01651003302005
  20
66.45839471678944
  10
70.98321056642114
  20
66.48801117602235
  10
70.95135890271781
  20
66.51912623825248
  10
70.92098044196091
  20
66.55171450342903
  10
70.89217678435357
  20
66.58567437134874
  10
70.86499872999745
  20
66.6209550419101
  10
70.83949707899414
  20
66.65748031496064
  10
70.81574803149606
  20
66.6951485902972
  10
70.79377698755398
  20
66.73390906781815
  10
70.7736347472695
  20
66.77363474726951
  10
70.75539751079502
  20
66.81427482854967
  10
70.73906527813055
  20
66.85570231140463
  10
70.72471424942852
  20
66.8978663957328
  10
70.71234442468885
  20
66.94066548133097
  10
70.70200660401319
  20
66.98399796799595
  10
70.69370078740157
  20
67.02773685547372
  10
70.68745237490477
  20
67.0718567437135
  10
70.68328676657352
  20
67.11620523241048
  10
70.6812039624079
  20
67.16068072136146
  10
70.6812039624079
  20
67.20523241046483
  10
70.68328676657352
  20
67.24970789941581
  10
70.68745237490477
  20
67.29405638811278
  10
70.69370078740157
  20
67.33817627635256
  10
70.70200660401319
  20
67.38191516383034
  10
70.71234442468885
  20
67.42524765049531
  10
70.72471424942852
  20
67.46804673609348
  10
70.73906527813055
  20
67.51021082042165
  10
70.75539751079502
  20
67.55163830327662
  10
70.7736347472695
  20
67.59227838455678
  10
70.79377698755398
  20
67.63200406400814
  10
70.81574803149606
  20
67.6707645415291
  10
70.83949707899414
  20
67.70843281686564
  10
70.86499872999745
  20
67.7449580899162
  10
70.89217678435357
  20
67.78023876047753
  10
70.92098044196091
  20
67.81419862839726
  10
70.95135890271781
  20
67.8467868935738
  10
70.98321056642114
  20
67.87790195580392
  10
71.01651003302005
  20
67.90751841503683
  10
71.0511303022606
  20
67.93550927101856
  10
71.08704597409194
  20
67.96184912369826
  10
71.1241554483109
  20
67.98648717297436
  10
71.16238252476505
  20
68.00937261874525
  10
71.2016256032512
  20
68.03042926085854
  10
71.24183388366778
  20
68.04960629921261
  10
71.28288036576073
  20
68.06690373380748
  10
71.3246888493777
  20
68.08224536449075
  10
71.36718313436627
  20
68.0956057912116
  10
71.41023622047244
  20
68.10695961391924
  10
71.4537973075946
  20
68.11630683261367
  10
71.49773939547877
  20
68.12357124714251
  10
71.54198628397258
  20
68.12877825755652
  10
71.58641097282195
  20
68.13190246380493
  97
1
  330
2007
  75
0
  76
1
  47
0.4128176842155181
  98
1
  10
34.90568961886538
  20
22.81183545379326
  450
0
  451
0
  460
0
  461
0
  452
1
  462
1
  453
2
  463
0
  63
5
  421
255
  463
1
  63
7
  421
16777215
  470
LINEAR
  1001
ACAD
  1010
0
  1020
0
  1030
0
  0
LWPOLYLINE
  5
2007
  100
AcDbEntity
  8
Top-Paste-Mask-Layer
  100
AcDbPolyline
  90
122
  70
1
  43
0
  10
71.63093726187451
  20
68.13296926593854
  10
73.48514097028196
  20
68.13296926593854
  10
73.52966725933452
  20
68.13190246380493
  10
73.57409194818389
  20
68.12877825755652
  10
73.6183388366777
  20
68.12357124714251
  10
73.66228092456187
  20
68.11630683261367
  10
73.70584201168403
  20
68.10695961391924
  10
73.7488950977902
  20
68.0956057912116
  10
73.79138938277877
  20
68.08224536449075
  10
73.83319786639574
  20
68.06690373380748
  10
73.87424434848869
  20
68.04960629921261
  10
73.91445262890527
  20
68.03042926085854
  10
73.95369570739142
  20
68.00937261874525
  10
73.99192278384557
  20
67.98648717297436
  10
74.02903225806453
  20
67.96184912369826
  10
74.06494792989587
  20
67.93550927101856
  10
74.09956819913641
  20
67.90751841503683
  10
74.13286766573533
  20
67.87790195580392
  10
74.16471932943865
  20
67.8467868935738
  10
74.19509779019556
  20
67.81419862839726
  10
74.2239014478029
  20
67.78023876047753
  10
74.25107950215902
  20
67.7449580899162
  10
74.27658115316233
  20
67.70843281686564
  10
74.30033020066041
  20
67.6707645415291
  10
74.32230124460249
  20
67.63200406400814
  10
74.34244348488697
  20
67.59227838455678
  10
74.36068072136145
  20
67.51297942595886
  10
76.05801371602742
  20
67.51297942595886
  10
76.05801371602742
  20
66.85298450596902
  10
74.36068072136145
  20
66.85298450596902
  10
74.34244348488697
  20
66.77363474726951
  10
74.32230124460249
  20
66.73390906781815
  10
74.30033020066041
  20
66.6951485902972
  10
74.27658115316233
  20
66.65748031496064
  10
74.25107950215902
  20
66.6209550419101
  10
74.2239014478029
  20
66.58567437134874
  10
74.19509779019556
  20
66.55171450342903
  10
74.16471932943865
  20
66.51912623825248
  10
74.13286766573533
  20
66.48801117602235
  10
74.09956819913641
  20
66.45839471678944
  10
74.06494792989587
  20
66.43040386080773
  10
74.02903225806453
  20
66.40406400812802
  10
73.99192278384557
  20
66.37942595885193
  10
73.95369570739142
  20
66.35654051308103
  10
73.91445262890527
  20
66.33548387096775
  10
73.87424434848869
  20
66.31630683261368
  10
73.83319786639574
  20
66.29900939801881
  10
73.79138938277877
  20
66.28366776733554
  10
73.7488950977902
  20
66.27030734061469
  10
73.70584201168403
  20
66.25895351790705
  10
73.66228092456187
  20
66.2496062992126
  10
73.6183388366777
  20
66.24234188468378
  10
73.57409194818389
  20
66.23713487426976
  10
73.52966725933452
  20
66.23401066802134
  10
73.48514097028196
  20
66.23294386588775
  10
71.63093726187451
  20
66.23294386588775
  10
71.58641097282195
  20
66.23401066802134
  10
71.54198628397258
  20
66.23713487426976
  10
71.49773939547877
  20
66.24234188468378
  10
71.4537973075946
  20
66.2496062992126
  10
71.41023622047244
  20
66.25895351790705
  10
71.36718313436627
  20
66.27030734061469
  10
71.3246888493777
  20
66.28366776733554
  10
71.28288036576073
  20
66.29900939801881
  10
71.24183388366778
  20
66.31630683261368
  10
71.2016256032512
  20
66.33548387096775
  10
71.16238252476505
  20
66.35654051308103
  10
71.1241554483109
  20
66.37942595885193
  10
71.08704597409194
  20
66.40406400812802
  10
71.0511303022606
  20
66.43040386080773
  10
71.01651003302005
  20
66.45839471678944
  10
70.98321056642114
  20
66.48801117602235
  10
70.95135890271781
  20
66.51912623825248
  10
70.92098044196091
  20
66.55171450342903
  10
70.89217678435357
  20
66.58567437134874
  10
70.86499872999745
  20
66.6209550419101
  10
70.83949707899414
  20
66.65748031496064
  10
70.81574803149606
  20
66.6951485902972
  10
70.79377698755398
  20
66.73390906781815
  10
70.7736347472695
  20
66.77363474726951
  10
70.75539751079502
  20
66.81427482854967
  10
70.73906527813055
  20
66.85570231140463
  10
70.72471424942852
  20
66.8978663957328
  10
70.71234442468885
  20
66.94066548133097
  10
70.70200660401319
  20
66.98399796799595
  10
70.69370078740157
  20
67.02773685547372
  10
70.68745237490477
  20
67.0718567437135
  10
70.68328676657352
  20
67.11620523241048
  10
70.6812039624079
  20
67.16068072136146
  10
70.6812039624079
  20
67.20523241046483
  10
70.68328676657352
  20
67.24970789941581
  10
70.68745237490477
  20
67.29405638811278
  10
70.69370078740157
  20
67.33817627635256
  10
70.70200660401319
  20
67.38191516383034
  10
70.71234442468885
  20
67.42524765049531
  10
70.72471424942852
  20
67.46804673609348
  10
70.73906527813055
  20
67.51021082042165
  10
70.75539751079502
  20
67.55163830327662
  10
70.7736347472695
  20
67.59227838455678
  10
70.79377698755398
  20
67.63200406400814
  10
70.81574803149606
  20
67.6707645415291
  10
70.83949707899414
  20
67.70843281686564
  10
70.86499872999745
  20
67.7449580899162
  10
70.89217678435357
  20
67.78023876047753
  10
70.92098044196091
  20
67.81419862839726
  10
70.95135890271781
  20
67.8467868935738
  10
70.98321056642114
  20
67.87790195580392
  10
71.01651003302005
  20
67.90751841503683
  10
71.0511303022606
  20
67.93550927101856
  10
71.08704597409194
  20
67.96184912369826
  10
71.1241554483109
  20
67.98648717297436
  10
71.16238252476505
  20
68.00937261874525
  10
71.2016256032512
  20
68.03042926085854
  10
71.24183388366778
  20
68.04960629921261
  10
71.28288036576073
  20
68.06690373380748
  10
71.3246888493777
  20
68.08224536449075
  10
71.36718313436627
  20
68.0956057912116
  10
71.41023622047244
  20
68.10695961391924
  10
71.4537973075946
  20
68.11630683261367
  10
71.49773939547877
  20
68.12357124714251
  10
71.54198628397258
  20
68.12877825755652
  10
71.58641097282195
  20
68.13190246380493
  0
HATCH
  5
2014
  100
AcDbEntity
  8
Top-Paste-Mask-Layer
  100
AcDbHatch
  10
0
  20
0
  30
0
  210
0
  220
0
  230
1
  2
SOLID
  70
1
  71
0
  91
1
  92
7
  72
0
  73
1
  93
4
  10
69.9711328422657
  20
61.18416306832614
  10
69.9711328422657
  20
61.884163068326146
  10
71.2211455422911
  20
61.884163068326146
  10
71.2211455422911
  20
61.18416306832614
  97
1
  330
2013
  75
0
  76
1
  47
0.4128176842155181
  98
1
  10
34.90568961886538
  20
22.81183545379326
  450
0
  451
0
  460
0
  461
0
  452
1
  462
1
  453
2
  463
0
  63
5
  421
255
  463
1
  63
7
  421
16777215
  470
LINEAR
  1001
ACAD
  1010
0
  1020
0
  1030
0
  0
LWPOLYLINE
  5
2013
  100
AcDbEntity
  8
Top-Paste-Mask-Layer
  100
AcDbPolyline
  90
4
  70
1
  43
0
  10
69.9711328422657
  20
61.18416306832614
  10
69.9711328422657
  20
61.884163068326146
  10
71.2211455422911
  20
61.884163068326146
  10
71.2211455422911
  20
61.18416306832614
  0
HATCH
  5
2020
  100
AcDbEntity
  8
Top-Paste-Mask-Layer
  100
AcDbHatch
  10
0
  20
0
  30
0
  210
0
  220
0
  230
1
  2
SOLID
  70
1
  71
0
  91
1
  92
7
  72
0
  73
1
  93
4
  10
69.9711328422657
  20
63.08408686817374
  10
69.9711328422657
  20
63.784086868173745
  10
71.2211455422911
  20
63.784086868173745
  10
71.2211455422911
  20
63.08408686817374
  97
1
  330
2019
  75
0
  76
1
  47
0.4128176842155181
  98
1
  10
34.90568961886538
  20
22.81183545379326
  450
0
  451
0
  460
0
  461
0
  452
1
  462
1
  453
2
  463
0
  63
5
  421
255
  463
1
  63
7
  421
16777215
  470
LINEAR
  1001
ACAD
  1010
0
  1020
0
  1030
0
  0
LWPOLYLINE
  5
2019
  100
AcDbEntity
  8
Top-Paste-Mask-Layer
  100
AcDbPolyline
  90
4
  70
1
  43
0
  10
69.9711328422657
  20
63.08408686817374
  10
69.9711328422657
  20
63.784086868173745
  10
71.2211455422911
  20
63.784086868173745
  10
71.2211455422911
  20
63.08408686817374
  0
HATCH
  5
2026
  100
AcDbEntity
  8
Top-Paste-Mask-Layer
  100
AcDbHatch
  10
0
  20
0
  30
0
  210
0
  220
0
  230
1
  2
SOLID
  70
1
  71
0
  91
1
  92
7
  72
0
  73
1
  93
4
  10
67.97113284226567
  20
62.13412496824995
  10
67.97113284226567
  20
62.834124968249945
  10
69.22114554229107
  20
62.834124968249945
  10
69.22114554229107
  20
62.13412496824995
  97
1
  330
2025
  75
0
  76
1
  47
0.4128176842155181
  98
1
  10
34.90568961886538
  20
22.81183545379326
  450
0
  451
0
  460
0
  461
0
  452
1
  462
1
  453
2
  463
0
  63
5
  421
255
  463
1
  63
7
  421
16777215
  470
LINEAR
  1001
ACAD
  1010
0
  1020
0
  1030
0
  0
LWPOLYLINE
  5
2025
  100
AcDbEntity
  8
Top-Paste-Mask-Layer
  100
AcDbPolyline
  90
4
  70
1
  43
0
  10
67.97113284226567
  20
62.13412496824995
  10
67.97113284226567
  20
62.834124968249945
  10
69.22114554229107
  20
62.834124968249945
  10
69.22114554229107
  20
62.13412496824995
  0
HATCH
  5
2032
  100
AcDbEntity
  8
Top-Paste-Mask-Layer
  100
AcDbHatch
  10
0
  20
0
  30
0
  210
0
  220
0
  230
1
  2
SOLID
  70
1
  71
0
  91
1
  92
7
  72
0
  73
1
  93
4
  10
68.59613919227839
  20
53.76422402844808
  10
68.05613411226823
  20
53.76422402844808
  10
68.05613411226823
  20
54.26422402844807
  10
68.59613919227839
  20
54.26422402844807
  97
1
  330
2031
  75
0
  76
1
  47
0.4128176842155181
  98
1
  10
34.90568961886538
  20
22.81183545379326
  450
0
  451
0
  460
0
  461
0
  452
1
  462
1
  453
2
  463
0
  63
5
  421
255
  463
1
  63
7
  421
16777215
  470
LINEAR
  1001
ACAD
  1010
0
  1020
0
  1030
0
  0
LWPOLYLINE
  5
2031
  100
AcDbEntity
  8
Top-Paste-Mask-Layer
  100
AcDbPolyline
  90
4
  70
1
  43
0
  10
68.59613919227839
  20
53.76422402844808
  10
68.05613411226823
  20
53.76422402844808
  10
68.05613411226823
  20
54.26422402844807
  10
68.59613919227839
  20
54.26422402844807
  0
HATCH
  5
2038
  100
AcDbEntity
  8
Top-Paste-Mask-Layer
  100
AcDbHatch
  10
0
  20
0
  30
0
  210
0
  220
0
  230
1
  2
SOLID
  70
1
  71
0
  91
1
  92
7
  72
0
  73
1
  93
4
  10
68.59613919227839
  20
52.92399034798072
  10
68.05613411226823
  20
52.92399034798072
  10
68.05613411226823
  20
53.423990347980705
  10
68.59613919227839
  20
53.423990347980705
  97
1
  330
2037
  75
0
  76
1
  47
0.4128176842155181
  98
1
  10
34.90568961886538
  20
22.81183545379326
  450
0
  451
0
  460
0
  461
0
  452
1
  462
1
  453
2
  463
0
  63
5
  421
255
  463
1
  63
7
  421
16777215
  470
LINEAR
  1001
ACAD
  1010
0
  1020
0
  1030
0
  0
LWPOLYLINE
  5
2037
  100
AcDbEntity
  8
Top-Paste-Mask-Layer
  100
AcDbPolyline
  90
4
  70
1
  43
0
  10
68.59613919227839
  20
52.92399034798072
  10
68.05613411226823
  20
52.92399034798072
  10
68.05613411226823
  20
53.423990347980705
  10
68.59613919227839
  20
53.423990347980705
  0
HATCH
  5
2044
  100
AcDbEntity
  8
Top-Paste-Mask-Layer
  100
AcDbHatch
  10
0
  20
0
  30
0
  210
0
  220
0
  230
1
  2
SOLID
  70
1
  71
0
  91
1
  92
7
  72
0
  73
1
  93
4
  10
82.56616713233426
  20
66.7182499364999
  10
82.02616205232412
  20
66.7182499364999
  10
82.02616205232412
  20
67.21824993649989
  10
82.56616713233426
  20
67.21824993649989
  97
1
  330
2043
  75
0
  76
1
  47
0.4128176842155181
  98
1
  10
34.90568961886538
  20
22.81183545379326
  450
0
  451
0
  460
0
  461
0
  452
1
  462
1
  453
2
  463
0
  63
5
  421
255
  463
1
  63
7
  421
16777215
  470
LINEAR
  1001
ACAD
  1010
0
  1020
0
  1030
0
  0
LWPOLYLINE
  5
2043
  100
AcDbEntity
  8
Top-Paste-Mask-Layer
  100
AcDbPolyline
  90
4
  70
1
  43
0
  10
82.56616713233426
  20
66.7182499364999
  10
82.02616205232412
  20
66.7182499364999
  10
82.02616205232412
  20
67.21824993649989
  10
82.56616713233426
  20
67.21824993649989
  0
HATCH
  5
2050
  100
AcDbEntity
  8
Top-Paste-Mask-Layer
  100
AcDbHatch
  10
0
  20
0
  30
0
  210
0
  220
0
  230
1
  2
SOLID
  70
1
  71
0
  91
1
  92
7
  72
0
  73
1
  93
4
  10
82.56616713233426
  20
65.87801625603254
  10
82.02616205232412
  20
65.87801625603254
  10
82.02616205232412
  20
66.37801625603252
  10
82.56616713233426
  20
66.37801625603252
  97
1
  330
2049
  75
0
  76
1
  47
0.4128176842155181
  98
1
  10
34.90568961886538
  20
22.81183545379326
  450
0
  451
0
  460
0
  461
0
  452
1
  462
1
  453
2
  463
0
  63
5
  421
255
  463
1
  63
7
  421
16777215
  470
LINEAR
  1001
ACAD
  1010
0
  1020
0
  1030
0
  0
LWPOLYLINE
  5
2049
  100
AcDbEntity
  8
Top-Paste-Mask-Layer
  100
AcDbPolyline
  90
4
  70
1
  43
0
  10
82.56616713233426
  20
65.87801625603254
  10
82.02616205232412
  20
65.87801625603254
  10
82.02616205232412
  20
66.37801625603252
  10
82.56616713233426
  20
66.37801625603252
  0
HATCH
  5
2337
  100
AcDbEntity
  8
Top-Paste-Mask-Layer
  100
AcDbHatch
  10
0
  20
0
  30
0
  210
0
  220
0
  230
1
  2
SOLID
  70
1
  71
0
  91
1
  92
7
  72
0
  73
1
  93
12
  10
75.10916941833882
  20
60.26710693421388
  10
75.15915671831344
  20
60.21709423418848
  10
75.15915671831344
  20
59.41709423418848
  10
75.10916941833882
  20
59.36710693421388
  10
74.30916941833884
  20
59.36710693421388
  10
74.25915671831343
  20
59.41709423418848
  10
74.25915671831343
  20
59.659131318262645
  10
74.62915925831852
  20
59.659131318262645
  10
74.62915925831852
  20
59.989128778257566
  10
74.25915671831343
  20
59.989128778257566
  10
74.25915671831343
  20
60.21709423418848
  10
74.30916941833884
  20
60.26710693421388
  97
1
  330
2336
  75
0
  76
1
  47
0.4128176842155181
  98
1
  10
34.90568961886538
  20
22.81183545379326
  450
0
  451
0
  460
0
  461
0
  452
1
  462
1
  453
2
  463
0
  63
5
  421
255
  463
1
  63
7
  421
16777215
  470
LINEAR
  1001
ACAD
  1010
0
  1020
0
  1030
0
  0
LWPOLYLINE
  5
2336
  100
AcDbEntity
  8
Top-Paste-Mask-Layer
  100
AcDbPolyline
  90
12
  70
1
  43
0.005080010160020321
  10
75.10916941833882
  20
60.26710693421388
  10
75.15915671831344
  20
60.21709423418848
  10
75.15915671831344
  20
59.41709423418848
  10
75.10916941833882
  20
59.36710693421388
  10
74.30916941833884
  20
59.36710693421388
  10
74.25915671831343
  20
59.41709423418848
  10
74.25915671831343
  20
59.659131318262645
  10
74.62915925831852
  20
59.659131318262645
  10
74.62915925831852
  20
59.989128778257566
  10
74.25915671831343
  20
59.989128778257566
  10
74.25915671831343
  20
60.21709423418848
  10
74.30916941833884
  20
60.26710693421388
  0
HATCH
  5
2339
  100
AcDbEntity
  8
Top-Paste-Mask-Layer
  100
AcDbHatch
  10
0
  20
0
  30
0
  210
0
  220
0
  230
1
  2
SOLID
  70
1
  71
0
  91
1
  92
7
  72
0
  73
1
  93
12
  10
72.71912623825249
  20
59.367132334264674
  10
72.66913893827787
  20
59.41714503429008
  10
72.66913893827787
  20
60.21714503429008
  10
72.71912623825249
  20
60.26713233426467
  10
73.51912623825247
  20
60.26713233426467
  10
73.56913893827787
  20
60.21714503429008
  10
73.56913893827787
  20
59.975107950215914
  10
73.19913639827278
  20
59.975107950215914
  10
73.19913639827278
  20
59.645110490220986
  10
73.56913893827787
  20
59.645110490220986
  10
73.56913893827787
  20
59.41714503429008
  10
73.51912623825247
  20
59.367132334264674
  97
1
  330
2338
  75
0
  76
1
  47
0.4128176842155181
  98
1
  10
34.90568961886538
  20
22.81183545379326
  450
0
  451
0
  460
0
  461
0
  452
1
  462
1
  453
2
  463
0
  63
5
  421
255
  463
1
  63
7
  421
16777215
  470
LINEAR
  1001
ACAD
  1010
0
  1020
0
  1030
0
  0
LWPOLYLINE
  5
2338
  100
AcDbEntity
  8
Top-Paste-Mask-Layer
  100
AcDbPolyline
  90
12
  70
1
  43
0.005080010160020321
  10
72.71912623825249
  20
59.367132334264674
  10
72.66913893827787
  20
59.41714503429008
  10
72.66913893827787
  20
60.21714503429008
  10
72.71912623825249
  20
60.26713233426467
  10
73.51912623825247
  20
60.26713233426467
  10
73.56913893827787
  20
60.21714503429008
  10
73.56913893827787
  20
59.975107950215914
  10
73.19913639827278
  20
59.975107950215914
  10
73.19913639827278
  20
59.645110490220986
  10
73.56913893827787
  20
59.645110490220986
  10
73.56913893827787
  20
59.41714503429008
  10
73.51912623825247
  20
59.367132334264674
  0
HATCH
  5
2355
  100
AcDbEntity
  8
Top-Paste-Mask-Layer
  100
AcDbHatch
  10
0
  20
0
  30
0
  210
0
  220
0
  230
1
  2
SOLID
  70
1
  71
0
  91
1
  92
7
  72
0
  73
1
  93
12
  10
74.7281686563373
  20
56.58409956819915
  10
74.77815595631192
  20
56.534086868173745
  10
74.77815595631192
  20
55.73408686817375
  10
74.7281686563373
  20
55.684099568199144
  10
73.92816865633732
  20
55.684099568199144
  10
73.87815595631191
  20
55.73408686817375
  10
73.87815595631191
  20
55.97612395224792
  10
74.248158496317
  20
55.97612395224792
  10
74.248158496317
  20
56.30612141224283
  10
73.87815595631191
  20
56.30612141224283
  10
73.87815595631191
  20
56.534086868173745
  10
73.92816865633732
  20
56.58409956819915
  97
1
  330
2354
  75
0
  76
1
  47
0.4128176842155181
  98
1
  10
34.90568961886538
  20
22.81183545379326
  450
0
  451
0
  460
0
  461
0
  452
1
  462
1
  453
2
  463
0
  63
5
  421
255
  463
1
  63
7
  421
16777215
  470
LINEAR
  1001
ACAD
  1010
0
  1020
0
  1030
0
  0
LWPOLYLINE
  5
2354
  100
AcDbEntity
  8
Top-Paste-Mask-Layer
  100
AcDbPolyline
  90
12
  70
1
  43
0.005080010160020321
  10
74.7281686563373
  20
56.58409956819915
  10
74.77815595631192
  20
56.534086868173745
  10
74.77815595631192
  20
55.73408686817375
  10
74.7281686563373
  20
55.684099568199144
  10
73.92816865633732
  20
55.684099568199144
  10
73.87815595631191
  20
55.73408686817375
  10
73.87815595631191
  20
55.97612395224792
  10
74.248158496317
  20
55.97612395224792
  10
74.248158496317
  20
56.30612141224283
  10
73.87815595631191
  20
56.30612141224283
  10
73.87815595631191
  20
56.534086868173745
  10
73.92816865633732
  20
56.58409956819915
  0
HATCH
  5
2357
  100
AcDbEntity
  8
Top-Paste-Mask-Layer
  100
AcDbHatch
  10
0
  20
0
  30
0
  210
0
  220
0
  230
1
  2
SOLID
  70
1
  71
0
  91
1
  92
7
  72
0
  73
1
  93
12
  10
72.33812547625097
  20
55.68412496824995
  10
72.28813817627635
  20
55.73413766827535
  10
72.28813817627635
  20
56.53413766827535
  10
72.33812547625097
  20
56.584124968249945
  10
73.13812547625095
  20
56.584124968249945
  10
73.18813817627635
  20
56.53413766827535
  10
73.18813817627635
  20
56.29210058420118
  10
72.81813563627126
  20
56.29210058420118
  10
72.81813563627126
  20
55.96210312420626
  10
73.18813817627635
  20
55.96210312420626
  10
73.18813817627635
  20
55.73413766827535
  10
73.13812547625095
  20
55.68412496824995
  97
1
  330
2356
  75
0
  76
1
  47
0.4128176842155181
  98
1
  10
34.90568961886538
  20
22.81183545379326
  450
0
  451
0
  460
0
  461
0
  452
1
  462
1
  453
2
  463
0
  63
5
  421
255
  463
1
  63
7
  421
16777215
  470
LINEAR
  1001
ACAD
  1010
0
  1020
0
  1030
0
  0
LWPOLYLINE
  5
2356
  100
AcDbEntity
  8
Top-Paste-Mask-Layer
  100
AcDbPolyline
  90
12
  70
1
  43
0.005080010160020321
  10
72.33812547625097
  20
55.68412496824995
  10
72.28813817627635
  20
55.73413766827535
  10
72.28813817627635
  20
56.53413766827535
  10
72.33812547625097
  20
56.584124968249945
  10
73.13812547625095
  20
56.584124968249945
  10
73.18813817627635
  20
56.53413766827535
  10
73.18813817627635
  20
56.29210058420118
  10
72.81813563627126
  20
56.29210058420118
  10
72.81813563627126
  20
55.96210312420626
  10
73.18813817627635
  20
55.96210312420626
  10
73.18813817627635
  20
55.73413766827535
  10
73.13812547625095
  20
55.68412496824995
  0
LWPOLYLINE
  5
1086
  100
AcDbEntity
  8
Board-Outline-Layer
  100
AcDbPolyline
  90
6
  70
1
  43
0.25400050800101603
  10
56.64211328422657
  20
43.18008636017272
  10
56.64211328422657
  20
69.85013970027941
  10
93.47218694437389
  20
69.97713995427992
  10
93.47218694437389
  20
43.053086106172216
  10
79.50215900431802
  20
42.92608585217171
  10
76.98501397002794
  20
43.053086106172216
  0
HATCH
  5
1450
  100
AcDbEntity
  8
Multi-Layer
  100
AcDbHatch
  10
0
  20
0
  30
0
  210
0
  220
0
  230
1
  2
SOLID
  70
1
  71
0
  91
1
  92
7
  72
0
  73
1
  93
4
  10
63.946126492252986
  20
62.09912369824738
  10
62.54612649225298
  20
62.09912369824738
  10
62.54612649225298
  20
63.599123698247396
  10
63.946126492252986
  20
63.599123698247396
  97
1
  330
1449
  75
0
  76
1
  47
0.4128176842155181
  98
1
  10
34.90568961886538
  20
22.81183545379326
  450
0
  451
0
  460
0
  461
0
  452
1
  462
1
  453
2
  463
0
  63
5
  421
255
  463
1
  63
7
  421
16777215
  470
LINEAR
  1001
ACAD
  1010
0
  1020
0
  1030
0
  0
LWPOLYLINE
  5
1449
  100
AcDbEntity
  8
Multi-Layer
  100
AcDbPolyline
  90
4
  70
1
  43
0
  10
63.946126492252986
  20
62.09912369824738
  10
62.54612649225298
  20
62.09912369824738
  10
62.54612649225298
  20
63.599123698247396
  10
63.946126492252986
  20
63.599123698247396
  0
HATCH
  5
1452
  100
AcDbEntity
  8
Multi-Layer
  100
AcDbHatch
  10
0
  20
0
  30
0
  210
0
  220
0
  230
1
  2
SOLID
  70
1
  71
0
  91
1
  92
7
  72
0
  73
1
  93
4
  10
63.946126492252986
  20
62.09912369824738
  10
62.54612649225298
  20
62.09912369824738
  10
62.54612649225298
  20
63.599123698247396
  10
63.946126492252986
  20
63.599123698247396
  97
1
  330
1451
  75
0
  76
1
  47
0.4128176842155181
  98
1
  10
34.90568961886538
  20
22.81183545379326
  450
0
  451
0
  460
0
  461
0
  452
1
  462
1
  453
2
  463
0
  63
5
  421
255
  463
1
  63
7
  421
16777215
  470
LINEAR
  1001
ACAD
  1010
0
  1020
0
  1030
0
  0
LWPOLYLINE
  5
1451
  100
AcDbEntity
  8
Multi-Layer
  100
AcDbPolyline
  90
4
  70
1
  43
0
  10
63.946126492252986
  20
62.09912369824738
  10
62.54612649225298
  20
62.09912369824738
  10
62.54612649225298
  20
63.599123698247396
  10
63.946126492252986
  20
63.599123698247396
  0
HATCH
  5
1454
  100
AcDbEntity
  8
Multi-Layer
  100
AcDbHatch
  10
0
  20
0
  30
0
  210
0
  220
0
  230
1
  2
SOLID
  70
1
  71
0
  91
1
  92
7
  72
0
  73
1
  93
4
  10
63.946126492252986
  20
62.09912369824738
  10
62.54612649225298
  20
62.09912369824738
  10
62.54612649225298
  20
63.599123698247396
  10
63.946126492252986
  20
63.599123698247396
  97
1
  330
1453
  75
0
  76
1
  47
0.4128176842155181
  98
1
  10
34.90568961886538
  20
22.81183545379326
  450
0
  451
0
  460
0
  461
0
  452
1
  462
1
  453
2
  463
0
  63
5
  421
255
  463
1
  63
7
  421
16777215
  470
LINEAR
  1001
ACAD
  1010
0
  1020
0
  1030
0
  0
LWPOLYLINE
  5
1453
  100
AcDbEntity
  8
Multi-Layer
  100
AcDbPolyline
  90
4
  70
1
  43
0
  10
63.946126492252986
  20
62.09912369824738
  10
62.54612649225298
  20
62.09912369824738
  10
62.54612649225298
  20
63.599123698247396
  10
63.946126492252986
  20
63.599123698247396
  0
HATCH
  5
1473
  100
AcDbEntity
  8
Multi-Layer
  100
AcDbHatch
  10
0
  20
0
  30
0
  210
0
  220
0
  230
1
  2
SOLID
  70
1
  71
0
  91
1
  92
7
  72
1
  73
1
  93
2
  10
62.546126492252995
  20
60.84912369824741
  42
1
  10
63.946126492253
  20
60.84912369824741
  42
1
  97
1
  330
1472
  75
0
  76
1
  47
0.8681437583925616
  98
1
  10
3.629517071192367
  20
33.92795499968543
  450
0
  451
0
  460
0
  461
0
  452
1
  462
1
  453
2
  463
0
  63
5
  421
255
  463
1
  63
7
  421
16777215
  470
LINEAR
  1001
ACAD
  1010
0
  1020
0
  1030
0
  0
LWPOLYLINE
  5
1474
  100
AcDbEntity
  8
Multi-Layer
  100
AcDbPolyline
  90
4
  70
0
  43
0
  10
62.54612649225298
  20
60.84912369822344
  42
1
  10
63.946126492252986
  20
60.84912369822344
  10
63.946126492252986
  20
60.84912369827137
  42
1
  10
62.54612649225298
  20
60.84912369827137
  0
HATCH
  5
1476
  100
AcDbEntity
  8
Multi-Layer
  100
AcDbHatch
  10
0
  20
0
  30
0
  210
0
  220
0
  230
1
  2
SOLID
  70
1
  71
0
  91
1
  92
7
  72
1
  73
1
  93
2
  10
62.546126492252995
  20
60.84912369824741
  42
1
  10
63.946126492253
  20
60.84912369824741
  42
1
  97
1
  330
1475
  75
0
  76
1
  47
0.8681437583925616
  98
1
  10
3.629517071192367
  20
33.92795499968543
  450
0
  451
0
  460
0
  461
0
  452
1
  462
1
  453
2
  463
0
  63
5
  421
255
  463
1
  63
7
  421
16777215
  470
LINEAR
  1001
ACAD
  1010
0
  1020
0
  1030
0
  0
LWPOLYLINE
  5
1477
  100
AcDbEntity
  8
Multi-Layer
  100
AcDbPolyline
  90
4
  70
0
  43
0
  10
62.54612649225298
  20
60.84912369822344
  42
1
  10
63.946126492252986
  20
60.84912369822344
  10
63.946126492252986
  20
60.84912369827137
  42
1
  10
62.54612649225298
  20
60.84912369827137
  0
HATCH
  5
1479
  100
AcDbEntity
  8
Multi-Layer
  100
AcDbHatch
  10
0
  20
0
  30
0
  210
0
  220
0
  230
1
  2
SOLID
  70
1
  71
0
  91
1
  92
7
  72
1
  73
1
  93
2
  10
62.546126492252995
  20
60.84912369824741
  42
1
  10
63.946126492253
  20
60.84912369824741
  42
1
  97
1
  330
1478
  75
0
  76
1
  47
0.8681437583925616
  98
1
  10
3.629517071192367
  20
33.92795499968543
  450
0
  451
0
  460
0
  461
0
  452
1
  462
1
  453
2
  463
0
  63
5
  421
255
  463
1
  63
7
  421
16777215
  470
LINEAR
  1001
ACAD
  1010
0
  1020
0
  1030
0
  0
LWPOLYLINE
  5
1480
  100
AcDbEntity
  8
Multi-Layer
  100
AcDbPolyline
  90
4
  70
0
  43
0
  10
62.54612649225298
  20
60.84912369822344
  42
1
  10
63.946126492252986
  20
60.84912369822344
  10
63.946126492252986
  20
60.84912369827137
  42
1
  10
62.54612649225298
  20
60.84912369827137
  0
HATCH
  5
1503
  100
AcDbEntity
  8
Multi-Layer
  100
AcDbHatch
  10
0
  20
0
  30
0
  210
0
  220
0
  230
1
  2
SOLID
  70
1
  71
0
  91
1
  92
7
  72
1
  73
1
  93
2
  10
86.16817373634748
  20
63.73812547625096
  42
1
  10
87.56817373634749
  20
63.73812547625096
  42
1
  97
1
  330
1502
  75
0
  76
1
  47
0.8681437583925616
  98
1
  10
3.629517071192367
  20
33.92795499968543
  450
0
  451
0
  460
0
  461
0
  452
1
  462
1
  453
2
  463
0
  63
5
  421
255
  463
1
  63
7
  421
16777215
  470
LINEAR
  1001
ACAD
  1010
0
  1020
0
  1030
0
  0
LWPOLYLINE
  5
1504
  100
AcDbEntity
  8
Multi-Layer
  100
AcDbPolyline
  90
4
  70
0
  43
0
  10
86.16817373634747
  20
63.738125476227
  42
1
  10
87.56817373634748
  20
63.738125476227
  10
87.56817373634748
  20
63.73812547627493
  42
1
  10
86.16817373634747
  20
63.73812547627493
  0
HATCH
  5
1506
  100
AcDbEntity
  8
Multi-Layer
  100
AcDbHatch
  10
0
  20
0
  30
0
  210
0
  220
0
  230
1
  2
SOLID
  70
1
  71
0
  91
1
  92
7
  72
1
  73
1
  93
2
  10
86.16817373634748
  20
63.73812547625096
  42
1
  10
87.56817373634749
  20
63.73812547625096
  42
1
  97
1
  330
1505
  75
0
  76
1
  47
0.8681437583925616
  98
1
  10
3.629517071192367
  20
33.92795499968543
  450
0
  451
0
  460
0
  461
0
  452
1
  462
1
  453
2
  463
0
  63
5
  421
255
  463
1
  63
7
  421
16777215
  470
LINEAR
  1001
ACAD
  1010
0
  1020
0
  1030
0
  0
LWPOLYLINE
  5
1507
  100
AcDbEntity
  8
Multi-Layer
  100
AcDbPolyline
  90
4
  70
0
  43
0
  10
86.16817373634747
  20
63.738125476227
  42
1
  10
87.56817373634748
  20
63.738125476227
  10
87.56817373634748
  20
63.73812547627493
  42
1
  10
86.16817373634747
  20
63.73812547627493
  0
HATCH
  5
1509
  100
AcDbEntity
  8
Multi-Layer
  100
AcDbHatch
  10
0
  20
0
  30
0
  210
0
  220
0
  230
1
  2
SOLID
  70
1
  71
0
  91
1
  92
7
  72
1
  73
1
  93
2
  10
86.16817373634748
  20
63.73812547625096
  42
1
  10
87.56817373634749
  20
63.73812547625096
  42
1
  97
1
  330
1508
  75
0
  76
1
  47
0.8681437583925616
  98
1
  10
3.629517071192367
  20
33.92795499968543
  450
0
  451
0
  460
0
  461
0
  452
1
  462
1
  453
2
  463
0
  63
5
  421
255
  463
1
  63
7
  421
16777215
  470
LINEAR
  1001
ACAD
  1010
0
  1020
0
  1030
0
  0
LWPOLYLINE
  5
1510
  100
AcDbEntity
  8
Multi-Layer
  100
AcDbPolyline
  90
4
  70
0
  43
0
  10
86.16817373634747
  20
63.738125476227
  42
1
  10
87.56817373634748
  20
63.738125476227
  10
87.56817373634748
  20
63.73812547627493
  42
1
  10
86.16817373634747
  20
63.73812547627493
  0
HATCH
  5
1531
  100
AcDbEntity
  8
Multi-Layer
  100
AcDbHatch
  10
0
  20
0
  30
0
  210
0
  220
0
  230
1
  2
SOLID
  70
1
  71
0
  91
1
  92
7
  72
0
  73
1
  93
4
  10
86.16817373634747
  20
62.48812547625098
  10
87.56817373634748
  20
62.48812547625098
  10
87.56817373634748
  20
60.98812547625096
  10
86.16817373634747
  20
60.98812547625096
  97
1
  330
1530
  75
0
  76
1
  47
0.4128176842155181
  98
1
  10
34.90568961886538
  20
22.81183545379326
  450
0
  451
0
  460
0
  461
0
  452
1
  462
1
  453
2
  463
0
  63
5
  421
255
  463
1
  63
7
  421
16777215
  470
LINEAR
  1001
ACAD
  1010
0
  1020
0
  1030
0
  0
LWPOLYLINE
  5
1530
  100
AcDbEntity
  8
Multi-Layer
  100
AcDbPolyline
  90
4
  70
1
  43
0
  10
86.16817373634747
  20
62.48812547625098
  10
87.56817373634748
  20
62.48812547625098
  10
87.56817373634748
  20
60.98812547625096
  10
86.16817373634747
  20
60.98812547625096
  0
HATCH
  5
1533
  100
AcDbEntity
  8
Multi-Layer
  100
AcDbHatch
  10
0
  20
0
  30
0
  210
0
  220
0
  230
1
  2
SOLID
  70
1
  71
0
  91
1
  92
7
  72
0
  73
1
  93
4
  10
86.16817373634747
  20
62.48812547625098
  10
87.56817373634748
  20
62.48812547625098
  10
87.56817373634748
  20
60.98812547625096
  10
86.16817373634747
  20
60.98812547625096
  97
1
  330
1532
  75
0
  76
1
  47
0.4128176842155181
  98
1
  10
34.90568961886538
  20
22.81183545379326
  450
0
  451
0
  460
0
  461
0
  452
1
  462
1
  453
2
  463
0
  63
5
  421
255
  463
1
  63
7
  421
16777215
  470
LINEAR
  1001
ACAD
  1010
0
  1020
0
  1030
0
  0
LWPOLYLINE
  5
1532
  100
AcDbEntity
  8
Multi-Layer
  100
AcDbPolyline
  90
4
  70
1
  43
0
  10
86.16817373634747
  20
62.48812547625098
  10
87.56817373634748
  20
62.48812547625098
  10
87.56817373634748
  20
60.98812547625096
  10
86.16817373634747
  20
60.98812547625096
  0
HATCH
  5
1535
  100
AcDbEntity
  8
Multi-Layer
  100
AcDbHatch
  10
0
  20
0
  30
0
  210
0
  220
0
  230
1
  2
SOLID
  70
1
  71
0
  91
1
  92
7
  72
0
  73
1
  93
4
  10
86.16817373634747
  20
62.48812547625098
  10
87.56817373634748
  20
62.48812547625098
  10
87.56817373634748
  20
60.98812547625096
  10
86.16817373634747
  20
60.98812547625096
  97
1
  330
1534
  75
0
  76
1
  47
0.4128176842155181
  98
1
  10
34.90568961886538
  20
22.81183545379326
  450
0
  451
0
  460
0
  461
0
  452
1
  462
1
  453
2
  463
0
  63
5
  421
255
  463
1
  63
7
  421
16777215
  470
LINEAR
  1001
ACAD
  1010
0
  1020
0
  1030
0
  0
LWPOLYLINE
  5
1534
  100
AcDbEntity
  8
Multi-Layer
  100
AcDbPolyline
  90
4
  70
1
  43
0
  10
86.16817373634747
  20
62.48812547625098
  10
87.56817373634748
  20
62.48812547625098
  10
87.56817373634748
  20
60.98812547625096
  10
86.16817373634747
  20
60.98812547625096
  0
HATCH
  5
1552
  100
AcDbEntity
  8
Multi-Layer
  100
AcDbHatch
  10
0
  20
0
  30
0
  210
0
  220
0
  230
1
  2
SOLID
  70
1
  71
0
  91
1
  92
7
  72
0
  73
1
  93
4
  10
63.946126492252986
  20
54.606108712217406
  10
62.54612649225298
  20
54.606108712217406
  10
62.54612649225298
  20
56.10610871221743
  10
63.946126492252986
  20
56.10610871221743
  97
1
  330
1551
  75
0
  76
1
  47
0.4128176842155181
  98
1
  10
34.90568961886538
  20
22.81183545379326
  450
0
  451
0
  460
0
  461
0
  452
1
  462
1
  453
2
  463
0
  63
5
  421
255
  463
1
  63
7
  421
16777215
  470
LINEAR
  1001
ACAD
  1010
0
  1020
0
  1030
0
  0
LWPOLYLINE
  5
1551
  100
AcDbEntity
  8
Multi-Layer
  100
AcDbPolyline
  90
4
  70
1
  43
0
  10
63.946126492252986
  20
54.606108712217406
  10
62.54612649225298
  20
54.606108712217406
  10
62.54612649225298
  20
56.10610871221743
  10
63.946126492252986
  20
56.10610871221743
  0
HATCH
  5
1554
  100
AcDbEntity
  8
Multi-Layer
  100
AcDbHatch
  10
0
  20
0
  30
0
  210
0
  220
0
  230
1
  2
SOLID
  70
1
  71
0
  91
1
  92
7
  72
0
  73
1
  93
4
  10
63.946126492252986
  20
54.606108712217406
  10
62.54612649225298
  20
54.606108712217406
  10
62.54612649225298
  20
56.10610871221743
  10
63.946126492252986
  20
56.10610871221743
  97
1
  330
1553
  75
0
  76
1
  47
0.4128176842155181
  98
1
  10
34.90568961886538
  20
22.81183545379326
  450
0
  451
0
  460
0
  461
0
  452
1
  462
1
  453
2
  463
0
  63
5
  421
255
  463
1
  63
7
  421
16777215
  470
LINEAR
  1001
ACAD
  1010
0
  1020
0
  1030
0
  0
LWPOLYLINE
  5
1553
  100
AcDbEntity
  8
Multi-Layer
  100
AcDbPolyline
  90
4
  70
1
  43
0
  10
63.946126492252986
  20
54.606108712217406
  10
62.54612649225298
  20
54.606108712217406
  10
62.54612649225298
  20
56.10610871221743
  10
63.946126492252986
  20
56.10610871221743
  0
HATCH
  5
1556
  100
AcDbEntity
  8
Multi-Layer
  100
AcDbHatch
  10
0
  20
0
  30
0
  210
0
  220
0
  230
1
  2
SOLID
  70
1
  71
0
  91
1
  92
7
  72
0
  73
1
  93
4
  10
63.946126492252986
  20
54.606108712217406
  10
62.54612649225298
  20
54.606108712217406
  10
62.54612649225298
  20
56.10610871221743
  10
63.946126492252986
  20
56.10610871221743
  97
1
  330
1555
  75
0
  76
1
  47
0.4128176842155181
  98
1
  10
34.90568961886538
  20
22.81183545379326
  450
0
  451
0
  460
0
  461
0
  452
1
  462
1
  453
2
  463
0
  63
5
  421
255
  463
1
  63
7
  421
16777215
  470
LINEAR
  1001
ACAD
  1010
0
  1020
0
  1030
0
  0
LWPOLYLINE
  5
1555
  100
AcDbEntity
  8
Multi-Layer
  100
AcDbPolyline
  90
4
  70
1
  43
0
  10
63.946126492252986
  20
54.606108712217406
  10
62.54612649225298
  20
54.606108712217406
  10
62.54612649225298
  20
56.10610871221743
  10
63.946126492252986
  20
56.10610871221743
  0
HATCH
  5
1575
  100
AcDbEntity
  8
Multi-Layer
  100
AcDbHatch
  10
0
  20
0
  30
0
  210
0
  220
0
  230
1
  2
SOLID
  70
1
  71
0
  91
1
  92
7
  72
1
  73
1
  93
2
  10
62.546126492252995
  20
53.356108712217434
  42
1
  10
63.946126492253
  20
53.356108712217434
  42
1
  97
1
  330
1574
  75
0
  76
1
  47
0.8681437583925616
  98
1
  10
3.629517071192367
  20
33.92795499968543
  450
0
  451
0
  460
0
  461
0
  452
1
  462
1
  453
2
  463
0
  63
5
  421
255
  463
1
  63
7
  421
16777215
  470
LINEAR
  1001
ACAD
  1010
0
  1020
0
  1030
0
  0
LWPOLYLINE
  5
1576
  100
AcDbEntity
  8
Multi-Layer
  100
AcDbPolyline
  90
4
  70
0
  43
0
  10
62.54612649225298
  20
53.35610871219346
  42
1
  10
63.946126492252986
  20
53.35610871219346
  10
63.946126492252986
  20
53.3561087122414
  42
1
  10
62.54612649225298
  20
53.3561087122414
  0
HATCH
  5
1578
  100
AcDbEntity
  8
Multi-Layer
  100
AcDbHatch
  10
0
  20
0
  30
0
  210
0
  220
0
  230
1
  2
SOLID
  70
1
  71
0
  91
1
  92
7
  72
1
  73
1
  93
2
  10
62.546126492252995
  20
53.356108712217434
  42
1
  10
63.946126492253
  20
53.356108712217434
  42
1
  97
1
  330
1577
  75
0
  76
1
  47
0.8681437583925616
  98
1
  10
3.629517071192367
  20
33.92795499968543
  450
0
  451
0
  460
0
  461
0
  452
1
  462
1
  453
2
  463
0
  63
5
  421
255
  463
1
  63
7
  421
16777215
  470
LINEAR
  1001
ACAD
  1010
0
  1020
0
  1030
0
  0
LWPOLYLINE
  5
1579
  100
AcDbEntity
  8
Multi-Layer
  100
AcDbPolyline
  90
4
  70
0
  43
0
  10
62.54612649225298
  20
53.35610871219346
  42
1
  10
63.946126492252986
  20
53.35610871219346
  10
63.946126492252986
  20
53.3561087122414
  42
1
  10
62.54612649225298
  20
53.3561087122414
  0
HATCH
  5
1581
  100
AcDbEntity
  8
Multi-Layer
  100
AcDbHatch
  10
0
  20
0
  30
0
  210
0
  220
0
  230
1
  2
SOLID
  70
1
  71
0
  91
1
  92
7
  72
1
  73
1
  93
2
  10
62.546126492252995
  20
53.356108712217434
  42
1
  10
63.946126492253
  20
53.356108712217434
  42
1
  97
1
  330
1580
  75
0
  76
1
  47
0.8681437583925616
  98
1
  10
3.629517071192367
  20
33.92795499968543
  450
0
  451
0
  460
0
  461
0
  452
1
  462
1
  453
2
  463
0
  63
5
  421
255
  463
1
  63
7
  421
16777215
  470
LINEAR
  1001
ACAD
  1010
0
  1020
0
  1030
0
  0
LWPOLYLINE
  5
1582
  100
AcDbEntity
  8
Multi-Layer
  100
AcDbPolyline
  90
4
  70
0
  43
0
  10
62.54612649225298
  20
53.35610871219346
  42
1
  10
63.946126492252986
  20
53.35610871219346
  10
63.946126492252986
  20
53.3561087122414
  42
1
  10
62.54612649225298
  20
53.3561087122414
  0
HATCH
  5
1605
  100
AcDbEntity
  8
Multi-Layer
  100
AcDbHatch
  10
0
  20
0
  30
0
  210
0
  220
0
  230
1
  2
SOLID
  70
1
  71
0
  91
1
  92
7
  72
1
  73
1
  93
2
  10
86.29517399034799
  20
55.737109474218954
  42
1
  10
87.695173990348
  20
55.737109474218954
  42
1
  97
1
  330
1604
  75
0
  76
1
  47
0.8681437583925616
  98
1
  10
3.629517071192367
  20
33.92795499968543
  450
0
  451
0
  460
0
  461
0
  452
1
  462
1
  453
2
  463
0
  63
5
  421
255
  463
1
  63
7
  421
16777215
  470
LINEAR
  1001
ACAD
  1010
0
  1020
0
  1030
0
  0
LWPOLYLINE
  5
1606
  100
AcDbEntity
  8
Multi-Layer
  100
AcDbPolyline
  90
4
  70
0
  43
0
  10
86.29517399034798
  20
55.73710947419499
  42
1
  10
87.69517399034798
  20
55.73710947419499
  10
87.69517399034798
  20
55.73710947424293
  42
1
  10
86.29517399034798
  20
55.73710947424293
  0
HATCH
  5
1608
  100
AcDbEntity
  8
Multi-Layer
  100
AcDbHatch
  10
0
  20
0
  30
0
  210
0
  220
0
  230
1
  2
SOLID
  70
1
  71
0
  91
1
  92
7
  72
1
  73
1
  93
2
  10
86.29517399034799
  20
55.737109474218954
  42
1
  10
87.695173990348
  20
55.737109474218954
  42
1
  97
1
  330
1607
  75
0
  76
1
  47
0.8681437583925616
  98
1
  10
3.629517071192367
  20
33.92795499968543
  450
0
  451
0
  460
0
  461
0
  452
1
  462
1
  453
2
  463
0
  63
5
  421
255
  463
1
  63
7
  421
16777215
  470
LINEAR
  1001
ACAD
  1010
0
  1020
0
  1030
0
  0
LWPOLYLINE
  5
1609
  100
AcDbEntity
  8
Multi-Layer
  100
AcDbPolyline
  90
4
  70
0
  43
0
  10
86.29517399034798
  20
55.73710947419499
  42
1
  10
87.69517399034798
  20
55.73710947419499
  10
87.69517399034798
  20
55.73710947424293
  42
1
  10
86.29517399034798
  20
55.73710947424293
  0
HATCH
  5
1611
  100
AcDbEntity
  8
Multi-Layer
  100
AcDbHatch
  10
0
  20
0
  30
0
  210
0
  220
0
  230
1
  2
SOLID
  70
1
  71
0
  91
1
  92
7
  72
1
  73
1
  93
2
  10
86.29517399034799
  20
55.737109474218954
  42
1
  10
87.695173990348
  20
55.737109474218954
  42
1
  97
1
  330
1610
  75
0
  76
1
  47
0.8681437583925616
  98
1
  10
3.629517071192367
  20
33.92795499968543
  450
0
  451
0
  460
0
  461
0
  452
1
  462
1
  453
2
  463
0
  63
5
  421
255
  463
1
  63
7
  421
16777215
  470
LINEAR
  1001
ACAD
  1010
0
  1020
0
  1030
0
  0
LWPOLYLINE
  5
1612
  100
AcDbEntity
  8
Multi-Layer
  100
AcDbPolyline
  90
4
  70
0
  43
0
  10
86.29517399034798
  20
55.73710947419499
  42
1
  10
87.69517399034798
  20
55.73710947419499
  10
87.69517399034798
  20
55.73710947424293
  42
1
  10
86.29517399034798
  20
55.73710947424293
  0
HATCH
  5
1633
  100
AcDbEntity
  8
Multi-Layer
  100
AcDbHatch
  10
0
  20
0
  30
0
  210
0
  220
0
  230
1
  2
SOLID
  70
1
  71
0
  91
1
  92
7
  72
0
  73
1
  93
4
  10
86.29517399034798
  20
54.487109474218975
  10
87.69517399034798
  20
54.487109474218975
  10
87.69517399034798
  20
52.987109474218954
  10
86.29517399034798
  20
52.987109474218954
  97
1
  330
1632
  75
0
  76
1
  47
0.4128176842155181
  98
1
  10
34.90568961886538
  20
22.81183545379326
  450
0
  451
0
  460
0
  461
0
  452
1
  462
1
  453
2
  463
0
  63
5
  421
255
  463
1
  63
7
  421
16777215
  470
LINEAR
  1001
ACAD
  1010
0
  1020
0
  1030
0
  0
LWPOLYLINE
  5
1632
  100
AcDbEntity
  8
Multi-Layer
  100
AcDbPolyline
  90
4
  70
1
  43
0
  10
86.29517399034798
  20
54.487109474218975
  10
87.69517399034798
  20
54.487109474218975
  10
87.69517399034798
  20
52.987109474218954
  10
86.29517399034798
  20
52.987109474218954
  0
HATCH
  5
1635
  100
AcDbEntity
  8
Multi-Layer
  100
AcDbHatch
  10
0
  20
0
  30
0
  210
0
  220
0
  230
1
  2
SOLID
  70
1
  71
0
  91
1
  92
7
  72
0
  73
1
  93
4
  10
86.29517399034798
  20
54.487109474218975
  10
87.69517399034798
  20
54.487109474218975
  10
87.69517399034798
  20
52.987109474218954
  10
86.29517399034798
  20
52.987109474218954
  97
1
  330
1634
  75
0
  76
1
  47
0.4128176842155181
  98
1
  10
34.90568961886538
  20
22.81183545379326
  450
0
  451
0
  460
0
  461
0
  452
1
  462
1
  453
2
  463
0
  63
5
  421
255
  463
1
  63
7
  421
16777215
  470
LINEAR
  1001
ACAD
  1010
0
  1020
0
  1030
0
  0
LWPOLYLINE
  5
1634
  100
AcDbEntity
  8
Multi-Layer
  100
AcDbPolyline
  90
4
  70
1
  43
0
  10
86.29517399034798
  20
54.487109474218975
  10
87.69517399034798
  20
54.487109474218975
  10
87.69517399034798
  20
52.987109474218954
  10
86.29517399034798
  20
52.987109474218954
  0
HATCH
  5
1637
  100
AcDbEntity
  8
Multi-Layer
  100
AcDbHatch
  10
0
  20
0
  30
0
  210
0
  220
0
  230
1
  2
SOLID
  70
1
  71
0
  91
1
  92
7
  72
0
  73
1
  93
4
  10
86.29517399034798
  20
54.487109474218975
  10
87.69517399034798
  20
54.487109474218975
  10
87.69517399034798
  20
52.987109474218954
  10
86.29517399034798
  20
52.987109474218954
  97
1
  330
1636
  75
0
  76
1
  47
0.4128176842155181
  98
1
  10
34.90568961886538
  20
22.81183545379326
  450
0
  451
0
  460
0
  461
0
  452
1
  462
1
  453
2
  463
0
  63
5
  421
255
  463
1
  63
7
  421
16777215
  470
LINEAR
  1001
ACAD
  1010
0
  1020
0
  1030
0
  0
LWPOLYLINE
  5
1636
  100
AcDbEntity
  8
Multi-Layer
  100
AcDbPolyline
  90
4
  70
1
  43
0
  10
86.29517399034798
  20
54.487109474218975
  10
87.69517399034798
  20
54.487109474218975
  10
87.69517399034798
  20
52.987109474218954
  10
86.29517399034798
  20
52.987109474218954
  0
HATCH
  5
1654
  100
AcDbEntity
  8
Multi-Layer
  100
AcDbHatch
  10
0
  20
0
  30
0
  210
0
  220
0
  230
1
  2
SOLID
  70
1
  71
0
  91
1
  92
7
  72
0
  73
1
  93
4
  10
86.16817373634747
  20
46.740093980187986
  10
87.56817373634748
  20
46.740093980187986
  10
87.56817373634748
  20
45.240093980187964
  10
86.16817373634747
  20
45.240093980187964
  97
1
  330
1653
  75
0
  76
1
  47
0.4128176842155181
  98
1
  10
34.90568961886538
  20
22.81183545379326
  450
0
  451
0
  460
0
  461
0
  452
1
  462
1
  453
2
  463
0
  63
5
  421
255
  463
1
  63
7
  421
16777215
  470
LINEAR
  1001
ACAD
  1010
0
  1020
0
  1030
0
  0
LWPOLYLINE
  5
1653
  100
AcDbEntity
  8
Multi-Layer
  100
AcDbPolyline
  90
4
  70
1
  43
0
  10
86.16817373634747
  20
46.740093980187986
  10
87.56817373634748
  20
46.740093980187986
  10
87.56817373634748
  20
45.240093980187964
  10
86.16817373634747
  20
45.240093980187964
  0
HATCH
  5
1656
  100
AcDbEntity
  8
Multi-Layer
  100
AcDbHatch
  10
0
  20
0
  30
0
  210
0
  220
0
  230
1
  2
SOLID
  70
1
  71
0
  91
1
  92
7
  72
0
  73
1
  93
4
  10
86.16817373634747
  20
46.740093980187986
  10
87.56817373634748
  20
46.740093980187986
  10
87.56817373634748
  20
45.240093980187964
  10
86.16817373634747
  20
45.240093980187964
  97
1
  330
1655
  75
0
  76
1
  47
0.4128176842155181
  98
1
  10
34.90568961886538
  20
22.81183545379326
  450
0
  451
0
  460
0
  461
0
  452
1
  462
1
  453
2
  463
0
  63
5
  421
255
  463
1
  63
7
  421
16777215
  470
LINEAR
  1001
ACAD
  1010
0
  1020
0
  1030
0
  0
LWPOLYLINE
  5
1655
  100
AcDbEntity
  8
Multi-Layer
  100
AcDbPolyline
  90
4
  70
1
  43
0
  10
86.16817373634747
  20
46.740093980187986
  10
87.56817373634748
  20
46.740093980187986
  10
87.56817373634748
  20
45.240093980187964
  10
86.16817373634747
  20
45.240093980187964
  0
HATCH
  5
1658
  100
AcDbEntity
  8
Multi-Layer
  100
AcDbHatch
  10
0
  20
0
  30
0
  210
0
  220
0
  230
1
  2
SOLID
  70
1
  71
0
  91
1
  92
7
  72
0
  73
1
  93
4
  10
86.16817373634747
  20
46.740093980187986
  10
87.56817373634748
  20
46.740093980187986
  10
87.56817373634748
  20
45.240093980187964
  10
86.16817373634747
  20
45.240093980187964
  97
1
  330
1657
  75
0
  76
1
  47
0.4128176842155181
  98
1
  10
34.90568961886538
  20
22.81183545379326
  450
0
  451
0
  460
0
  461
0
  452
1
  462
1
  453
2
  463
0
  63
5
  421
255
  463
1
  63
7
  421
16777215
  470
LINEAR
  1001
ACAD
  1010
0
  1020
0
  1030
0
  0
LWPOLYLINE
  5
1657
  100
AcDbEntity
  8
Multi-Layer
  100
AcDbPolyline
  90
4
  70
1
  43
0
  10
86.16817373634747
  20
46.740093980187986
  10
87.56817373634748
  20
46.740093980187986
  10
87.56817373634748
  20
45.240093980187964
  10
86.16817373634747
  20
45.240093980187964
  0
HATCH
  5
1677
  100
AcDbEntity
  8
Multi-Layer
  100
AcDbHatch
  10
0
  20
0
  30
0
  210
0
  220
0
  230
1
  2
SOLID
  70
1
  71
0
  91
1
  92
7
  72
1
  73
1
  93
2
  10
86.16817373634748
  20
47.990093980187964
  42
1
  10
87.56817373634749
  20
47.990093980187964
  42
1
  97
1
  330
1676
  75
0
  76
1
  47
0.8681437583925616
  98
1
  10
3.629517071192367
  20
33.92795499968543
  450
0
  451
0
  460
0
  461
0
  452
1
  462
1
  453
2
  463
0
  63
5
  421
255
  463
1
  63
7
  421
16777215
  470
LINEAR
  1001
ACAD
  1010
0
  1020
0
  1030
0
  0
LWPOLYLINE
  5
1678
  100
AcDbEntity
  8
Multi-Layer
  100
AcDbPolyline
  90
4
  70
0
  43
0
  10
86.16817373634747
  20
47.990093980164005
  42
1
  10
87.56817373634748
  20
47.990093980164
  10
87.56817373634748
  20
47.99009398021194
  42
1
  10
86.16817373634747
  20
47.99009398021194
  0
HATCH
  5
1680
  100
AcDbEntity
  8
Multi-Layer
  100
AcDbHatch
  10
0
  20
0
  30
0
  210
0
  220
0
  230
1
  2
SOLID
  70
1
  71
0
  91
1
  92
7
  72
1
  73
1
  93
2
  10
86.16817373634748
  20
47.990093980187964
  42
1
  10
87.56817373634749
  20
47.990093980187964
  42
1
  97
1
  330
1679
  75
0
  76
1
  47
0.8681437583925616
  98
1
  10
3.629517071192367
  20
33.92795499968543
  450
0
  451
0
  460
0
  461
0
  452
1
  462
1
  453
2
  463
0
  63
5
  421
255
  463
1
  63
7
  421
16777215
  470
LINEAR
  1001
ACAD
  1010
0
  1020
0
  1030
0
  0
LWPOLYLINE
  5
1681
  100
AcDbEntity
  8
Multi-Layer
  100
AcDbPolyline
  90
4
  70
0
  43
0
  10
86.16817373634747
  20
47.990093980164005
  42
1
  10
87.56817373634748
  20
47.990093980164
  10
87.56817373634748
  20
47.99009398021194
  42
1
  10
86.16817373634747
  20
47.99009398021194
  0
HATCH
  5
1683
  100
AcDbEntity
  8
Multi-Layer
  100
AcDbHatch
  10
0
  20
0
  30
0
  210
0
  220
0
  230
1
  2
SOLID
  70
1
  71
0
  91
1
  92
7
  72
1
  73
1
  93
2
  10
86.16817373634748
  20
47.990093980187964
  42
1
  10
87.56817373634749
  20
47.990093980187964
  42
1
  97
1
  330
1682
  75
0
  76
1
  47
0.8681437583925616
  98
1
  10
3.629517071192367
  20
33.92795499968543
  450
0
  451
0
  460
0
  461
0
  452
1
  462
1
  453
2
  463
0
  63
5
  421
255
  463
1
  63
7
  421
16777215
  470
LINEAR
  1001
ACAD
  1010
0
  1020
0
  1030
0
  0
LWPOLYLINE
  5
1684
  100
AcDbEntity
  8
Multi-Layer
  100
AcDbPolyline
  90
4
  70
0
  43
0
  10
86.16817373634747
  20
47.990093980164005
  42
1
  10
87.56817373634748
  20
47.990093980164
  10
87.56817373634748
  20
47.99009398021194
  42
1
  10
86.16817373634747
  20
47.99009398021194
  0
HATCH
  5
1705
  100
AcDbEntity
  8
Multi-Layer
  100
AcDbHatch
  10
0
  20
0
  30
0
  210
0
  220
0
  230
1
  2
SOLID
  70
1
  71
0
  91
1
  92
7
  72
0
  73
1
  93
4
  10
63.946126492252986
  20
47.11309372618744
  10
62.54612649225298
  20
47.11309372618744
  10
62.54612649225298
  20
48.61309372618746
  10
63.946126492252986
  20
48.61309372618746
  97
1
  330
1704
  75
0
  76
1
  47
0.4128176842155181
  98
1
  10
34.90568961886538
  20
22.81183545379326
  450
0
  451
0
  460
0
  461
0
  452
1
  462
1
  453
2
  463
0
  63
5
  421
255
  463
1
  63
7
  421
16777215
  470
LINEAR
  1001
ACAD
  1010
0
  1020
0
  1030
0
  0
LWPOLYLINE
  5
1704
  100
AcDbEntity
  8
Multi-Layer
  100
AcDbPolyline
  90
4
  70
1
  43
0
  10
63.946126492252986
  20
47.11309372618744
  10
62.54612649225298
  20
47.11309372618744
  10
62.54612649225298
  20
48.61309372618746
  10
63.946126492252986
  20
48.61309372618746
  0
HATCH
  5
1707
  100
AcDbEntity
  8
Multi-Layer
  100
AcDbHatch
  10
0
  20
0
  30
0
  210
0
  220
0
  230
1
  2
SOLID
  70
1
  71
0
  91
1
  92
7
  72
0
  73
1
  93
4
  10
63.946126492252986
  20
47.11309372618744
  10
62.54612649225298
  20
47.11309372618744
  10
62.54612649225298
  20
48.61309372618746
  10
63.946126492252986
  20
48.61309372618746
  97
1
  330
1706
  75
0
  76
1
  47
0.4128176842155181
  98
1
  10
34.90568961886538
  20
22.81183545379326
  450
0
  451
0
  460
0
  461
0
  452
1
  462
1
  453
2
  463
0
  63
5
  421
255
  463
1
  63
7
  421
16777215
  470
LINEAR
  1001
ACAD
  1010
0
  1020
0
  1030
0
  0
LWPOLYLINE
  5
1706
  100
AcDbEntity
  8
Multi-Layer
  100
AcDbPolyline
  90
4
  70
1
  43
0
  10
63.946126492252986
  20
47.11309372618744
  10
62.54612649225298
  20
47.11309372618744
  10
62.54612649225298
  20
48.61309372618746
  10
63.946126492252986
  20
48.61309372618746
  0
HATCH
  5
1709
  100
AcDbEntity
  8
Multi-Layer
  100
AcDbHatch
  10
0
  20
0
  30
0
  210
0
  220
0
  230
1
  2
SOLID
  70
1
  71
0
  91
1
  92
7
  72
0
  73
1
  93
4
  10
63.946126492252986
  20
47.11309372618744
  10
62.54612649225298
  20
47.11309372618744
  10
62.54612649225298
  20
48.61309372618746
  10
63.946126492252986
  20
48.61309372618746
  97
1
  330
1708
  75
0
  76
1
  47
0.4128176842155181
  98
1
  10
34.90568961886538
  20
22.81183545379326
  450
0
  451
0
  460
0
  461
0
  452
1
  462
1
  453
2
  463
0
  63
5
  421
255
  463
1
  63
7
  421
16777215
  470
LINEAR
  1001
ACAD
  1010
0
  1020
0
  1030
0
  0
LWPOLYLINE
  5
1708
  100
AcDbEntity
  8
Multi-Layer
  100
AcDbPolyline
  90
4
  70
1
  43
0
  10
63.946126492252986
  20
47.11309372618744
  10
62.54612649225298
  20
47.11309372618744
  10
62.54612649225298
  20
48.61309372618746
  10
63.946126492252986
  20
48.61309372618746
  0
HATCH
  5
1728
  100
AcDbEntity
  8
Multi-Layer
  100
AcDbHatch
  10
0
  20
0
  30
0
  210
0
  220
0
  230
1
  2
SOLID
  70
1
  71
0
  91
1
  92
7
  72
1
  73
1
  93
2
  10
62.546126492252995
  20
45.86309372618745
  42
1
  10
63.946126492253
  20
45.86309372618745
  42
1
  97
1
  330
1727
  75
0
  76
1
  47
0.8681437583925616
  98
1
  10
3.629517071192367
  20
33.92795499968543
  450
0
  451
0
  460
0
  461
0
  452
1
  462
1
  453
2
  463
0
  63
5
  421
255
  463
1
  63
7
  421
16777215
  470
LINEAR
  1001
ACAD
  1010
0
  1020
0
  1030
0
  0
LWPOLYLINE
  5
1729
  100
AcDbEntity
  8
Multi-Layer
  100
AcDbPolyline
  90
4
  70
0
  43
0
  10
62.54612649225298
  20
45.86309372616349
  42
1
  10
63.946126492252986
  20
45.863093726163484
  10
63.946126492252986
  20
45.86309372621142
  42
1
  10
62.54612649225298
  20
45.86309372621142
  0
HATCH
  5
1731
  100
AcDbEntity
  8
Multi-Layer
  100
AcDbHatch
  10
0
  20
0
  30
0
  210
0
  220
0
  230
1
  2
SOLID
  70
1
  71
0
  91
1
  92
7
  72
1
  73
1
  93
2
  10
62.546126492252995
  20
45.86309372618745
  42
1
  10
63.946126492253
  20
45.86309372618745
  42
1
  97
1
  330
1730
  75
0
  76
1
  47
0.8681437583925616
  98
1
  10
3.629517071192367
  20
33.92795499968543
  450
0
  451
0
  460
0
  461
0
  452
1
  462
1
  453
2
  463
0
  63
5
  421
255
  463
1
  63
7
  421
16777215
  470
LINEAR
  1001
ACAD
  1010
0
  1020
0
  1030
0
  0
LWPOLYLINE
  5
1732
  100
AcDbEntity
  8
Multi-Layer
  100
AcDbPolyline
  90
4
  70
0
  43
0
  10
62.54612649225298
  20
45.86309372616349
  42
1
  10
63.946126492252986
  20
45.863093726163484
  10
63.946126492252986
  20
45.86309372621142
  42
1
  10
62.54612649225298
  20
45.86309372621142
  0
HATCH
  5
1734
  100
AcDbEntity
  8
Multi-Layer
  100
AcDbHatch
  10
0
  20
0
  30
0
  210
0
  220
0
  230
1
  2
SOLID
  70
1
  71
0
  91
1
  92
7
  72
1
  73
1
  93
2
  10
62.546126492252995
  20
45.86309372618745
  42
1
  10
63.946126492253
  20
45.86309372618745
  42
1
  97
1
  330
1733
  75
0
  76
1
  47
0.8681437583925616
  98
1
  10
3.629517071192367
  20
33.92795499968543
  450
0
  451
0
  460
0
  461
0
  452
1
  462
1
  453
2
  463
0
  63
5
  421
255
  463
1
  63
7
  421
16777215
  470
LINEAR
  1001
ACAD
  1010
0
  1020
0
  1030
0
  0
LWPOLYLINE
  5
1735
  100
AcDbEntity
  8
Multi-Layer
  100
AcDbPolyline
  90
4
  70
0
  43
0
  10
62.54612649225298
  20
45.86309372616349
  42
1
  10
63.946126492252986
  20
45.863093726163484
  10
63.946126492252986
  20
45.86309372621142
  42
1
  10
62.54612649225298
  20
45.86309372621142
  0
HATCH
  5
1758
  100
AcDbEntity
  8
Multi-Layer
  100
AcDbHatch
  10
0
  20
0
  30
0
  210
0
  220
0
  230
1
  2
SOLID
  70
1
  71
0
  91
1
  92
7
  72
1
  73
1
  93
2
  10
70.29514859029717
  20
45.99415798831598
  42
1
  10
71.81915163830328
  20
45.99415798831598
  42
1
  97
1
  330
1757
  75
0
  76
1
  47
0.8681437583925616
  98
1
  10
3.629517071192367
  20
33.92795499968543
  450
0
  451
0
  460
0
  461
0
  452
1
  462
1
  453
2
  463
0
  63
5
  421
255
  463
1
  63
7
  421
16777215
  470
LINEAR
  1001
ACAD
  1010
0
  1020
0
  1030
0
  0
LWPOLYLINE
  5
1759
  100
AcDbEntity
  8
Multi-Layer
  100
AcDbPolyline
  90
2
  70
1
  43
0
  10
70.29514859029716
  20
45.99415798831598
  42
1
  10
71.81915163830327
  20
45.99415798831598
  42
1
  0
HATCH
  5
1761
  100
AcDbEntity
  8
Multi-Layer
  100
AcDbHatch
  10
0
  20
0
  30
0
  210
0
  220
0
  230
1
  2
SOLID
  70
1
  71
0
  91
1
  92
7
  72
1
  73
1
  93
2
  10
70.29514859029717
  20
45.99415798831598
  42
1
  10
71.81915163830328
  20
45.99415798831598
  42
1
  97
1
  330
1760
  75
0
  76
1
  47
0.8681437583925616
  98
1
  10
3.629517071192367
  20
33.92795499968543
  450
0
  451
0
  460
0
  461
0
  452
1
  462
1
  453
2
  463
0
  63
5
  421
255
  463
1
  63
7
  421
16777215
  470
LINEAR
  1001
ACAD
  1010
0
  1020
0
  1030
0
  0
LWPOLYLINE
  5
1762
  100
AcDbEntity
  8
Multi-Layer
  100
AcDbPolyline
  90
2
  70
1
  43
0
  10
70.29514859029716
  20
45.99415798831598
  42
1
  10
71.81915163830327
  20
45.99415798831598
  42
1
  0
HATCH
  5
1764
  100
AcDbEntity
  8
Multi-Layer
  100
AcDbHatch
  10
0
  20
0
  30
0
  210
0
  220
0
  230
1
  2
SOLID
  70
1
  71
0
  91
1
  92
7
  72
1
  73
1
  93
2
  10
70.29514859029717
  20
45.99415798831598
  42
1
  10
71.81915163830328
  20
45.99415798831598
  42
1
  97
1
  330
1763
  75
0
  76
1
  47
0.8681437583925616
  98
1
  10
3.629517071192367
  20
33.92795499968543
  450
0
  451
0
  460
0
  461
0
  452
1
  462
1
  453
2
  463
0
  63
5
  421
255
  463
1
  63
7
  421
16777215
  470
LINEAR
  1001
ACAD
  1010
0
  1020
0
  1030
0
  0
LWPOLYLINE
  5
1765
  100
AcDbEntity
  8
Multi-Layer
  100
AcDbPolyline
  90
2
  70
1
  43
0
  10
70.29514859029716
  20
45.99415798831598
  42
1
  10
71.81915163830327
  20
45.99415798831598
  42
1
  0
HATCH
  5
1788
  100
AcDbEntity
  8
Multi-Layer
  100
AcDbHatch
  10
0
  20
0
  30
0
  210
0
  220
0
  230
1
  2
SOLID
  70
1
  71
0
  91
1
  92
7
  72
1
  73
1
  93
2
  10
74.29514859029717
  20
45.99415798831598
  42
1
  10
75.81915163830328
  20
45.99415798831598
  42
1
  97
1
  330
1787
  75
0
  76
1
  47
0.8681437583925616
  98
1
  10
3.629517071192367
  20
33.92795499968543
  450
0
  451
0
  460
0
  461
0
  452
1
  462
1
  453
2
  463
0
  63
5
  421
255
  463
1
  63
7
  421
16777215
  470
LINEAR
  1001
ACAD
  1010
0
  1020
0
  1030
0
  0
LWPOLYLINE
  5
1789
  100
AcDbEntity
  8
Multi-Layer
  100
AcDbPolyline
  90
2
  70
1
  43
0
  10
74.29514859029719
  20
45.99415798831598
  42
1
  10
75.81915163830327
  20
45.99415798831598
  42
1
  0
HATCH
  5
1791
  100
AcDbEntity
  8
Multi-Layer
  100
AcDbHatch
  10
0
  20
0
  30
0
  210
0
  220
0
  230
1
  2
SOLID
  70
1
  71
0
  91
1
  92
7
  72
1
  73
1
  93
2
  10
74.29514859029717
  20
45.99415798831598
  42
1
  10
75.81915163830328
  20
45.99415798831598
  42
1
  97
1
  330
1790
  75
0
  76
1
  47
0.8681437583925616
  98
1
  10
3.629517071192367
  20
33.92795499968543
  450
0
  451
0
  460
0
  461
0
  452
1
  462
1
  453
2
  463
0
  63
5
  421
255
  463
1
  63
7
  421
16777215
  470
LINEAR
  1001
ACAD
  1010
0
  1020
0
  1030
0
  0
LWPOLYLINE
  5
1792
  100
AcDbEntity
  8
Multi-Layer
  100
AcDbPolyline
  90
2
  70
1
  43
0
  10
74.29514859029719
  20
45.99415798831598
  42
1
  10
75.81915163830327
  20
45.99415798831598
  42
1
  0
HATCH
  5
1794
  100
AcDbEntity
  8
Multi-Layer
  100
AcDbHatch
  10
0
  20
0
  30
0
  210
0
  220
0
  230
1
  2
SOLID
  70
1
  71
0
  91
1
  92
7
  72
1
  73
1
  93
2
  10
74.29514859029717
  20
45.99415798831598
  42
1
  10
75.81915163830328
  20
45.99415798831598
  42
1
  97
1
  330
1793
  75
0
  76
1
  47
0.8681437583925616
  98
1
  10
3.629517071192367
  20
33.92795499968543
  450
0
  451
0
  460
0
  461
0
  452
1
  462
1
  453
2
  463
0
  63
5
  421
255
  463
1
  63
7
  421
16777215
  470
LINEAR
  1001
ACAD
  1010
0
  1020
0
  1030
0
  0
LWPOLYLINE
  5
1795
  100
AcDbEntity
  8
Multi-Layer
  100
AcDbPolyline
  90
2
  70
1
  43
0
  10
74.29514859029719
  20
45.99415798831598
  42
1
  10
75.81915163830327
  20
45.99415798831598
  42
1
  0
HATCH
  5
1818
  100
AcDbEntity
  8
Multi-Layer
  100
AcDbHatch
  10
0
  20
0
  30
0
  210
0
  220
0
  230
1
  2
SOLID
  70
1
  71
0
  91
1
  92
7
  72
1
  73
1
  93
2
  10
78.2951485902972
  20
45.99415798831598
  42
1
  10
79.81915163830331
  20
45.99415798831598
  42
1
  97
1
  330
1817
  75
0
  76
1
  47
0.8681437583925616
  98
1
  10
3.629517071192367
  20
33.92795499968543
  450
0
  451
0
  460
0
  461
0
  452
1
  462
1
  453
2
  463
0
  63
5
  421
255
  463
1
  63
7
  421
16777215
  470
LINEAR
  1001
ACAD
  1010
0
  1020
0
  1030
0
  0
LWPOLYLINE
  5
1819
  100
AcDbEntity
  8
Multi-Layer
  100
AcDbPolyline
  90
2
  70
1
  43
0
  10
78.29514859029719
  20
45.99415798831598
  42
1
  10
79.8191516383033
  20
45.99415798831598
  42
1
  0
HATCH
  5
1821
  100
AcDbEntity
  8
Multi-Layer
  100
AcDbHatch
  10
0
  20
0
  30
0
  210
0
  220
0
  230
1
  2
SOLID
  70
1
  71
0
  91
1
  92
7
  72
1
  73
1
  93
2
  10
78.2951485902972
  20
45.99415798831598
  42
1
  10
79.81915163830331
  20
45.99415798831598
  42
1
  97
1
  330
1820
  75
0
  76
1
  47
0.8681437583925616
  98
1
  10
3.629517071192367
  20
33.92795499968543
  450
0
  451
0
  460
0
  461
0
  452
1
  462
1
  453
2
  463
0
  63
5
  421
255
  463
1
  63
7
  421
16777215
  470
LINEAR
  1001
ACAD
  1010
0
  1020
0
  1030
0
  0
LWPOLYLINE
  5
1822
  100
AcDbEntity
  8
Multi-Layer
  100
AcDbPolyline
  90
2
  70
1
  43
0
  10
78.29514859029719
  20
45.99415798831598
  42
1
  10
79.8191516383033
  20
45.99415798831598
  42
1
  0
HATCH
  5
1824
  100
AcDbEntity
  8
Multi-Layer
  100
AcDbHatch
  10
0
  20
0
  30
0
  210
0
  220
0
  230
1
  2
SOLID
  70
1
  71
0
  91
1
  92
7
  72
1
  73
1
  93
2
  10
78.2951485902972
  20
45.99415798831598
  42
1
  10
79.81915163830331
  20
45.99415798831598
  42
1
  97
1
  330
1823
  75
0
  76
1
  47
0.8681437583925616
  98
1
  10
3.629517071192367
  20
33.92795499968543
  450
0
  451
0
  460
0
  461
0
  452
1
  462
1
  453
2
  463
0
  63
5
  421
255
  463
1
  63
7
  421
16777215
  470
LINEAR
  1001
ACAD
  1010
0
  1020
0
  1030
0
  0
LWPOLYLINE
  5
1825
  100
AcDbEntity
  8
Multi-Layer
  100
AcDbPolyline
  90
2
  70
1
  43
0
  10
78.29514859029719
  20
45.99415798831598
  42
1
  10
79.8191516383033
  20
45.99415798831598
  42
1
  0
HATCH
  5
1848
  100
AcDbEntity
  8
Multi-Layer
  100
AcDbHatch
  10
0
  20
0
  30
0
  210
0
  220
0
  230
1
  2
SOLID
  70
1
  71
0
  91
1
  92
7
  72
1
  73
1
  93
2
  10
70.29514859029717
  20
48.49403098806198
  42
1
  10
71.81915163830328
  20
48.49403098806198
  42
1
  97
1
  330
1847
  75
0
  76
1
  47
0.8681437583925616
  98
1
  10
3.629517071192367
  20
33.92795499968543
  450
0
  451
0
  460
0
  461
0
  452
1
  462
1
  453
2
  463
0
  63
5
  421
255
  463
1
  63
7
  421
16777215
  470
LINEAR
  1001
ACAD
  1010
0
  1020
0
  1030
0
  0
LWPOLYLINE
  5
1849
  100
AcDbEntity
  8
Multi-Layer
  100
AcDbPolyline
  90
2
  70
1
  43
0
  10
70.29514859029716
  20
48.49403098806198
  42
1
  10
71.81915163830327
  20
48.49403098806198
  42
1
  0
HATCH
  5
1851
  100
AcDbEntity
  8
Multi-Layer
  100
AcDbHatch
  10
0
  20
0
  30
0
  210
0
  220
0
  230
1
  2
SOLID
  70
1
  71
0
  91
1
  92
7
  72
1
  73
1
  93
2
  10
70.29514859029717
  20
48.49403098806198
  42
1
  10
71.81915163830328
  20
48.49403098806198
  42
1
  97
1
  330
1850
  75
0
  76
1
  47
0.8681437583925616
  98
1
  10
3.629517071192367
  20
33.92795499968543
  450
0
  451
0
  460
0
  461
0
  452
1
  462
1
  453
2
  463
0
  63
5
  421
255
  463
1
  63
7
  421
16777215
  470
LINEAR
  1001
ACAD
  1010
0
  1020
0
  1030
0
  0
LWPOLYLINE
  5
1852
  100
AcDbEntity
  8
Multi-Layer
  100
AcDbPolyline
  90
2
  70
1
  43
0
  10
70.29514859029716
  20
48.49403098806198
  42
1
  10
71.81915163830327
  20
48.49403098806198
  42
1
  0
HATCH
  5
1854
  100
AcDbEntity
  8
Multi-Layer
  100
AcDbHatch
  10
0
  20
0
  30
0
  210
0
  220
0
  230
1
  2
SOLID
  70
1
  71
0
  91
1
  92
7
  72
1
  73
1
  93
2
  10
70.29514859029717
  20
48.49403098806198
  42
1
  10
71.81915163830328
  20
48.49403098806198
  42
1
  97
1
  330
1853
  75
0
  76
1
  47
0.8681437583925616
  98
1
  10
3.629517071192367
  20
33.92795499968543
  450
0
  451
0
  460
0
  461
0
  452
1
  462
1
  453
2
  463
0
  63
5
  421
255
  463
1
  63
7
  421
16777215
  470
LINEAR
  1001
ACAD
  1010
0
  1020
0
  1030
0
  0
LWPOLYLINE
  5
1855
  100
AcDbEntity
  8
Multi-Layer
  100
AcDbPolyline
  90
2
  70
1
  43
0
  10
70.29514859029716
  20
48.49403098806198
  42
1
  10
71.81915163830327
  20
48.49403098806198
  42
1
  0
HATCH
  5
1878
  100
AcDbEntity
  8
Multi-Layer
  100
AcDbHatch
  10
0
  20
0
  30
0
  210
0
  220
0
  230
1
  2
SOLID
  70
1
  71
0
  91
1
  92
7
  72
1
  73
1
  93
2
  10
74.29514859029717
  20
48.49403098806198
  42
1
  10
75.81915163830328
  20
48.49403098806198
  42
1
  97
1
  330
1877
  75
0
  76
1
  47
0.8681437583925616
  98
1
  10
3.629517071192367
  20
33.92795499968543
  450
0
  451
0
  460
0
  461
0
  452
1
  462
1
  453
2
  463
0
  63
5
  421
255
  463
1
  63
7
  421
16777215
  470
LINEAR
  1001
ACAD
  1010
0
  1020
0
  1030
0
  0
LWPOLYLINE
  5
1879
  100
AcDbEntity
  8
Multi-Layer
  100
AcDbPolyline
  90
2
  70
1
  43
0
  10
74.29514859029719
  20
48.49403098806198
  42
1
  10
75.81915163830327
  20
48.49403098806198
  42
1
  0
HATCH
  5
1881
  100
AcDbEntity
  8
Multi-Layer
  100
AcDbHatch
  10
0
  20
0
  30
0
  210
0
  220
0
  230
1
  2
SOLID
  70
1
  71
0
  91
1
  92
7
  72
1
  73
1
  93
2
  10
74.29514859029717
  20
48.49403098806198
  42
1
  10
75.81915163830328
  20
48.49403098806198
  42
1
  97
1
  330
1880
  75
0
  76
1
  47
0.8681437583925616
  98
1
  10
3.629517071192367
  20
33.92795499968543
  450
0
  451
0
  460
0
  461
0
  452
1
  462
1
  453
2
  463
0
  63
5
  421
255
  463
1
  63
7
  421
16777215
  470
LINEAR
  1001
ACAD
  1010
0
  1020
0
  1030
0
  0
LWPOLYLINE
  5
1882
  100
AcDbEntity
  8
Multi-Layer
  100
AcDbPolyline
  90
2
  70
1
  43
0
  10
74.29514859029719
  20
48.49403098806198
  42
1
  10
75.81915163830327
  20
48.49403098806198
  42
1
  0
HATCH
  5
1884
  100
AcDbEntity
  8
Multi-Layer
  100
AcDbHatch
  10
0
  20
0
  30
0
  210
0
  220
0
  230
1
  2
SOLID
  70
1
  71
0
  91
1
  92
7
  72
1
  73
1
  93
2
  10
74.29514859029717
  20
48.49403098806198
  42
1
  10
75.81915163830328
  20
48.49403098806198
  42
1
  97
1
  330
1883
  75
0
  76
1
  47
0.8681437583925616
  98
1
  10
3.629517071192367
  20
33.92795499968543
  450
0
  451
0
  460
0
  461
0
  452
1
  462
1
  453
2
  463
0
  63
5
  421
255
  463
1
  63
7
  421
16777215
  470
LINEAR
  1001
ACAD
  1010
0
  1020
0
  1030
0
  0
LWPOLYLINE
  5
1885
  100
AcDbEntity
  8
Multi-Layer
  100
AcDbPolyline
  90
2
  70
1
  43
0
  10
74.29514859029719
  20
48.49403098806198
  42
1
  10
75.81915163830327
  20
48.49403098806198
  42
1
  0
HATCH
  5
1908
  100
AcDbEntity
  8
Multi-Layer
  100
AcDbHatch
  10
0
  20
0
  30
0
  210
0
  220
0
  230
1
  2
SOLID
  70
1
  71
0
  91
1
  92
7
  72
1
  73
1
  93
2
  10
78.2951485902972
  20
48.49403098806198
  42
1
  10
79.81915163830331
  20
48.49403098806198
  42
1
  97
1
  330
1907
  75
0
  76
1
  47
0.8681437583925616
  98
1
  10
3.629517071192367
  20
33.92795499968543
  450
0
  451
0
  460
0
  461
0
  452
1
  462
1
  453
2
  463
0
  63
5
  421
255
  463
1
  63
7
  421
16777215
  470
LINEAR
  1001
ACAD
  1010
0
  1020
0
  1030
0
  0
LWPOLYLINE
  5
1909
  100
AcDbEntity
  8
Multi-Layer
  100
AcDbPolyline
  90
2
  70
1
  43
0
  10
78.29514859029719
  20
48.49403098806198
  42
1
  10
79.8191516383033
  20
48.49403098806198
  42
1
  0
HATCH
  5
1911
  100
AcDbEntity
  8
Multi-Layer
  100
AcDbHatch
  10
0
  20
0
  30
0
  210
0
  220
0
  230
1
  2
SOLID
  70
1
  71
0
  91
1
  92
7
  72
1
  73
1
  93
2
  10
78.2951485902972
  20
48.49403098806198
  42
1
  10
79.81915163830331
  20
48.49403098806198
  42
1
  97
1
  330
1910
  75
0
  76
1
  47
0.8681437583925616
  98
1
  10
3.629517071192367
  20
33.92795499968543
  450
0
  451
0
  460
0
  461
0
  452
1
  462
1
  453
2
  463
0
  63
5
  421
255
  463
1
  63
7
  421
16777215
  470
LINEAR
  1001
ACAD
  1010
0
  1020
0
  1030
0
  0
LWPOLYLINE
  5
1912
  100
AcDbEntity
  8
Multi-Layer
  100
AcDbPolyline
  90
2
  70
1
  43
0
  10
78.29514859029719
  20
48.49403098806198
  42
1
  10
79.8191516383033
  20
48.49403098806198
  42
1
  0
HATCH
  5
1914
  100
AcDbEntity
  8
Multi-Layer
  100
AcDbHatch
  10
0
  20
0
  30
0
  210
0
  220
0
  230
1
  2
SOLID
  70
1
  71
0
  91
1
  92
7
  72
1
  73
1
  93
2
  10
78.2951485902972
  20
48.49403098806198
  42
1
  10
79.81915163830331
  20
48.49403098806198
  42
1
  97
1
  330
1913
  75
0
  76
1
  47
0.8681437583925616
  98
1
  10
3.629517071192367
  20
33.92795499968543
  450
0
  451
0
  460
0
  461
0
  452
1
  462
1
  453
2
  463
0
  63
5
  421
255
  463
1
  63
7
  421
16777215
  470
LINEAR
  1001
ACAD
  1010
0
  1020
0
  1030
0
  0
LWPOLYLINE
  5
1915
  100
AcDbEntity
  8
Multi-Layer
  100
AcDbPolyline
  90
2
  70
1
  43
0
  10
78.29514859029719
  20
48.49403098806198
  42
1
  10
79.8191516383033
  20
48.49403098806198
  42
1
  0
HATCH
  5
1938
  100
AcDbEntity
  8
Multi-Layer
  100
AcDbHatch
  10
0
  20
0
  30
0
  210
0
  220
0
  230
1
  2
SOLID
  70
1
  71
0
  91
1
  92
7
  72
1
  73
1
  93
2
  10
80.35722631445262
  20
47.24409448818898
  42
1
  10
81.95722631445261
  20
47.24409448818898
  42
1
  97
1
  330
1937
  75
0
  76
1
  47
0.8681437583925616
  98
1
  10
3.629517071192367
  20
33.92795499968543
  450
0
  451
0
  460
0
  461
0
  452
1
  462
1
  453
2
  463
0
  63
5
  421
255
  463
1
  63
7
  421
16777215
  470
LINEAR
  1001
ACAD
  1010
0
  1020
0
  1030
0
  0
LWPOLYLINE
  5
1939
  100
AcDbEntity
  8
Multi-Layer
  100
AcDbPolyline
  90
4
  70
0
  43
0
  10
80.35722631445263
  20
47.24409448842855
  42
1
  10
81.95722631445263
  20
47.24409448813508
  10
81.95722631445263
  20
47.244094487949404
  42
1
  10
80.35722631445263
  20
47.24409448824288
  0
HATCH
  5
1941
  100
AcDbEntity
  8
Multi-Layer
  100
AcDbHatch
  10
0
  20
0
  30
0
  210
0
  220
0
  230
1
  2
SOLID
  70
1
  71
0
  91
1
  92
7
  72
1
  73
1
  93
2
  10
80.35722631445262
  20
47.24409448818898
  42
1
  10
81.95722631445261
  20
47.24409448818898
  42
1
  97
1
  330
1940
  75
0
  76
1
  47
0.8681437583925616
  98
1
  10
3.629517071192367
  20
33.92795499968543
  450
0
  451
0
  460
0
  461
0
  452
1
  462
1
  453
2
  463
0
  63
5
  421
255
  463
1
  63
7
  421
16777215
  470
LINEAR
  1001
ACAD
  1010
0
  1020
0
  1030
0
  0
LWPOLYLINE
  5
1942
  100
AcDbEntity
  8
Multi-Layer
  100
AcDbPolyline
  90
4
  70
0
  43
0
  10
80.35722631445263
  20
47.24409448842855
  42
1
  10
81.95722631445263
  20
47.24409448813508
  10
81.95722631445263
  20
47.244094487949404
  42
1
  10
80.35722631445263
  20
47.24409448824288
  0
HATCH
  5
1944
  100
AcDbEntity
  8
Multi-Layer
  100
AcDbHatch
  10
0
  20
0
  30
0
  210
0
  220
0
  230
1
  2
SOLID
  70
1
  71
0
  91
1
  92
7
  72
1
  73
1
  93
2
  10
80.35722631445262
  20
47.24409448818898
  42
1
  10
81.95722631445261
  20
47.24409448818898
  42
1
  97
1
  330
1943
  75
0
  76
1
  47
0.8681437583925616
  98
1
  10
3.629517071192367
  20
33.92795499968543
  450
0
  451
0
  460
0
  461
0
  452
1
  462
1
  453
2
  463
0
  63
5
  421
255
  463
1
  63
7
  421
16777215
  470
LINEAR
  1001
ACAD
  1010
0
  1020
0
  1030
0
  0
LWPOLYLINE
  5
1945
  100
AcDbEntity
  8
Multi-Layer
  100
AcDbPolyline
  90
4
  70
0
  43
0
  10
80.35722631445263
  20
47.24409448842855
  42
1
  10
81.95722631445263
  20
47.24409448813508
  10
81.95722631445263
  20
47.244094487949404
  42
1
  10
80.35722631445263
  20
47.24409448824288
  0
HATCH
  5
1968
  100
AcDbEntity
  8
Multi-Layer
  100
AcDbHatch
  10
0
  20
0
  30
0
  210
0
  220
0
  230
1
  2
SOLID
  70
1
  71
0
  91
1
  92
7
  72
1
  73
1
  93
2
  10
68.15707391414784
  20
47.24409448818898
  42
1
  10
69.75707391414784
  20
47.24409448818898
  42
1
  97
1
  330
1967
  75
0
  76
1
  47
0.8681437583925616
  98
1
  10
3.629517071192367
  20
33.92795499968543
  450
0
  451
0
  460
0
  461
0
  452
1
  462
1
  453
2
  463
0
  63
5
  421
255
  463
1
  63
7
  421
16777215
  470
LINEAR
  1001
ACAD
  1010
0
  1020
0
  1030
0
  0
LWPOLYLINE
  5
1969
  100
AcDbEntity
  8
Multi-Layer
  100
AcDbPolyline
  90
4
  70
0
  43
0
  10
68.15707391414786
  20
47.24409448842855
  42
1
  10
69.75707391414782
  20
47.24409448813508
  10
69.75707391414782
  20
47.244094487949404
  42
1
  10
68.15707391414786
  20
47.24409448824288
  0
HATCH
  5
1971
  100
AcDbEntity
  8
Multi-Layer
  100
AcDbHatch
  10
0
  20
0
  30
0
  210
0
  220
0
  230
1
  2
SOLID
  70
1
  71
0
  91
1
  92
7
  72
1
  73
1
  93
2
  10
68.15707391414784
  20
47.24409448818898
  42
1
  10
69.75707391414784
  20
47.24409448818898
  42
1
  97
1
  330
1970
  75
0
  76
1
  47
0.8681437583925616
  98
1
  10
3.629517071192367
  20
33.92795499968543
  450
0
  451
0
  460
0
  461
0
  452
1
  462
1
  453
2
  463
0
  63
5
  421
255
  463
1
  63
7
  421
16777215
  470
LINEAR
  1001
ACAD
  1010
0
  1020
0
  1030
0
  0
LWPOLYLINE
  5
1972
  100
AcDbEntity
  8
Multi-Layer
  100
AcDbPolyline
  90
4
  70
0
  43
0
  10
68.15707391414786
  20
47.24409448842855
  42
1
  10
69.75707391414782
  20
47.24409448813508
  10
69.75707391414782
  20
47.244094487949404
  42
1
  10
68.15707391414786
  20
47.24409448824288
  0
HATCH
  5
1974
  100
AcDbEntity
  8
Multi-Layer
  100
AcDbHatch
  10
0
  20
0
  30
0
  210
0
  220
0
  230
1
  2
SOLID
  70
1
  71
0
  91
1
  92
7
  72
1
  73
1
  93
2
  10
68.15707391414784
  20
47.24409448818898
  42
1
  10
69.75707391414784
  20
47.24409448818898
  42
1
  97
1
  330
1973
  75
0
  76
1
  47
0.8681437583925616
  98
1
  10
3.629517071192367
  20
33.92795499968543
  450
0
  451
0
  460
0
  461
0
  452
1
  462
1
  453
2
  463
0
  63
5
  421
255
  463
1
  63
7
  421
16777215
  470
LINEAR
  1001
ACAD
  1010
0
  1020
0
  1030
0
  0
LWPOLYLINE
  5
1975
  100
AcDbEntity
  8
Multi-Layer
  100
AcDbPolyline
  90
4
  70
0
  43
0
  10
68.15707391414786
  20
47.24409448842855
  42
1
  10
69.75707391414782
  20
47.24409448813508
  10
69.75707391414782
  20
47.244094487949404
  42
1
  10
68.15707391414786
  20
47.24409448824288
  0
LWPOLYLINE
  5
2067
  100
AcDbEntity
  8
Multi-Layer
  100
AcDbPolyline
  90
4
  70
0
  43
0
  10
86.43616967233935
  20
63.75412750834107
  42
1
  10
87.04617729235459
  20
63.754127508147896
  10
87.04617729235459
  20
63.754127508168985
  42
1
  10
86.43616967233935
  20
63.75412750836216
  0
LWPOLYLINE
  5
2069
  100
AcDbEntity
  8
Multi-Layer
  100
AcDbPolyline
  90
4
  70
0
  43
0
  10
62.941122682245364
  20
47.87909575827756
  42
1
  10
63.5511303022606
  20
47.87909575808438
  10
63.5511303022606
  20
47.879095758105485
  42
1
  10
62.941122682245364
  20
47.87909575829866
  0
LWPOLYLINE
  5
2071
  100
AcDbEntity
  8
Multi-Layer
  100
AcDbPolyline
  90
4
  70
0
  43
0
  10
75.00614681229364
  20
65.65913131834868
  42
1
  10
75.61615443230885
  20
65.65913131815552
  10
75.61615443230885
  20
65.6591313181766
  42
1
  10
75.00614681229364
  20
65.65913131836977
  0
LWPOLYLINE
  5
2073
  100
AcDbEntity
  8
Multi-Layer
  100
AcDbPolyline
  90
2
  70
1
  43
0
  10
86.68516637033274
  20
55.626111252222515
  42
1
  10
87.30518161036322
  20
55.626111252222515
  42
1
  0
LWPOLYLINE
  5
2075
  100
AcDbEntity
  8
Multi-Layer
  100
AcDbPolyline
  90
4
  70
0
  43
0
  10
86.56316992633988
  20
48.006096012278064
  42
1
  10
87.17317754635509
  20
48.00609601208489
  10
87.17317754635509
  20
48.00609601210599
  42
1
  10
86.56316992633988
  20
48.00609601229917
  0
LWPOLYLINE
  5
2077
  100
AcDbEntity
  8
Multi-Layer
  100
AcDbPolyline
  90
4
  70
0
  43
0
  10
62.941122682245364
  20
55.372110744307534
  42
1
  10
63.5511303022606
  20
55.372110744114366
  10
63.5511303022606
  20
55.372110744135455
  42
1
  10
62.941122682245364
  20
55.37211074432863
  0
LWPOLYLINE
  5
2079
  100
AcDbEntity
  8
Multi-Layer
  100
AcDbPolyline
  90
4
  70
0
  43
0
  10
62.941122682245364
  20
62.86512573033751
  42
1
  10
63.5511303022606
  20
62.86512573014434
  10
63.5511303022606
  20
62.86512573016543
  42
1
  10
62.941122682245364
  20
62.8651257303586
  0
LWPOLYLINE
  5
2081
  100
AcDbEntity
  8
Multi-Layer
  100
AcDbPolyline
  90
4
  70
0
  43
0
  10
81.99116078232159
  20
66.92913385835377
  42
1
  10
82.6011684023368
  20
66.9291338581606
  10
82.6011684023368
  20
66.92913385818169
  42
1
  10
81.99116078232159
  20
66.92913385837485
  0
LWPOLYLINE
  5
2083
  100
AcDbEntity
  8
Multi-Layer
  100
AcDbPolyline
  90
4
  70
0
  43
0
  10
68.05794513589031
  20
54.0841224283309
  42
1
  10
68.66795275590552
  20
54.08412242813773
  10
68.66795275590552
  20
54.08412242815882
  42
1
  10
68.05794513589031
  20
54.08412242835199
  0
LWPOLYLINE
  5
2085
  100
AcDbEntity
  8
Multi-Layer
  100
AcDbPolyline
  90
4
  70
0
  43
0
  10
73.94315468630937
  20
55.97612395233395
  42
1
  10
74.55316230632458
  20
55.97612395214078
  10
74.55316230632458
  20
55.97612395216187
  42
1
  10
73.94315468630937
  20
55.976123952355046
  0
LWPOLYLINE
  5
1066
  100
AcDbEntity
  8
Document-Layer
  100
AcDbPolyline
  90
2
  70
1
  43
0.30000000000000004
  10
75.47929895859794
  20
65.68326136652269
  42
1
  10
75.77952755905513
  20
65.68326136652269
  42
1
  0
LWPOLYLINE
  5
1070
  100
AcDbEntity
  8
Document-Layer
  100
AcDbPolyline
  90
2
  70
1
  43
0.2
  10
70.95605791211584
  20
61.384048768097514
  42
1
  10
71.15621031242064
  20
61.384048768097514
  42
1
  0
HATCH
  5
1100
  100
AcDbEntity
  8
Document-Layer
  100
AcDbHatch
  10
0
  20
0
  30
0
  210
0
  220
0
  230
1
  2
SOLID
  70
1
  71
0
  91
1
  92
7
  72
0
  73
1
  93
8
  10
56.9461010922022
  20
65.0491236982474
  10
61.146126492252975
  20
65.0491236982474
  10
61.146126492252975
  20
64.7491236982474
  10
57.14610109220219
  20
64.7491236982474
  10
57.14610109220219
  20
58.949123698247405
  10
61.04612649225301
  20
58.949123698247405
  10
61.04612649225301
  20
58.7491236982474
  10
56.9461010922022
  20
58.7491236982474
  97
1
  330
1099
  75
0
  76
1
  47
0.4128176842155181
  98
1
  10
34.90568961886538
  20
22.81183545379326
  450
0
  451
0
  460
0
  461
0
  452
1
  462
1
  453
2
  463
0
  63
5
  421
255
  463
1
  63
7
  421
16777215
  470
LINEAR
  1001
ACAD
  1010
0
  1020
0
  1030
0
  0
LWPOLYLINE
  5
1099
  100
AcDbEntity
  8
Document-Layer
  100
AcDbPolyline
  90
8
  70
1
  43
0.005080010160020321
  10
56.9461010922022
  20
65.0491236982474
  10
61.146126492252975
  20
65.0491236982474
  10
61.146126492252975
  20
64.7491236982474
  10
57.14610109220219
  20
64.7491236982474
  10
57.14610109220219
  20
58.949123698247405
  10
61.04612649225301
  20
58.949123698247405
  10
61.04612649225301
  20
58.7491236982474
  10
56.9461010922022
  20
58.7491236982474
  0
HATCH
  5
1119
  100
AcDbEntity
  8
Document-Layer
  100
AcDbHatch
  10
0
  20
0
  30
0
  210
0
  220
0
  230
1
  2
SOLID
  70
1
  71
0
  91
1
  92
7
  72
0
  73
1
  93
8
  10
93.16819913639826
  20
59.538125476250954
  10
88.96817373634748
  20
59.53812547625096
  10
88.96817373634748
  20
59.838125476250966
  10
92.96819913639827
  20
59.838125476250966
  10
92.96819913639827
  20
65.63812547625096
  10
89.06817373634748
  20
65.63812547625096
  10
89.06817373634748
  20
65.83812547625097
  10
93.16819913639829
  20
65.83812547625095
  97
1
  330
1118
  75
0
  76
1
  47
0.4128176842155181
  98
1
  10
34.90568961886538
  20
22.81183545379326
  450
0
  451
0
  460
0
  461
0
  452
1
  462
1
  453
2
  463
0
  63
5
  421
255
  463
1
  63
7
  421
16777215
  470
LINEAR
  1001
ACAD
  1010
0
  1020
0
  1030
0
  0
LWPOLYLINE
  5
1118
  100
AcDbEntity
  8
Document-Layer
  100
AcDbPolyline
  90
8
  70
1
  43
0.005080010160020321
  10
93.16819913639826
  20
59.538125476250954
  10
88.96817373634748
  20
59.53812547625096
  10
88.96817373634748
  20
59.838125476250966
  10
92.96819913639827
  20
59.838125476250966
  10
92.96819913639827
  20
65.63812547625096
  10
89.06817373634748
  20
65.63812547625096
  10
89.06817373634748
  20
65.83812547625097
  10
93.16819913639829
  20
65.83812547625095
  0
HATCH
  5
1138
  100
AcDbEntity
  8
Document-Layer
  100
AcDbHatch
  10
0
  20
0
  30
0
  210
0
  220
0
  230
1
  2
SOLID
  70
1
  71
0
  91
1
  92
7
  72
0
  73
1
  93
8
  10
56.9461010922022
  20
57.55610871221744
  10
61.146126492252975
  20
57.55610871221744
  10
61.146126492252975
  20
57.25610871221743
  10
57.14610109220219
  20
57.25610871221743
  10
57.14610109220219
  20
51.456108712217436
  10
61.04612649225301
  20
51.456108712217436
  10
61.04612649225301
  20
51.25610871221743
  10
56.9461010922022
  20
51.25610871221743
  97
1
  330
1137
  75
0
  76
1
  47
0.4128176842155181
  98
1
  10
34.90568961886538
  20
22.81183545379326
  450
0
  451
0
  460
0
  461
0
  452
1
  462
1
  453
2
  463
0
  63
5
  421
255
  463
1
  63
7
  421
16777215
  470
LINEAR
  1001
ACAD
  1010
0
  1020
0
  1030
0
  0
LWPOLYLINE
  5
1137
  100
AcDbEntity
  8
Document-Layer
  100
AcDbPolyline
  90
8
  70
1
  43
0.005080010160020321
  10
56.9461010922022
  20
57.55610871221744
  10
61.146126492252975
  20
57.55610871221744
  10
61.146126492252975
  20
57.25610871221743
  10
57.14610109220219
  20
57.25610871221743
  10
57.14610109220219
  20
51.456108712217436
  10
61.04612649225301
  20
51.456108712217436
  10
61.04612649225301
  20
51.25610871221743
  10
56.9461010922022
  20
51.25610871221743
  0
HATCH
  5
1157
  100
AcDbEntity
  8
Document-Layer
  100
AcDbHatch
  10
0
  20
0
  30
0
  210
0
  220
0
  230
1
  2
SOLID
  70
1
  71
0
  91
1
  92
7
  72
0
  73
1
  93
8
  10
93.29519939039876
  20
51.53710947421895
  10
89.09517399034799
  20
51.53710947421895
  10
89.09517399034799
  20
51.837109474218956
  10
93.09519939039878
  20
51.837109474218956
  10
93.09519939039878
  20
57.63710947421896
  10
89.19517399034798
  20
57.63710947421896
  10
89.19517399034798
  20
57.83710947421896
  10
93.29519939039879
  20
57.837109474218956
  97
1
  330
1156
  75
0
  76
1
  47
0.4128176842155181
  98
1
  10
34.90568961886538
  20
22.81183545379326
  450
0
  451
0
  460
0
  461
0
  452
1
  462
1
  453
2
  463
0
  63
5
  421
255
  463
1
  63
7
  421
16777215
  470
LINEAR
  1001
ACAD
  1010
0
  1020
0
  1030
0
  0
LWPOLYLINE
  5
1156
  100
AcDbEntity
  8
Document-Layer
  100
AcDbPolyline
  90
8
  70
1
  43
0.005080010160020321
  10
93.29519939039876
  20
51.53710947421895
  10
89.09517399034799
  20
51.53710947421895
  10
89.09517399034799
  20
51.837109474218956
  10
93.09519939039878
  20
51.837109474218956
  10
93.09519939039878
  20
57.63710947421896
  10
89.19517399034798
  20
57.63710947421896
  10
89.19517399034798
  20
57.83710947421896
  10
93.29519939039879
  20
57.837109474218956
  0
HATCH
  5
1176
  100
AcDbEntity
  8
Document-Layer
  100
AcDbHatch
  10
0
  20
0
  30
0
  210
0
  220
0
  230
1
  2
SOLID
  70
1
  71
0
  91
1
  92
7
  72
0
  73
1
  93
8
  10
93.16819913639826
  20
43.79009398018796
  10
88.96817373634748
  20
43.79009398018796
  10
88.96817373634748
  20
44.09009398018796
  10
92.96819913639827
  20
44.09009398018796
  10
92.96819913639827
  20
49.89009398018797
  10
89.06817373634748
  20
49.89009398018797
  10
89.06817373634748
  20
50.090093980187966
  10
93.16819913639829
  20
50.090093980187966
  97
1
  330
1175
  75
0
  76
1
  47
0.4128176842155181
  98
1
  10
34.90568961886538
  20
22.81183545379326
  450
0
  451
0
  460
0
  461
0
  452
1
  462
1
  453
2
  463
0
  63
5
  421
255
  463
1
  63
7
  421
16777215
  470
LINEAR
  1001
ACAD
  1010
0
  1020
0
  1030
0
  0
LWPOLYLINE
  5
1175
  100
AcDbEntity
  8
Document-Layer
  100
AcDbPolyline
  90
8
  70
1
  43
0.005080010160020321
  10
93.16819913639826
  20
43.79009398018796
  10
88.96817373634748
  20
43.79009398018796
  10
88.96817373634748
  20
44.09009398018796
  10
92.96819913639827
  20
44.09009398018796
  10
92.96819913639827
  20
49.89009398018797
  10
89.06817373634748
  20
49.89009398018797
  10
89.06817373634748
  20
50.090093980187966
  10
93.16819913639829
  20
50.090093980187966
  0
HATCH
  5
1195
  100
AcDbEntity
  8
Document-Layer
  100
AcDbHatch
  10
0
  20
0
  30
0
  210
0
  220
0
  230
1
  2
SOLID
  70
1
  71
0
  91
1
  92
7
  72
0
  73
1
  93
8
  10
56.9461010922022
  20
50.063093726187454
  10
61.146126492252975
  20
50.063093726187454
  10
61.146126492252975
  20
49.763093726187456
  10
57.14610109220219
  20
49.763093726187456
  10
57.14610109220219
  20
43.96309372618745
  10
61.04612649225301
  20
43.96309372618745
  10
61.04612649225301
  20
43.763093726187456
  10
56.9461010922022
  20
43.763093726187456
  97
1
  330
1194
  75
0
  76
1
  47
0.4128176842155181
  98
1
  10
34.90568961886538
  20
22.81183545379326
  450
0
  451
0
  460
0
  461
0
  452
1
  462
1
  453
2
  463
0
  63
5
  421
255
  463
1
  63
7
  421
16777215
  470
LINEAR
  1001
ACAD
  1010
0
  1020
0
  1030
0
  0
LWPOLYLINE
  5
1194
  100
AcDbEntity
  8
Document-Layer
  100
AcDbPolyline
  90
8
  70
1
  43
0.005080010160020321
  10
56.9461010922022
  20
50.063093726187454
  10
61.146126492252975
  20
50.063093726187454
  10
61.146126492252975
  20
49.763093726187456
  10
57.14610109220219
  20
49.763093726187456
  10
57.14610109220219
  20
43.96309372618745
  10
61.04612649225301
  20
43.96309372618745
  10
61.04612649225301
  20
43.763093726187456
  10
56.9461010922022
  20
43.763093726187456
  0
HATCH
  5
2126
  100
AcDbEntity
  8
Document-Layer
  100
AcDbHatch
  10
0
  20
0
  30
0
  210
0
  220
0
  230
1
  2
SOLID
  70
1
  71
0
  91
1
  92
7
  72
0
  73
1
  93
8
  10
56.9461010922022
  20
65.0491236982474
  10
61.146126492252975
  20
65.0491236982474
  10
61.146126492252975
  20
64.7491236982474
  10
57.14610109220219
  20
64.7491236982474
  10
57.14610109220219
  20
58.949123698247405
  10
61.04612649225301
  20
58.949123698247405
  10
61.04612649225301
  20
58.7491236982474
  10
56.9461010922022
  20
58.7491236982474
  97
1
  330
2125
  75
0
  76
1
  47
0.4128176842155181
  98
1
  10
34.90568961886538
  20
22.81183545379326
  450
0
  451
0
  460
0
  461
0
  452
1
  462
1
  453
2
  463
0
  63
5
  421
255
  463
1
  63
7
  421
16777215
  470
LINEAR
  1001
ACAD
  1010
0
  1020
0
  1030
0
  0
LWPOLYLINE
  5
2125
  100
AcDbEntity
  8
Document-Layer
  100
AcDbPolyline
  90
8
  70
1
  43
0.005080010160020321
  10
56.9461010922022
  20
65.0491236982474
  10
61.146126492252975
  20
65.0491236982474
  10
61.146126492252975
  20
64.7491236982474
  10
57.14610109220219
  20
64.7491236982474
  10
57.14610109220219
  20
58.949123698247405
  10
61.04612649225301
  20
58.949123698247405
  10
61.04612649225301
  20
58.7491236982474
  10
56.9461010922022
  20
58.7491236982474
  0
HATCH
  5
2148
  100
AcDbEntity
  8
Document-Layer
  100
AcDbHatch
  10
0
  20
0
  30
0
  210
0
  220
0
  230
1
  2
SOLID
  70
1
  71
0
  91
1
  92
7
  72
0
  73
1
  93
8
  10
93.16819913639826
  20
59.538125476250954
  10
88.96817373634748
  20
59.53812547625096
  10
88.96817373634748
  20
59.838125476250966
  10
92.96819913639827
  20
59.838125476250966
  10
92.96819913639827
  20
65.63812547625096
  10
89.06817373634748
  20
65.63812547625096
  10
89.06817373634748
  20
65.83812547625097
  10
93.16819913639829
  20
65.83812547625095
  97
1
  330
2147
  75
0
  76
1
  47
0.4128176842155181
  98
1
  10
34.90568961886538
  20
22.81183545379326
  450
0
  451
0
  460
0
  461
0
  452
1
  462
1
  453
2
  463
0
  63
5
  421
255
  463
1
  63
7
  421
16777215
  470
LINEAR
  1001
ACAD
  1010
0
  1020
0
  1030
0
  0
LWPOLYLINE
  5
2147
  100
AcDbEntity
  8
Document-Layer
  100
AcDbPolyline
  90
8
  70
1
  43
0.005080010160020321
  10
93.16819913639826
  20
59.538125476250954
  10
88.96817373634748
  20
59.53812547625096
  10
88.96817373634748
  20
59.838125476250966
  10
92.96819913639827
  20
59.838125476250966
  10
92.96819913639827
  20
65.63812547625096
  10
89.06817373634748
  20
65.63812547625096
  10
89.06817373634748
  20
65.83812547625097
  10
93.16819913639829
  20
65.83812547625095
  0
HATCH
  5
2170
  100
AcDbEntity
  8
Document-Layer
  100
AcDbHatch
  10
0
  20
0
  30
0
  210
0
  220
0
  230
1
  2
SOLID
  70
1
  71
0
  91
1
  92
7
  72
0
  73
1
  93
8
  10
56.9461010922022
  20
57.55610871221744
  10
61.146126492252975
  20
57.55610871221744
  10
61.146126492252975
  20
57.25610871221743
  10
57.14610109220219
  20
57.25610871221743
  10
57.14610109220219
  20
51.456108712217436
  10
61.04612649225301
  20
51.456108712217436
  10
61.04612649225301
  20
51.25610871221743
  10
56.9461010922022
  20
51.25610871221743
  97
1
  330
2169
  75
0
  76
1
  47
0.4128176842155181
  98
1
  10
34.90568961886538
  20
22.81183545379326
  450
0
  451
0
  460
0
  461
0
  452
1
  462
1
  453
2
  463
0
  63
5
  421
255
  463
1
  63
7
  421
16777215
  470
LINEAR
  1001
ACAD
  1010
0
  1020
0
  1030
0
  0
LWPOLYLINE
  5
2169
  100
AcDbEntity
  8
Document-Layer
  100
AcDbPolyline
  90
8
  70
1
  43
0.005080010160020321
  10
56.9461010922022
  20
57.55610871221744
  10
61.146126492252975
  20
57.55610871221744
  10
61.146126492252975
  20
57.25610871221743
  10
57.14610109220219
  20
57.25610871221743
  10
57.14610109220219
  20
51.456108712217436
  10
61.04612649225301
  20
51.456108712217436
  10
61.04612649225301
  20
51.25610871221743
  10
56.9461010922022
  20
51.25610871221743
  0
HATCH
  5
2192
  100
AcDbEntity
  8
Document-Layer
  100
AcDbHatch
  10
0
  20
0
  30
0
  210
0
  220
0
  230
1
  2
SOLID
  70
1
  71
0
  91
1
  92
7
  72
0
  73
1
  93
8
  10
93.29519939039876
  20
51.53710947421895
  10
89.09517399034799
  20
51.53710947421895
  10
89.09517399034799
  20
51.837109474218956
  10
93.09519939039878
  20
51.837109474218956
  10
93.09519939039878
  20
57.63710947421896
  10
89.19517399034798
  20
57.63710947421896
  10
89.19517399034798
  20
57.83710947421896
  10
93.29519939039879
  20
57.837109474218956
  97
1
  330
2191
  75
0
  76
1
  47
0.4128176842155181
  98
1
  10
34.90568961886538
  20
22.81183545379326
  450
0
  451
0
  460
0
  461
0
  452
1
  462
1
  453
2
  463
0
  63
5
  421
255
  463
1
  63
7
  421
16777215
  470
LINEAR
  1001
ACAD
  1010
0
  1020
0
  1030
0
  0
LWPOLYLINE
  5
2191
  100
AcDbEntity
  8
Document-Layer
  100
AcDbPolyline
  90
8
  70
1
  43
0.005080010160020321
  10
93.29519939039876
  20
51.53710947421895
  10
89.09517399034799
  20
51.53710947421895
  10
89.09517399034799
  20
51.837109474218956
  10
93.09519939039878
  20
51.837109474218956
  10
93.09519939039878
  20
57.63710947421896
  10
89.19517399034798
  20
57.63710947421896
  10
89.19517399034798
  20
57.83710947421896
  10
93.29519939039879
  20
57.837109474218956
  0
HATCH
  5
2214
  100
AcDbEntity
  8
Document-Layer
  100
AcDbHatch
  10
0
  20
0
  30
0
  210
0
  220
0
  230
1
  2
SOLID
  70
1
  71
0
  91
1
  92
7
  72
0
  73
1
  93
8
  10
93.16819913639826
  20
43.79009398018796
  10
88.96817373634748
  20
43.79009398018796
  10
88.96817373634748
  20
44.09009398018796
  10
92.96819913639827
  20
44.09009398018796
  10
92.96819913639827
  20
49.89009398018797
  10
89.06817373634748
  20
49.89009398018797
  10
89.06817373634748
  20
50.090093980187966
  10
93.16819913639829
  20
50.090093980187966
  97
1
  330
2213
  75
0
  76
1
  47
0.4128176842155181
  98
1
  10
34.90568961886538
  20
22.81183545379326
  450
0
  451
0
  460
0
  461
0
  452
1
  462
1
  453
2
  463
0
  63
5
  421
255
  463
1
  63
7
  421
16777215
  470
LINEAR
  1001
ACAD
  1010
0
  1020
0
  1030
0
  0
LWPOLYLINE
  5
2213
  100
AcDbEntity
  8
Document-Layer
  100
AcDbPolyline
  90
8
  70
1
  43
0.005080010160020321
  10
93.16819913639826
  20
43.79009398018796
  10
88.96817373634748
  20
43.79009398018796
  10
88.96817373634748
  20
44.09009398018796
  10
92.96819913639827
  20
44.09009398018796
  10
92.96819913639827
  20
49.89009398018797
  10
89.06817373634748
  20
49.89009398018797
  10
89.06817373634748
  20
50.090093980187966
  10
93.16819913639829
  20
50.090093980187966
  0
HATCH
  5
2236
  100
AcDbEntity
  8
Document-Layer
  100
AcDbHatch
  10
0
  20
0
  30
0
  210
0
  220
0
  230
1
  2
SOLID
  70
1
  71
0
  91
1
  92
7
  72
0
  73
1
  93
8
  10
56.9461010922022
  20
50.063093726187454
  10
61.146126492252975
  20
50.063093726187454
  10
61.146126492252975
  20
49.763093726187456
  10
57.14610109220219
  20
49.763093726187456
  10
57.14610109220219
  20
43.96309372618745
  10
61.04612649225301
  20
43.96309372618745
  10
61.04612649225301
  20
43.763093726187456
  10
56.9461010922022
  20
43.763093726187456
  97
1
  330
2235
  75
0
  76
1
  47
0.4128176842155181
  98
1
  10
34.90568961886538
  20
22.81183545379326
  450
0
  451
0
  460
0
  461
0
  452
1
  462
1
  453
2
  463
0
  63
5
  421
255
  463
1
  63
7
  421
16777215
  470
LINEAR
  1001
ACAD
  1010
0
  1020
0
  1030
0
  0
LWPOLYLINE
  5
2235
  100
AcDbEntity
  8
Document-Layer
  100
AcDbPolyline
  90
8
  70
1
  43
0.005080010160020321
  10
56.9461010922022
  20
50.063093726187454
  10
61.146126492252975
  20
50.063093726187454
  10
61.146126492252975
  20
49.763093726187456
  10
57.14610109220219
  20
49.763093726187456
  10
57.14610109220219
  20
43.96309372618745
  10
61.04612649225301
  20
43.96309372618745
  10
61.04612649225301
  20
43.763093726187456
  10
56.9461010922022
  20
43.763093726187456
  0
LWPOLYLINE
  5
2251
  100
AcDbEntity
  8
Document-Layer
  100
AcDbPolyline
  90
2
  70
1
  43
0.30000000000000004
  10
75.47929895859794
  20
65.68326136652269
  42
1
  10
75.77952755905513
  20
65.68326136652269
  42
1
  0
LWPOLYLINE
  5
2265
  100
AcDbEntity
  8
Document-Layer
  100
AcDbPolyline
  90
2
  70
1
  43
0.2
  10
70.95605791211584
  20
61.384048768097514
  42
1
  10
71.15621031242064
  20
61.384048768097514
  42
1
  0
HATCH
  5
1464
  100
AcDbEntity
  8
Hole-Layer
  100
AcDbHatch
  10
0
  20
0
  30
0
  210
0
  220
0
  230
1
  2
SOLID
  70
1
  71
0
  91
1
  92
7
  72
1
  73
1
  93
2
  10
62.8211328422657
  20
62.8491236982474
  42
1
  10
63.6711201422403
  20
62.8491236982474
  42
1
  97
1
  330
1463
  75
0
  76
1
  47
0.8681437583925616
  98
1
  10
3.629517071192367
  20
33.92795499968543
  450
0
  451
0
  460
0
  461
0
  452
1
  462
1
  453
2
  463
0
  63
5
  421
255
  463
1
  63
7
  421
16777215
  470
LINEAR
  1001
ACAD
  1010
0
  1020
0
  1030
0
  0
LWPOLYLINE
  5
1465
  100
AcDbEntity
  8
Hole-Layer
  100
AcDbPolyline
  90
4
  70
0
  43
0
  10
62.8211328422657
  20
62.84912369830214
  42
1
  10
63.67112014224027
  20
62.849123698105856
  10
63.67112014224027
  20
62.84912369819267
  42
1
  10
62.8211328422657
  20
62.84912369838895
  0
HATCH
  5
1494
  100
AcDbEntity
  8
Hole-Layer
  100
AcDbHatch
  10
0
  20
0
  30
0
  210
0
  220
0
  230
1
  2
SOLID
  70
1
  71
0
  91
1
  92
7
  72
1
  73
1
  93
2
  10
62.82702565405132
  20
60.84912369824741
  42
1
  10
63.66522733045468
  20
60.84912369824741
  42
1
  97
1
  330
1493
  75
0
  76
1
  47
0.8681437583925616
  98
1
  10
3.629517071192367
  20
33.92795499968543
  450
0
  451
0
  460
0
  461
0
  452
1
  462
1
  453
2
  463
0
  63
5
  421
255
  463
1
  63
7
  421
16777215
  470
LINEAR
  1001
ACAD
  1010
0
  1020
0
  1030
0
  0
LWPOLYLINE
  5
1495
  100
AcDbEntity
  8
Hole-Layer
  100
AcDbPolyline
  90
4
  70
0
  43
0
  10
62.827025654051326
  20
60.84912369841143
  42
1
  10
63.66522733045467
  20
60.84912369813017
  10
63.66522733045467
  20
60.84912369808338
  42
1
  10
62.827025654051326
  20
60.84912369836465
  0
HATCH
  5
1524
  100
AcDbEntity
  8
Hole-Layer
  100
AcDbHatch
  10
0
  20
0
  30
0
  210
0
  220
0
  230
1
  2
SOLID
  70
1
  71
0
  91
1
  92
7
  72
1
  73
1
  93
2
  10
86.44318008636019
  20
63.73812547625096
  42
1
  10
87.29316738633479
  20
63.73812547625096
  42
1
  97
1
  330
1523
  75
0
  76
1
  47
0.8681437583925616
  98
1
  10
3.629517071192367
  20
33.92795499968543
  450
0
  451
0
  460
0
  461
0
  452
1
  462
1
  453
2
  463
0
  63
5
  421
255
  463
1
  63
7
  421
16777215
  470
LINEAR
  1001
ACAD
  1010
0
  1020
0
  1030
0
  0
LWPOLYLINE
  5
1525
  100
AcDbEntity
  8
Hole-Layer
  100
AcDbPolyline
  90
4
  70
0
  43
0
  10
86.44318008636019
  20
63.7381254763057
  42
1
  10
87.29316738633476
  20
63.73812547610942
  10
87.29316738633476
  20
63.73812547619623
  42
1
  10
86.44318008636019
  20
63.73812547639251
  0
HATCH
  5
1545
  100
AcDbEntity
  8
Hole-Layer
  100
AcDbHatch
  10
0
  20
0
  30
0
  210
0
  220
0
  230
1
  2
SOLID
  70
1
  71
0
  91
1
  92
7
  72
1
  73
1
  93
2
  10
86.44907289814581
  20
61.738125476250964
  42
1
  10
87.28727457454916
  20
61.738125476250964
  42
1
  97
1
  330
1544
  75
0
  76
1
  47
0.8681437583925616
  98
1
  10
3.629517071192367
  20
33.92795499968543
  450
0
  451
0
  460
0
  461
0
  452
1
  462
1
  453
2
  463
0
  63
5
  421
255
  463
1
  63
7
  421
16777215
  470
LINEAR
  1001
ACAD
  1010
0
  1020
0
  1030
0
  0
LWPOLYLINE
  5
1546
  100
AcDbEntity
  8
Hole-Layer
  100
AcDbPolyline
  90
4
  70
0
  43
0
  10
86.44907289814581
  20
61.73812547641499
  42
1
  10
87.28727457454916
  20
61.738125476133725
  10
87.28727457454916
  20
61.738125476086935
  42
1
  10
86.44907289814581
  20
61.7381254763682
  0
HATCH
  5
1566
  100
AcDbEntity
  8
Hole-Layer
  100
AcDbHatch
  10
0
  20
0
  30
0
  210
0
  220
0
  230
1
  2
SOLID
  70
1
  71
0
  91
1
  92
7
  72
1
  73
1
  93
2
  10
62.8211328422657
  20
55.356108712217434
  42
1
  10
63.6711201422403
  20
55.356108712217434
  42
1
  97
1
  330
1565
  75
0
  76
1
  47
0.8681437583925616
  98
1
  10
3.629517071192367
  20
33.92795499968543
  450
0
  451
0
  460
0
  461
0
  452
1
  462
1
  453
2
  463
0
  63
5
  421
255
  463
1
  63
7
  421
16777215
  470
LINEAR
  1001
ACAD
  1010
0
  1020
0
  1030
0
  0
LWPOLYLINE
  5
1567
  100
AcDbEntity
  8
Hole-Layer
  100
AcDbPolyline
  90
4
  70
0
  43
0
  10
62.8211328422657
  20
55.35610871227216
  42
1
  10
63.67112014224027
  20
55.35610871207588
  10
63.67112014224027
  20
55.3561087121627
  42
1
  10
62.8211328422657
  20
55.35610871235898
  0
HATCH
  5
1596
  100
AcDbEntity
  8
Hole-Layer
  100
AcDbHatch
  10
0
  20
0
  30
0
  210
0
  220
0
  230
1
  2
SOLID
  70
1
  71
0
  91
1
  92
7
  72
1
  73
1
  93
2
  10
62.8211328422657
  20
53.356108712217434
  42
1
  10
63.6711201422403
  20
53.356108712217434
  42
1
  97
1
  330
1595
  75
0
  76
1
  47
0.8681437583925616
  98
1
  10
3.629517071192367
  20
33.92795499968543
  450
0
  451
0
  460
0
  461
0
  452
1
  462
1
  453
2
  463
0
  63
5
  421
255
  463
1
  63
7
  421
16777215
  470
LINEAR
  1001
ACAD
  1010
0
  1020
0
  1030
0
  0
LWPOLYLINE
  5
1597
  100
AcDbEntity
  8
Hole-Layer
  100
AcDbPolyline
  90
4
  70
0
  43
0
  10
62.8211328422657
  20
53.35610871227216
  42
1
  10
63.67112014224027
  20
53.35610871207588
  10
63.67112014224027
  20
53.3561087121627
  42
1
  10
62.8211328422657
  20
53.35610871235898
  0
HATCH
  5
1626
  100
AcDbEntity
  8
Hole-Layer
  100
AcDbHatch
  10
0
  20
0
  30
0
  210
0
  220
0
  230
1
  2
SOLID
  70
1
  71
0
  91
1
  92
7
  72
1
  73
1
  93
2
  10
86.57607315214632
  20
55.737109474218954
  42
1
  10
87.41427482854967
  20
55.737109474218954
  42
1
  97
1
  330
1625
  75
0
  76
1
  47
0.8681437583925616
  98
1
  10
3.629517071192367
  20
33.92795499968543
  450
0
  451
0
  460
0
  461
0
  452
1
  462
1
  453
2
  463
0
  63
5
  421
255
  463
1
  63
7
  421
16777215
  470
LINEAR
  1001
ACAD
  1010
0
  1020
0
  1030
0
  0
LWPOLYLINE
  5
1627
  100
AcDbEntity
  8
Hole-Layer
  100
AcDbPolyline
  90
4
  70
0
  43
0
  10
86.57607315214632
  20
55.73710947438298
  42
1
  10
87.41427482854967
  20
55.737109474101715
  10
87.41427482854967
  20
55.73710947405493
  42
1
  10
86.57607315214632
  20
55.737109474336194
  0
HATCH
  5
1647
  100
AcDbEntity
  8
Hole-Layer
  100
AcDbHatch
  10
0
  20
0
  30
0
  210
0
  220
0
  230
1
  2
SOLID
  70
1
  71
0
  91
1
  92
7
  72
1
  73
1
  93
2
  10
86.57607315214632
  20
53.737109474218954
  42
1
  10
87.41427482854967
  20
53.737109474218954
  42
1
  97
1
  330
1646
  75
0
  76
1
  47
0.8681437583925616
  98
1
  10
3.629517071192367
  20
33.92795499968543
  450
0
  451
0
  460
0
  461
0
  452
1
  462
1
  453
2
  463
0
  63
5
  421
255
  463
1
  63
7
  421
16777215
  470
LINEAR
  1001
ACAD
  1010
0
  1020
0
  1030
0
  0
LWPOLYLINE
  5
1648
  100
AcDbEntity
  8
Hole-Layer
  100
AcDbPolyline
  90
4
  70
0
  43
0
  10
86.57607315214632
  20
53.73710947438298
  42
1
  10
87.41427482854967
  20
53.737109474101715
  10
87.41427482854967
  20
53.73710947405493
  42
1
  10
86.57607315214632
  20
53.737109474336194
  0
HATCH
  5
1668
  100
AcDbEntity
  8
Hole-Layer
  100
AcDbHatch
  10
0
  20
0
  30
0
  210
0
  220
0
  230
1
  2
SOLID
  70
1
  71
0
  91
1
  92
7
  72
1
  73
1
  93
2
  10
86.44318008636019
  20
45.990093980187964
  42
1
  10
87.29316738633479
  20
45.990093980187964
  42
1
  97
1
  330
1667
  75
0
  76
1
  47
0.8681437583925616
  98
1
  10
3.629517071192367
  20
33.92795499968543
  450
0
  451
0
  460
0
  461
0
  452
1
  462
1
  453
2
  463
0
  63
5
  421
255
  463
1
  63
7
  421
16777215
  470
LINEAR
  1001
ACAD
  1010
0
  1020
0
  1030
0
  0
LWPOLYLINE
  5
1669
  100
AcDbEntity
  8
Hole-Layer
  100
AcDbPolyline
  90
4
  70
0
  43
0
  10
86.44318008636019
  20
45.99009398024269
  42
1
  10
87.29316738633476
  20
45.99009398004641
  10
87.29316738633476
  20
45.99009398013323
  42
1
  10
86.44318008636019
  20
45.99009398032951
  0
HATCH
  5
1698
  100
AcDbEntity
  8
Hole-Layer
  100
AcDbHatch
  10
0
  20
0
  30
0
  210
0
  220
0
  230
1
  2
SOLID
  70
1
  71
0
  91
1
  92
7
  72
1
  73
1
  93
2
  10
86.44907289814581
  20
47.990093980187964
  42
1
  10
87.28727457454916
  20
47.990093980187964
  42
1
  97
1
  330
1697
  75
0
  76
1
  47
0.8681437583925616
  98
1
  10
3.629517071192367
  20
33.92795499968543
  450
0
  451
0
  460
0
  461
0
  452
1
  462
1
  453
2
  463
0
  63
5
  421
255
  463
1
  63
7
  421
16777215
  470
LINEAR
  1001
ACAD
  1010
0
  1020
0
  1030
0
  0
LWPOLYLINE
  5
1699
  100
AcDbEntity
  8
Hole-Layer
  100
AcDbPolyline
  90
4
  70
0
  43
0
  10
86.44907289814581
  20
47.99009398035199
  42
1
  10
87.28727457454916
  20
47.99009398007073
  10
87.28727457454916
  20
47.99009398002394
  42
1
  10
86.44907289814581
  20
47.990093980305204
  0
HATCH
  5
1719
  100
AcDbEntity
  8
Hole-Layer
  100
AcDbHatch
  10
0
  20
0
  30
0
  210
0
  220
0
  230
1
  2
SOLID
  70
1
  71
0
  91
1
  92
7
  72
1
  73
1
  93
2
  10
62.8211328422657
  20
47.86309372618746
  42
1
  10
63.6711201422403
  20
47.86309372618746
  42
1
  97
1
  330
1718
  75
0
  76
1
  47
0.8681437583925616
  98
1
  10
3.629517071192367
  20
33.92795499968543
  450
0
  451
0
  460
0
  461
0
  452
1
  462
1
  453
2
  463
0
  63
5
  421
255
  463
1
  63
7
  421
16777215
  470
LINEAR
  1001
ACAD
  1010
0
  1020
0
  1030
0
  0
LWPOLYLINE
  5
1720
  100
AcDbEntity
  8
Hole-Layer
  100
AcDbPolyline
  90
4
  70
0
  43
0
  10
62.8211328422657
  20
47.86309372624219
  42
1
  10
63.67112014224027
  20
47.8630937260459
  10
63.67112014224027
  20
47.86309372613273
  42
1
  10
62.8211328422657
  20
47.86309372632901
  0
HATCH
  5
1749
  100
AcDbEntity
  8
Hole-Layer
  100
AcDbHatch
  10
0
  20
0
  30
0
  210
0
  220
0
  230
1
  2
SOLID
  70
1
  71
0
  91
1
  92
7
  72
1
  73
1
  93
2
  10
62.8211328422657
  20
45.86309372618745
  42
1
  10
63.6711201422403
  20
45.86309372618745
  42
1
  97
1
  330
1748
  75
0
  76
1
  47
0.8681437583925616
  98
1
  10
3.629517071192367
  20
33.92795499968543
  450
0
  451
0
  460
0
  461
0
  452
1
  462
1
  453
2
  463
0
  63
5
  421
255
  463
1
  63
7
  421
16777215
  470
LINEAR
  1001
ACAD
  1010
0
  1020
0
  1030
0
  0
LWPOLYLINE
  5
1750
  100
AcDbEntity
  8
Hole-Layer
  100
AcDbPolyline
  90
4
  70
0
  43
0
  10
62.8211328422657
  20
45.863093726242184
  42
1
  10
63.67112014224027
  20
45.8630937260459
  10
63.67112014224027
  20
45.863093726132725
  42
1
  10
62.8211328422657
  20
45.863093726329005
  0
HATCH
  5
1779
  100
AcDbEntity
  8
Hole-Layer
  100
AcDbHatch
  10
0
  20
0
  30
0
  210
0
  220
0
  230
1
  2
SOLID
  70
1
  71
0
  91
1
  92
7
  72
1
  73
1
  93
2
  10
70.5999491998984
  20
45.99408178816358
  42
1
  10
71.51435102870205
  20
45.99408178816358
  42
1
  97
1
  330
1778
  75
0
  76
1
  47
0.8681437583925616
  98
1
  10
3.629517071192367
  20
33.92795499968543
  450
0
  451
0
  460
0
  461
0
  452
1
  462
1
  453
2
  463
0
  63
5
  421
255
  463
1
  63
7
  421
16777215
  470
LINEAR
  1001
ACAD
  1010
0
  1020
0
  1030
0
  0
LWPOLYLINE
  5
1780
  100
AcDbEntity
  8
Hole-Layer
  100
AcDbPolyline
  90
4
  70
0
  43
0
  10
70.5999491998984
  20
45.994081788132355
  42
1
  10
71.51435102870202
  20
45.994081788132355
  10
71.51435102870202
  20
45.994081788194805
  42
1
  10
70.5999491998984
  20
45.994081788194805
  0
HATCH
  5
1809
  100
AcDbEntity
  8
Hole-Layer
  100
AcDbHatch
  10
0
  20
0
  30
0
  210
0
  220
0
  230
1
  2
SOLID
  70
1
  71
0
  91
1
  92
7
  72
1
  73
1
  93
2
  10
74.5999491998984
  20
45.99408178816358
  42
1
  10
75.51435102870205
  20
45.99408178816358
  42
1
  97
1
  330
1808
  75
0
  76
1
  47
0.8681437583925616
  98
1
  10
3.629517071192367
  20
33.92795499968543
  450
0
  451
0
  460
0
  461
0
  452
1
  462
1
  453
2
  463
0
  63
5
  421
255
  463
1
  63
7
  421
16777215
  470
LINEAR
  1001
ACAD
  1010
0
  1020
0
  1030
0
  0
LWPOLYLINE
  5
1810
  100
AcDbEntity
  8
Hole-Layer
  100
AcDbPolyline
  90
4
  70
0
  43
0
  10
74.5999491998984
  20
45.994081788132355
  42
1
  10
75.51435102870205
  20
45.994081788132355
  10
75.51435102870205
  20
45.994081788194805
  42
1
  10
74.5999491998984
  20
45.994081788194805
  0
HATCH
  5
1839
  100
AcDbEntity
  8
Hole-Layer
  100
AcDbHatch
  10
0
  20
0
  30
0
  210
0
  220
0
  230
1
  2
SOLID
  70
1
  71
0
  91
1
  92
7
  72
1
  73
1
  93
2
  10
78.59994919989843
  20
45.99408178816358
  42
1
  10
79.51435102870208
  20
45.99408178816358
  42
1
  97
1
  330
1838
  75
0
  76
1
  47
0.8681437583925616
  98
1
  10
3.629517071192367
  20
33.92795499968543
  450
0
  451
0
  460
0
  461
0
  452
1
  462
1
  453
2
  463
0
  63
5
  421
255
  463
1
  63
7
  421
16777215
  470
LINEAR
  1001
ACAD
  1010
0
  1020
0
  1030
0
  0
LWPOLYLINE
  5
1840
  100
AcDbEntity
  8
Hole-Layer
  100
AcDbPolyline
  90
4
  70
0
  43
0
  10
78.59994919989843
  20
45.994081788132355
  42
1
  10
79.51435102870205
  20
45.994081788132355
  10
79.51435102870205
  20
45.994081788194805
  42
1
  10
78.59994919989843
  20
45.994081788194805
  0
HATCH
  5
1869
  100
AcDbEntity
  8
Hole-Layer
  100
AcDbHatch
  10
0
  20
0
  30
0
  210
0
  220
0
  230
1
  2
SOLID
  70
1
  71
0
  91
1
  92
7
  72
1
  73
1
  93
2
  10
70.5999491998984
  20
48.49408178816358
  42
1
  10
71.51435102870205
  20
48.49408178816358
  42
1
  97
1
  330
1868
  75
0
  76
1
  47
0.8681437583925616
  98
1
  10
3.629517071192367
  20
33.92795499968543
  450
0
  451
0
  460
0
  461
0
  452
1
  462
1
  453
2
  463
0
  63
5
  421
255
  463
1
  63
7
  421
16777215
  470
LINEAR
  1001
ACAD
  1010
0
  1020
0
  1030
0
  0
LWPOLYLINE
  5
1870
  100
AcDbEntity
  8
Hole-Layer
  100
AcDbPolyline
  90
4
  70
0
  43
0
  10
70.5999491998984
  20
48.494081788132355
  42
1
  10
71.51435102870202
  20
48.494081788132355
  10
71.51435102870202
  20
48.494081788194805
  42
1
  10
70.5999491998984
  20
48.494081788194805
  0
HATCH
  5
1899
  100
AcDbEntity
  8
Hole-Layer
  100
AcDbHatch
  10
0
  20
0
  30
0
  210
0
  220
0
  230
1
  2
SOLID
  70
1
  71
0
  91
1
  92
7
  72
1
  73
1
  93
2
  10
74.5999491998984
  20
48.49408178816358
  42
1
  10
75.51435102870205
  20
48.49408178816358
  42
1
  97
1
  330
1898
  75
0
  76
1
  47
0.8681437583925616
  98
1
  10
3.629517071192367
  20
33.92795499968543
  450
0
  451
0
  460
0
  461
0
  452
1
  462
1
  453
2
  463
0
  63
5
  421
255
  463
1
  63
7
  421
16777215
  470
LINEAR
  1001
ACAD
  1010
0
  1020
0
  1030
0
  0
LWPOLYLINE
  5
1900
  100
AcDbEntity
  8
Hole-Layer
  100
AcDbPolyline
  90
4
  70
0
  43
0
  10
74.5999491998984
  20
48.494081788132355
  42
1
  10
75.51435102870205
  20
48.494081788132355
  10
75.51435102870205
  20
48.494081788194805
  42
1
  10
74.5999491998984
  20
48.494081788194805
  0
HATCH
  5
1929
  100
AcDbEntity
  8
Hole-Layer
  100
AcDbHatch
  10
0
  20
0
  30
0
  210
0
  220
0
  230
1
  2
SOLID
  70
1
  71
0
  91
1
  92
7
  72
1
  73
1
  93
2
  10
78.59994919989843
  20
48.49408178816358
  42
1
  10
79.51435102870208
  20
48.49408178816358
  42
1
  97
1
  330
1928
  75
0
  76
1
  47
0.8681437583925616
  98
1
  10
3.629517071192367
  20
33.92795499968543
  450
0
  451
0
  460
0
  461
0
  452
1
  462
1
  453
2
  463
0
  63
5
  421
255
  463
1
  63
7
  421
16777215
  470
LINEAR
  1001
ACAD
  1010
0
  1020
0
  1030
0
  0
LWPOLYLINE
  5
1930
  100
AcDbEntity
  8
Hole-Layer
  100
AcDbPolyline
  90
4
  70
0
  43
0
  10
78.59994919989843
  20
48.494081788132355
  42
1
  10
79.51435102870205
  20
48.494081788132355
  10
79.51435102870205
  20
48.494081788194805
  42
1
  10
78.59994919989843
  20
48.494081788194805
  0
HATCH
  5
1959
  100
AcDbEntity
  8
Hole-Layer
  100
AcDbHatch
  10
0
  20
0
  30
0
  210
0
  220
0
  230
1
  2
SOLID
  70
1
  71
0
  91
1
  92
7
  72
1
  73
1
  93
2
  10
80.55715011430023
  20
47.24409448818898
  42
1
  10
81.75715011430022
  20
47.24409448818898
  42
1
  97
1
  330
1958
  75
0
  76
1
  47
0.8681437583925616
  98
1
  10
3.629517071192367
  20
33.92795499968543
  450
0
  451
0
  460
0
  461
0
  452
1
  462
1
  453
2
  463
0
  63
5
  421
255
  463
1
  63
7
  421
16777215
  470
LINEAR
  1001
ACAD
  1010
0
  1020
0
  1030
0
  0
LWPOLYLINE
  5
1960
  100
AcDbEntity
  8
Hole-Layer
  100
AcDbPolyline
  90
2
  70
1
  43
0
  10
80.5571501143002
  20
47.24409448818898
  42
1
  10
81.75715011430022
  20
47.24409448818898
  42
1
  0
HATCH
  5
1989
  100
AcDbEntity
  8
Hole-Layer
  100
AcDbHatch
  10
0
  20
0
  30
0
  210
0
  220
0
  230
1
  2
SOLID
  70
1
  71
0
  91
1
  92
7
  72
1
  73
1
  93
2
  10
68.35715011430027
  20
47.24409448818898
  42
1
  10
69.55715011430026
  20
47.24409448818898
  42
1
  97
1
  330
1988
  75
0
  76
1
  47
0.8681437583925616
  98
1
  10
3.629517071192367
  20
33.92795499968543
  450
0
  451
0
  460
0
  461
0
  452
1
  462
1
  453
2
  463
0
  63
5
  421
255
  463
1
  63
7
  421
16777215
  470
LINEAR
  1001
ACAD
  1010
0
  1020
0
  1030
0
  0
LWPOLYLINE
  5
1990
  100
AcDbEntity
  8
Hole-Layer
  100
AcDbPolyline
  90
2
  70
1
  43
0
  10
68.35715011430024
  20
47.24409448818898
  42
1
  10
69.55715011430026
  20
47.24409448818898
  42
1
  0
LWPOLYLINE
  5
2068
  100
AcDbEntity
  8
Hole-Layer
  100
AcDbPolyline
  90
2
  70
1
  43
0
  10
86.58867157734316
  20
63.754127508255024
  42
1
  10
86.8936753873508
  20
63.754127508255024
  42
1
  0
LWPOLYLINE
  5
2070
  100
AcDbEntity
  8
Hole-Layer
  100
AcDbPolyline
  90
2
  70
1
  43
0
  10
63.09362458724915
  20
47.87909575819152
  42
1
  10
63.398628397256815
  20
47.87909575819152
  42
1
  0
LWPOLYLINE
  5
2072
  100
AcDbEntity
  8
Hole-Layer
  100
AcDbPolyline
  90
2
  70
1
  43
0
  10
75.15864871729742
  20
65.65913131826264
  42
1
  10
75.46365252730506
  20
65.65913131826264
  42
1
  0
LWPOLYLINE
  5
2074
  100
AcDbEntity
  8
Hole-Layer
  100
AcDbPolyline
  90
4
  70
0
  43
0
  10
86.84018288036579
  20
55.62611125222098
  42
1
  10
87.1501651003302
  20
55.62611125222098
  10
87.1501651003302
  20
55.62611125222405
  42
1
  10
86.84018288036579
  20
55.62611125222405
  0
LWPOLYLINE
  5
2076
  100
AcDbEntity
  8
Hole-Layer
  100
AcDbPolyline
  90
2
  70
1
  43
0
  10
86.71567183134367
  20
48.00609601219203
  42
1
  10
87.0206756413513
  20
48.00609601219203
  42
1
  0
LWPOLYLINE
  5
2078
  100
AcDbEntity
  8
Hole-Layer
  100
AcDbPolyline
  90
2
  70
1
  43
0
  10
63.09362458724915
  20
55.3721107442215
  42
1
  10
63.398628397256815
  20
55.3721107442215
  42
1
  0
LWPOLYLINE
  5
2080
  100
AcDbEntity
  8
Hole-Layer
  100
AcDbPolyline
  90
2
  70
1
  43
0
  10
63.09362458724915
  20
62.86512573025147
  42
1
  10
63.398628397256815
  20
62.86512573025147
  42
1
  0
LWPOLYLINE
  5
2082
  100
AcDbEntity
  8
Hole-Layer
  100
AcDbPolyline
  90
2
  70
1
  43
0
  10
82.14366268732537
  20
66.92913385826773
  42
1
  10
82.44866649733301
  20
66.92913385826773
  42
1
  0
LWPOLYLINE
  5
2084
  100
AcDbEntity
  8
Hole-Layer
  100
AcDbPolyline
  90
2
  70
1
  43
0
  10
68.2104470408941
  20
54.08412242824487
  42
1
  10
68.51545085090173
  20
54.08412242824487
  42
1
  0
LWPOLYLINE
  5
2086
  100
AcDbEntity
  8
Hole-Layer
  100
AcDbPolyline
  90
2
  70
1
  43
0
  10
74.09565659131316
  20
55.97612395224792
  42
1
  10
74.40066040132079
  20
55.97612395224792
  42
1
  0
HATCH
  5
1049
  100
AcDbEntity
  8
Component-Marking-Layer
  100
AcDbHatch
  10
0
  20
0
  30
0
  210
0
  220
0
  230
1
  2
SOLID
  70
1
  71
0
  91
1
  92
7
  72
1
  73
1
  93
2
  10
56.96621793243593
  20
64.7990855981712
  42
1
  10
57.026162052324175
  20
64.7990855981712
  42
1
  97
1
  330
1048
  75
0
  76
1
  47
0.8681437583925616
  98
1
  10
3.629517071192367
  20
33.92795499968543
  450
0
  451
0
  460
0
  461
0
  452
1
  462
1
  453
2
  463
0
  63
5
  421
255
  463
1
  63
7
  421
16777215
  470
LINEAR
  1001
ACAD
  1010
0
  1020
0
  1030
0
  0
LWPOLYLINE
  5
1050
  100
AcDbEntity
  8
Component-Marking-Layer
  100
AcDbPolyline
  90
2
  70
1
  43
0.005080010160020321
  10
56.966217932435924
  20
64.7990855981712
  42
1
  10
57.02616205232418
  20
64.7990855981712
  42
1
  0
HATCH
  5
1052
  100
AcDbEntity
  8
Component-Marking-Layer
  100
AcDbHatch
  10
0
  20
0
  30
0
  210
0
  220
0
  230
1
  2
SOLID
  70
1
  71
0
  91
1
  92
7
  72
1
  73
1
  93
2
  10
93.08813817627632
  20
59.788163576327165
  42
1
  10
93.14808229616455
  20
59.788163576327165
  42
1
  97
1
  330
1051
  75
0
  76
1
  47
0.8681437583925616
  98
1
  10
3.629517071192367
  20
33.92795499968543
  450
0
  451
0
  460
0
  461
0
  452
1
  462
1
  453
2
  463
0
  63
5
  421
255
  463
1
  63
7
  421
16777215
  470
LINEAR
  1001
ACAD
  1010
0
  1020
0
  1030
0
  0
LWPOLYLINE
  5
1053
  100
AcDbEntity
  8
Component-Marking-Layer
  100
AcDbPolyline
  90
2
  70
1
  43
0.005080010160020321
  10
93.08813817627627
  20
59.788163576327165
  42
1
  10
93.14808229616456
  20
59.788163576327165
  42
1
  0
HATCH
  5
1055
  100
AcDbEntity
  8
Component-Marking-Layer
  100
AcDbHatch
  10
0
  20
0
  30
0
  210
0
  220
0
  230
1
  2
SOLID
  70
1
  71
0
  91
1
  92
7
  72
1
  73
1
  93
2
  10
56.96621793243593
  20
57.306070612141234
  42
1
  10
57.026162052324175
  20
57.306070612141234
  42
1
  97
1
  330
1054
  75
0
  76
1
  47
0.8681437583925616
  98
1
  10
3.629517071192367
  20
33.92795499968543
  450
0
  451
0
  460
0
  461
0
  452
1
  462
1
  453
2
  463
0
  63
5
  421
255
  463
1
  63
7
  421
16777215
  470
LINEAR
  1001
ACAD
  1010
0
  1020
0
  1030
0
  0
LWPOLYLINE
  5
1056
  100
AcDbEntity
  8
Component-Marking-Layer
  100
AcDbPolyline
  90
2
  70
1
  43
0.005080010160020321
  10
56.966217932435924
  20
57.306070612141234
  42
1
  10
57.02616205232418
  20
57.306070612141234
  42
1
  0
HATCH
  5
1058
  100
AcDbEntity
  8
Component-Marking-Layer
  100
AcDbHatch
  10
0
  20
0
  30
0
  210
0
  220
0
  230
1
  2
SOLID
  70
1
  71
0
  91
1
  92
7
  72
1
  73
1
  93
2
  10
93.21513843027682
  20
51.787147574295155
  42
1
  10
93.27508255016505
  20
51.787147574295155
  42
1
  97
1
  330
1057
  75
0
  76
1
  47
0.8681437583925616
  98
1
  10
3.629517071192367
  20
33.92795499968543
  450
0
  451
0
  460
0
  461
0
  452
1
  462
1
  453
2
  463
0
  63
5
  421
255
  463
1
  63
7
  421
16777215
  470
LINEAR
  1001
ACAD
  1010
0
  1020
0
  1030
0
  0
LWPOLYLINE
  5
1059
  100
AcDbEntity
  8
Component-Marking-Layer
  100
AcDbPolyline
  90
2
  70
1
  43
0.005080010160020321
  10
93.21513843027678
  20
51.787147574295155
  42
1
  10
93.27508255016507
  20
51.787147574295155
  42
1
  0
HATCH
  5
1061
  100
AcDbEntity
  8
Component-Marking-Layer
  100
AcDbHatch
  10
0
  20
0
  30
0
  210
0
  220
0
  230
1
  2
SOLID
  70
1
  71
0
  91
1
  92
7
  72
1
  73
1
  93
2
  10
93.08813817627632
  20
44.040132080264165
  42
1
  10
93.14808229616455
  20
44.040132080264165
  42
1
  97
1
  330
1060
  75
0
  76
1
  47
0.8681437583925616
  98
1
  10
3.629517071192367
  20
33.92795499968543
  450
0
  451
0
  460
0
  461
0
  452
1
  462
1
  453
2
  463
0
  63
5
  421
255
  463
1
  63
7
  421
16777215
  470
LINEAR
  1001
ACAD
  1010
0
  1020
0
  1030
0
  0
LWPOLYLINE
  5
1062
  100
AcDbEntity
  8
Component-Marking-Layer
  100
AcDbPolyline
  90
2
  70
1
  43
0.005080010160020321
  10
93.08813817627627
  20
44.040132080264165
  42
1
  10
93.14808229616456
  20
44.040132080264165
  42
1
  0
HATCH
  5
1064
  100
AcDbEntity
  8
Component-Marking-Layer
  100
AcDbHatch
  10
0
  20
0
  30
0
  210
0
  220
0
  230
1
  2
SOLID
  70
1
  71
0
  91
1
  92
7
  72
1
  73
1
  93
2
  10
56.96621793243593
  20
49.81305562611126
  42
1
  10
57.026162052324175
  20
49.81305562611126
  42
1
  97
1
  330
1063
  75
0
  76
1
  47
0.8681437583925616
  98
1
  10
3.629517071192367
  20
33.92795499968543
  450
0
  451
0
  460
0
  461
0
  452
1
  462
1
  453
2
  463
0
  63
5
  421
255
  463
1
  63
7
  421
16777215
  470
LINEAR
  1001
ACAD
  1010
0
  1020
0
  1030
0
  0
LWPOLYLINE
  5
1065
  100
AcDbEntity
  8
Component-Marking-Layer
  100
AcDbPolyline
  90
2
  70
1
  43
0.005080010160020321
  10
56.966217932435924
  20
49.81305562611126
  42
1
  10
57.02616205232418
  20
49.81305562611126
  42
1
  0
HATCH
  5
1068
  100
AcDbEntity
  8
Component-Marking-Layer
  100
AcDbHatch
  10
0
  20
0
  30
0
  210
0
  220
0
  230
1
  2
SOLID
  70
1
  71
0
  91
1
  92
7
  72
1
  73
1
  93
2
  10
75.60833121666244
  20
64.93345186690375
  42
1
  10
75.66827533655066
  20
64.93345186690375
  42
1
  97
1
  330
1067
  75
0
  76
1
  47
0.8681437583925616
  98
1
  10
3.629517071192367
  20
33.92795499968543
  450
0
  451
0
  460
0
  461
0
  452
1
  462
1
  453
2
  463
0
  63
5
  421
255
  463
1
  63
7
  421
16777215
  470
LINEAR
  1001
ACAD
  1010
0
  1020
0
  1030
0
  0
LWPOLYLINE
  5
1069
  100
AcDbEntity
  8
Component-Marking-Layer
  100
AcDbPolyline
  90
2
  70
1
  43
0.005080010160020321
  10
75.60833121666242
  20
64.93345186690375
  42
1
  10
75.66827533655068
  20
64.93345186690375
  42
1
  0
HATCH
  5
1072
  100
AcDbEntity
  8
Component-Marking-Layer
  100
AcDbHatch
  10
0
  20
0
  30
0
  210
0
  220
0
  230
1
  2
SOLID
  70
1
  71
0
  91
1
  92
7
  72
1
  73
1
  93
2
  10
70.76606553213108
  20
61.03403606807218
  42
1
  10
70.82600965201931
  20
61.03403606807218
  42
1
  97
1
  330
1071
  75
0
  76
1
  47
0.8681437583925616
  98
1
  10
3.629517071192367
  20
33.92795499968543
  450
0
  451
0
  460
0
  461
0
  452
1
  462
1
  453
2
  463
0
  63
5
  421
255
  463
1
  63
7
  421
16777215
  470
LINEAR
  1001
ACAD
  1010
0
  1020
0
  1030
0
  0
LWPOLYLINE
  5
1073
  100
AcDbEntity
  8
Component-Marking-Layer
  100
AcDbPolyline
  90
2
  70
1
  43
0.005080010160020321
  10
70.76606553213107
  20
61.03403606807218
  42
1
  10
70.82600965201932
  20
61.03403606807218
  42
1
  0
HATCH
  5
1075
  100
AcDbEntity
  8
Component-Marking-Layer
  100
AcDbHatch
  10
0
  20
0
  30
0
  210
0
  220
0
  230
1
  2
SOLID
  70
1
  71
0
  91
1
  92
7
  72
1
  73
1
  93
2
  10
68.51610363220728
  20
53.094234188468384
  42
1
  10
68.63604267208537
  20
53.094234188468384
  42
1
  97
1
  330
1074
  75
0
  76
1
  47
0.8681437583925616
  98
1
  10
3.629517071192367
  20
33.92795499968543
  450
0
  451
0
  460
0
  461
0
  452
1
  462
1
  453
2
  463
0
  63
5
  421
255
  463
1
  63
7
  421
16777215
  470
LINEAR
  1001
ACAD
  1010
0
  1020
0
  1030
0
  0
LWPOLYLINE
  5
1076
  100
AcDbEntity
  8
Component-Marking-Layer
  100
AcDbPolyline
  90
4
  70
0
  43
0.005080010160020321
  10
68.51610363220728
  20
53.09423418847713
  42
1
  10
68.63604267208534
  20
53.094234188464924
  10
68.63604267208534
  20
53.09423418845964
  42
1
  10
68.51610363220728
  20
53.094234188471845
  0
HATCH
  5
1078
  100
AcDbEntity
  8
Component-Marking-Layer
  100
AcDbHatch
  10
0
  20
0
  30
0
  210
0
  220
0
  230
1
  2
SOLID
  70
1
  71
0
  91
1
  92
7
  72
1
  73
1
  93
2
  10
82.48613157226315
  20
66.04826009652021
  42
1
  10
82.60607061214124
  20
66.04826009652021
  42
1
  97
1
  330
1077
  75
0
  76
1
  47
0.8681437583925616
  98
1
  10
3.629517071192367
  20
33.92795499968543
  450
0
  451
0
  460
0
  461
0
  452
1
  462
1
  453
2
  463
0
  63
5
  421
255
  463
1
  63
7
  421
16777215
  470
LINEAR
  1001
ACAD
  1010
0
  1020
0
  1030
0
  0
LWPOLYLINE
  5
1079
  100
AcDbEntity
  8
Component-Marking-Layer
  100
AcDbPolyline
  90
4
  70
0
  43
0.005080010160020321
  10
82.48613157226318
  20
66.04826009652895
  42
1
  10
82.60607061214124
  20
66.04826009651674
  10
82.60607061214124
  20
66.04826009651146
  42
1
  10
82.48613157226318
  20
66.04826009652366
  0
HATCH
  5
1081
  100
AcDbEntity
  8
Component-Marking-Layer
  100
AcDbHatch
  10
0
  20
0
  30
0
  210
0
  220
0
  230
1
  2
SOLID
  70
1
  71
0
  91
1
  92
7
  72
1
  73
1
  93
2
  10
73.05407670815343
  20
59.41706883413768
  42
1
  10
73.17401574803152
  20
59.41706883413768
  42
1
  97
1
  330
1080
  75
0
  76
1
  47
0.8681437583925616
  98
1
  10
3.629517071192367
  20
33.92795499968543
  450
0
  451
0
  460
0
  461
0
  452
1
  462
1
  453
2
  463
0
  63
5
  421
255
  463
1
  63
7
  421
16777215
  470
LINEAR
  1001
ACAD
  1010
0
  1020
0
  1030
0
  0
LWPOLYLINE
  5
1082
  100
AcDbEntity
  8
Component-Marking-Layer
  100
AcDbPolyline
  90
4
  70
0
  43
0.005080010160020321
  10
73.05407670815343
  20
59.41706883414642
  42
1
  10
73.1740157480315
  20
59.41706883413421
  10
73.1740157480315
  20
59.41706883412893
  42
1
  10
73.05407670815343
  20
59.41706883414113
  0
HATCH
  5
1084
  100
AcDbEntity
  8
Component-Marking-Layer
  100
AcDbHatch
  10
0
  20
0
  30
0
  210
0
  220
0
  230
1
  2
SOLID
  70
1
  71
0
  91
1
  92
7
  72
1
  73
1
  93
2
  10
72.67307594615188
  20
55.734061468122945
  42
1
  10
72.79301498602997
  20
55.734061468122945
  42
1
  97
1
  330
1083
  75
0
  76
1
  47
0.8681437583925616
  98
1
  10
3.629517071192367
  20
33.92795499968543
  450
0
  451
0
  460
0
  461
0
  452
1
  462
1
  453
2
  463
0
  63
5
  421
255
  463
1
  63
7
  421
16777215
  470
LINEAR
  1001
ACAD
  1010
0
  1020
0
  1030
0
  0
LWPOLYLINE
  5
1085
  100
AcDbEntity
  8
Component-Marking-Layer
  100
AcDbPolyline
  90
4
  70
0
  43
0.005080010160020321
  10
72.67307594615191
  20
55.734061468131685
  42
1
  10
72.79301498602997
  20
55.73406146811948
  10
72.79301498602997
  20
55.734061468114206
  42
1
  10
72.67307594615191
  20
55.734061468126406
  0
HATCH
  5
2123
  100
AcDbEntity
  8
Component-Marking-Layer
  100
AcDbHatch
  10
0
  20
0
  30
0
  210
0
  220
0
  230
1
  2
SOLID
  70
1
  71
0
  91
1
  92
7
  72
1
  73
1
  93
2
  10
56.96621793243593
  20
64.7990855981712
  42
1
  10
57.026162052324175
  20
64.7990855981712
  42
1
  97
1
  330
2122
  75
0
  76
1
  47
0.8681437583925616
  98
1
  10
3.629517071192367
  20
33.92795499968543
  450
0
  451
0
  460
0
  461
0
  452
1
  462
1
  453
2
  463
0
  63
5
  421
255
  463
1
  63
7
  421
16777215
  470
LINEAR
  1001
ACAD
  1010
0
  1020
0
  1030
0
  0
LWPOLYLINE
  5
2124
  100
AcDbEntity
  8
Component-Marking-Layer
  100
AcDbPolyline
  90
2
  70
1
  43
0.005080010160020321
  10
56.966217932435924
  20
64.7990855981712
  42
1
  10
57.02616205232418
  20
64.7990855981712
  42
1
  0
HATCH
  5
2145
  100
AcDbEntity
  8
Component-Marking-Layer
  100
AcDbHatch
  10
0
  20
0
  30
0
  210
0
  220
0
  230
1
  2
SOLID
  70
1
  71
0
  91
1
  92
7
  72
1
  73
1
  93
2
  10
93.08813817627632
  20
59.788163576327165
  42
1
  10
93.14808229616455
  20
59.788163576327165
  42
1
  97
1
  330
2144
  75
0
  76
1
  47
0.8681437583925616
  98
1
  10
3.629517071192367
  20
33.92795499968543
  450
0
  451
0
  460
0
  461
0
  452
1
  462
1
  453
2
  463
0
  63
5
  421
255
  463
1
  63
7
  421
16777215
  470
LINEAR
  1001
ACAD
  1010
0
  1020
0
  1030
0
  0
LWPOLYLINE
  5
2146
  100
AcDbEntity
  8
Component-Marking-Layer
  100
AcDbPolyline
  90
2
  70
1
  43
0.005080010160020321
  10
93.08813817627627
  20
59.788163576327165
  42
1
  10
93.14808229616456
  20
59.788163576327165
  42
1
  0
HATCH
  5
2167
  100
AcDbEntity
  8
Component-Marking-Layer
  100
AcDbHatch
  10
0
  20
0
  30
0
  210
0
  220
0
  230
1
  2
SOLID
  70
1
  71
0
  91
1
  92
7
  72
1
  73
1
  93
2
  10
56.96621793243593
  20
57.306070612141234
  42
1
  10
57.026162052324175
  20
57.306070612141234
  42
1
  97
1
  330
2166
  75
0
  76
1
  47
0.8681437583925616
  98
1
  10
3.629517071192367
  20
33.92795499968543
  450
0
  451
0
  460
0
  461
0
  452
1
  462
1
  453
2
  463
0
  63
5
  421
255
  463
1
  63
7
  421
16777215
  470
LINEAR
  1001
ACAD
  1010
0
  1020
0
  1030
0
  0
LWPOLYLINE
  5
2168
  100
AcDbEntity
  8
Component-Marking-Layer
  100
AcDbPolyline
  90
2
  70
1
  43
0.005080010160020321
  10
56.966217932435924
  20
57.306070612141234
  42
1
  10
57.02616205232418
  20
57.306070612141234
  42
1
  0
HATCH
  5
2189
  100
AcDbEntity
  8
Component-Marking-Layer
  100
AcDbHatch
  10
0
  20
0
  30
0
  210
0
  220
0
  230
1
  2
SOLID
  70
1
  71
0
  91
1
  92
7
  72
1
  73
1
  93
2
  10
93.21513843027682
  20
51.787147574295155
  42
1
  10
93.27508255016505
  20
51.787147574295155
  42
1
  97
1
  330
2188
  75
0
  76
1
  47
0.8681437583925616
  98
1
  10
3.629517071192367
  20
33.92795499968543
  450
0
  451
0
  460
0
  461
0
  452
1
  462
1
  453
2
  463
0
  63
5
  421
255
  463
1
  63
7
  421
16777215
  470
LINEAR
  1001
ACAD
  1010
0
  1020
0
  1030
0
  0
LWPOLYLINE
  5
2190
  100
AcDbEntity
  8
Component-Marking-Layer
  100
AcDbPolyline
  90
2
  70
1
  43
0.005080010160020321
  10
93.21513843027678
  20
51.787147574295155
  42
1
  10
93.27508255016507
  20
51.787147574295155
  42
1
  0
HATCH
  5
2211
  100
AcDbEntity
  8
Component-Marking-Layer
  100
AcDbHatch
  10
0
  20
0
  30
0
  210
0
  220
0
  230
1
  2
SOLID
  70
1
  71
0
  91
1
  92
7
  72
1
  73
1
  93
2
  10
93.08813817627632
  20
44.040132080264165
  42
1
  10
93.14808229616455
  20
44.040132080264165
  42
1
  97
1
  330
2210
  75
0
  76
1
  47
0.8681437583925616
  98
1
  10
3.629517071192367
  20
33.92795499968543
  450
0
  451
0
  460
0
  461
0
  452
1
  462
1
  453
2
  463
0
  63
5
  421
255
  463
1
  63
7
  421
16777215
  470
LINEAR
  1001
ACAD
  1010
0
  1020
0
  1030
0
  0
LWPOLYLINE
  5
2212
  100
AcDbEntity
  8
Component-Marking-Layer
  100
AcDbPolyline
  90
2
  70
1
  43
0.005080010160020321
  10
93.08813817627627
  20
44.040132080264165
  42
1
  10
93.14808229616456
  20
44.040132080264165
  42
1
  0
HATCH
  5
2233
  100
AcDbEntity
  8
Component-Marking-Layer
  100
AcDbHatch
  10
0
  20
0
  30
0
  210
0
  220
0
  230
1
  2
SOLID
  70
1
  71
0
  91
1
  92
7
  72
1
  73
1
  93
2
  10
56.96621793243593
  20
49.81305562611126
  42
1
  10
57.026162052324175
  20
49.81305562611126
  42
1
  97
1
  330
2232
  75
0
  76
1
  47
0.8681437583925616
  98
1
  10
3.629517071192367
  20
33.92795499968543
  450
0
  451
0
  460
0
  461
0
  452
1
  462
1
  453
2
  463
0
  63
5
  421
255
  463
1
  63
7
  421
16777215
  470
LINEAR
  1001
ACAD
  1010
0
  1020
0
  1030
0
  0
LWPOLYLINE
  5
2234
  100
AcDbEntity
  8
Component-Marking-Layer
  100
AcDbPolyline
  90
2
  70
1
  43
0.005080010160020321
  10
56.966217932435924
  20
49.81305562611126
  42
1
  10
57.02616205232418
  20
49.81305562611126
  42
1
  0
HATCH
  5
2255
  100
AcDbEntity
  8
Component-Marking-Layer
  100
AcDbHatch
  10
0
  20
0
  30
0
  210
0
  220
0
  230
1
  2
SOLID
  70
1
  71
0
  91
1
  92
7
  72
1
  73
1
  93
2
  10
75.60833121666244
  20
64.93345186690375
  42
1
  10
75.66827533655066
  20
64.93345186690375
  42
1
  97
1
  330
2254
  75
0
  76
1
  47
0.8681437583925616
  98
1
  10
3.629517071192367
  20
33.92795499968543
  450
0
  451
0
  460
0
  461
0
  452
1
  462
1
  453
2
  463
0
  63
5
  421
255
  463
1
  63
7
  421
16777215
  470
LINEAR
  1001
ACAD
  1010
0
  1020
0
  1030
0
  0
LWPOLYLINE
  5
2256
  100
AcDbEntity
  8
Component-Marking-Layer
  100
AcDbPolyline
  90
2
  70
1
  43
0.005080010160020321
  10
75.60833121666242
  20
64.93345186690375
  42
1
  10
75.66827533655068
  20
64.93345186690375
  42
1
  0
HATCH
  5
2270
  100
AcDbEntity
  8
Component-Marking-Layer
  100
AcDbHatch
  10
0
  20
0
  30
0
  210
0
  220
0
  230
1
  2
SOLID
  70
1
  71
0
  91
1
  92
7
  72
1
  73
1
  93
2
  10
70.76606553213108
  20
61.03403606807218
  42
1
  10
70.82600965201931
  20
61.03403606807218
  42
1
  97
1
  330
2269
  75
0
  76
1
  47
0.8681437583925616
  98
1
  10
3.629517071192367
  20
33.92795499968543
  450
0
  451
0
  460
0
  461
0
  452
1
  462
1
  453
2
  463
0
  63
5
  421
255
  463
1
  63
7
  421
16777215
  470
LINEAR
  1001
ACAD
  1010
0
  1020
0
  1030
0
  0
LWPOLYLINE
  5
2271
  100
AcDbEntity
  8
Component-Marking-Layer
  100
AcDbPolyline
  90
2
  70
1
  43
0.005080010160020321
  10
70.76606553213107
  20
61.03403606807218
  42
1
  10
70.82600965201932
  20
61.03403606807218
  42
1
  0
HATCH
  5
2298
  100
AcDbEntity
  8
Component-Marking-Layer
  100
AcDbHatch
  10
0
  20
0
  30
0
  210
0
  220
0
  230
1
  2
SOLID
  70
1
  71
0
  91
1
  92
7
  72
1
  73
1
  93
2
  10
68.51610363220728
  20
53.094234188468384
  42
1
  10
68.63604267208537
  20
53.094234188468384
  42
1
  97
1
  330
2297
  75
0
  76
1
  47
0.8681437583925616
  98
1
  10
3.629517071192367
  20
33.92795499968543
  450
0
  451
0
  460
0
  461
0
  452
1
  462
1
  453
2
  463
0
  63
5
  421
255
  463
1
  63
7
  421
16777215
  470
LINEAR
  1001
ACAD
  1010
0
  1020
0
  1030
0
  0
LWPOLYLINE
  5
2299
  100
AcDbEntity
  8
Component-Marking-Layer
  100
AcDbPolyline
  90
4
  70
0
  43
0.005080010160020321
  10
68.51610363220728
  20
53.09423418847713
  42
1
  10
68.63604267208534
  20
53.094234188464924
  10
68.63604267208534
  20
53.09423418845964
  42
1
  10
68.51610363220728
  20
53.094234188471845
  0
HATCH
  5
2316
  100
AcDbEntity
  8
Component-Marking-Layer
  100
AcDbHatch
  10
0
  20
0
  30
0
  210
0
  220
0
  230
1
  2
SOLID
  70
1
  71
0
  91
1
  92
7
  72
1
  73
1
  93
2
  10
82.48613157226315
  20
66.04826009652021
  42
1
  10
82.60607061214124
  20
66.04826009652021
  42
1
  97
1
  330
2315
  75
0
  76
1
  47
0.8681437583925616
  98
1
  10
3.629517071192367
  20
33.92795499968543
  450
0
  451
0
  460
0
  461
0
  452
1
  462
1
  453
2
  463
0
  63
5
  421
255
  463
1
  63
7
  421
16777215
  470
LINEAR
  1001
ACAD
  1010
0
  1020
0
  1030
0
  0
LWPOLYLINE
  5
2317
  100
AcDbEntity
  8
Component-Marking-Layer
  100
AcDbPolyline
  90
4
  70
0
  43
0.005080010160020321
  10
82.48613157226318
  20
66.04826009652895
  42
1
  10
82.60607061214124
  20
66.04826009651674
  10
82.60607061214124
  20
66.04826009651146
  42
1
  10
82.48613157226318
  20
66.04826009652366
  0
HATCH
  5
2330
  100
AcDbEntity
  8
Component-Marking-Layer
  100
AcDbHatch
  10
0
  20
0
  30
0
  210
0
  220
0
  230
1
  2
SOLID
  70
1
  71
0
  91
1
  92
7
  72
1
  73
1
  93
2
  10
73.05407670815343
  20
59.41706883413768
  42
1
  10
73.17401574803152
  20
59.41706883413768
  42
1
  97
1
  330
2329
  75
0
  76
1
  47
0.8681437583925616
  98
1
  10
3.629517071192367
  20
33.92795499968543
  450
0
  451
0
  460
0
  461
0
  452
1
  462
1
  453
2
  463
0
  63
5
  421
255
  463
1
  63
7
  421
16777215
  470
LINEAR
  1001
ACAD
  1010
0
  1020
0
  1030
0
  0
LWPOLYLINE
  5
2331
  100
AcDbEntity
  8
Component-Marking-Layer
  100
AcDbPolyline
  90
4
  70
0
  43
0.005080010160020321
  10
73.05407670815343
  20
59.41706883414642
  42
1
  10
73.1740157480315
  20
59.41706883413421
  10
73.1740157480315
  20
59.41706883412893
  42
1
  10
73.05407670815343
  20
59.41706883414113
  0
HATCH
  5
2348
  100
AcDbEntity
  8
Component-Marking-Layer
  100
AcDbHatch
  10
0
  20
0
  30
0
  210
0
  220
0
  230
1
  2
SOLID
  70
1
  71
0
  91
1
  92
7
  72
1
  73
1
  93
2
  10
72.67307594615188
  20
55.734061468122945
  42
1
  10
72.79301498602997
  20
55.734061468122945
  42
1
  97
1
  330
2347
  75
0
  76
1
  47
0.8681437583925616
  98
1
  10
3.629517071192367
  20
33.92795499968543
  450
0
  451
0
  460
0
  461
0
  452
1
  462
1
  453
2
  463
0
  63
5
  421
255
  463
1
  63
7
  421
16777215
  470
LINEAR
  1001
ACAD
  1010
0
  1020
0
  1030
0
  0
LWPOLYLINE
  5
2349
  100
AcDbEntity
  8
Component-Marking-Layer
  100
AcDbPolyline
  90
4
  70
0
  43
0.005080010160020321
  10
72.67307594615191
  20
55.734061468131685
  42
1
  10
72.79301498602997
  20
55.73406146811948
  10
72.79301498602997
  20
55.734061468114206
  42
1
  10
72.67307594615191
  20
55.734061468126406
  0
HATCH
  5
1102
  100
AcDbEntity
  8
Component-Shape-Layer
  100
AcDbHatch
  10
0
  20
0
  30
0
  210
0
  220
0
  230
1
  2
SOLID
  70
1
  71
0
  91
1
  92
7
  72
0
  73
1
  93
9
  10
56.996113792227575
  20
58.89911099822201
  10
56.996113792227575
  20
64.79913639827281
  10
64.84612649225299
  20
64.79913639827281
  10
64.84612649225299
  20
63.8491236982474
  10
63.246126492253
  20
63.8491236982474
  10
63.246126492253
  20
61.84912369824741
  10
63.246126492253
  20
59.84912369824741
  10
64.84612649225299
  20
59.84912369824741
  10
64.84612649225299
  20
58.89911099822201
  97
1
  330
1101
  75
0
  76
1
  47
0.4128176842155181
  98
1
  10
34.90568961886538
  20
22.81183545379326
  450
0
  451
0
  460
0
  461
0
  452
1
  462
1
  453
2
  463
0
  63
5
  421
255
  463
1
  63
7
  421
16777215
  470
LINEAR
  1001
ACAD
  1010
0
  1020
0
  1030
0
  0
LWPOLYLINE
  5
1101
  100
AcDbEntity
  8
Component-Shape-Layer
  100
AcDbPolyline
  90
9
  70
1
  43
0.005080010160020321
  10
56.996113792227575
  20
58.89911099822201
  10
56.996113792227575
  20
64.79913639827281
  10
64.84612649225299
  20
64.79913639827281
  10
64.84612649225299
  20
63.8491236982474
  10
63.246126492253
  20
63.8491236982474
  10
63.246126492253
  20
61.84912369824741
  10
63.246126492253
  20
59.84912369824741
  10
64.84612649225299
  20
59.84912369824741
  10
64.84612649225299
  20
58.89911099822201
  0
HATCH
  5
1121
  100
AcDbEntity
  8
Component-Shape-Layer
  100
AcDbHatch
  10
0
  20
0
  30
0
  210
0
  220
0
  230
1
  2
SOLID
  70
1
  71
0
  91
1
  92
7
  72
0
  73
1
  93
9
  10
93.11818643637288
  20
65.68813817627637
  10
93.11818643637288
  20
59.78811277622556
  10
85.26817373634746
  20
59.78811277622556
  10
85.26817373634746
  20
60.738125476250964
  10
86.86817373634749
  20
60.738125476250964
  10
86.86817373634749
  20
62.73812547625096
  10
86.86817373634749
  20
64.73812547625096
  10
85.26817373634746
  20
64.73812547625096
  10
85.26817373634746
  20
65.68813817627637
  97
1
  330
1120
  75
0
  76
1
  47
0.4128176842155181
  98
1
  10
34.90568961886538
  20
22.81183545379326
  450
0
  451
0
  460
0
  461
0
  452
1
  462
1
  453
2
  463
0
  63
5
  421
255
  463
1
  63
7
  421
16777215
  470
LINEAR
  1001
ACAD
  1010
0
  1020
0
  1030
0
  0
LWPOLYLINE
  5
1120
  100
AcDbEntity
  8
Component-Shape-Layer
  100
AcDbPolyline
  90
9
  70
1
  43
0.005080010160020321
  10
93.11818643637288
  20
65.68813817627637
  10
93.11818643637288
  20
59.78811277622556
  10
85.26817373634746
  20
59.78811277622556
  10
85.26817373634746
  20
60.738125476250964
  10
86.86817373634749
  20
60.738125476250964
  10
86.86817373634749
  20
62.73812547625096
  10
86.86817373634749
  20
64.73812547625096
  10
85.26817373634746
  20
64.73812547625096
  10
85.26817373634746
  20
65.68813817627637
  0
HATCH
  5
1140
  100
AcDbEntity
  8
Component-Shape-Layer
  100
AcDbHatch
  10
0
  20
0
  30
0
  210
0
  220
0
  230
1
  2
SOLID
  70
1
  71
0
  91
1
  92
7
  72
0
  73
1
  93
9
  10
56.996113792227575
  20
51.40609601219203
  10
56.996113792227575
  20
57.30612141224283
  10
64.84612649225299
  20
57.30612141224283
  10
64.84612649225299
  20
56.356108712217434
  10
63.246126492253
  20
56.356108712217434
  10
63.246126492253
  20
54.356108712217434
  10
63.246126492253
  20
52.356108712217434
  10
64.84612649225299
  20
52.356108712217434
  10
64.84612649225299
  20
51.40609601219203
  97
1
  330
1139
  75
0
  76
1
  47
0.4128176842155181
  98
1
  10
34.90568961886538
  20
22.81183545379326
  450
0
  451
0
  460
0
  461
0
  452
1
  462
1
  453
2
  463
0
  63
5
  421
255
  463
1
  63
7
  421
16777215
  470
LINEAR
  1001
ACAD
  1010
0
  1020
0
  1030
0
  0
LWPOLYLINE
  5
1139
  100
AcDbEntity
  8
Component-Shape-Layer
  100
AcDbPolyline
  90
9
  70
1
  43
0.005080010160020321
  10
56.996113792227575
  20
51.40609601219203
  10
56.996113792227575
  20
57.30612141224283
  10
64.84612649225299
  20
57.30612141224283
  10
64.84612649225299
  20
56.356108712217434
  10
63.246126492253
  20
56.356108712217434
  10
63.246126492253
  20
54.356108712217434
  10
63.246126492253
  20
52.356108712217434
  10
64.84612649225299
  20
52.356108712217434
  10
64.84612649225299
  20
51.40609601219203
  0
HATCH
  5
1159
  100
AcDbEntity
  8
Component-Shape-Layer
  100
AcDbHatch
  10
0
  20
0
  30
0
  210
0
  220
0
  230
1
  2
SOLID
  70
1
  71
0
  91
1
  92
7
  72
0
  73
1
  93
9
  10
93.24518669037339
  20
57.68712217424436
  10
93.24518669037339
  20
51.78709677419356
  10
85.39517399034797
  20
51.78709677419356
  10
85.39517399034797
  20
52.737109474218954
  10
86.995173990348
  20
52.737109474218954
  10
86.995173990348
  20
54.737109474218954
  10
86.995173990348
  20
56.737109474218954
  10
85.39517399034797
  20
56.737109474218954
  10
85.39517399034797
  20
57.68712217424436
  97
1
  330
1158
  75
0
  76
1
  47
0.4128176842155181
  98
1
  10
34.90568961886538
  20
22.81183545379326
  450
0
  451
0
  460
0
  461
0
  452
1
  462
1
  453
2
  463
0
  63
5
  421
255
  463
1
  63
7
  421
16777215
  470
LINEAR
  1001
ACAD
  1010
0
  1020
0
  1030
0
  0
LWPOLYLINE
  5
1158
  100
AcDbEntity
  8
Component-Shape-Layer
  100
AcDbPolyline
  90
9
  70
1
  43
0.005080010160020321
  10
93.24518669037339
  20
57.68712217424436
  10
93.24518669037339
  20
51.78709677419356
  10
85.39517399034797
  20
51.78709677419356
  10
85.39517399034797
  20
52.737109474218954
  10
86.995173990348
  20
52.737109474218954
  10
86.995173990348
  20
54.737109474218954
  10
86.995173990348
  20
56.737109474218954
  10
85.39517399034797
  20
56.737109474218954
  10
85.39517399034797
  20
57.68712217424436
  0
HATCH
  5
1178
  100
AcDbEntity
  8
Component-Shape-Layer
  100
AcDbHatch
  10
0
  20
0
  30
0
  210
0
  220
0
  230
1
  2
SOLID
  70
1
  71
0
  91
1
  92
7
  72
0
  73
1
  93
9
  10
93.11818643637288
  20
49.94010668021336
  10
93.11818643637288
  20
44.04008128016256
  10
85.26817373634746
  20
44.04008128016256
  10
85.26817373634746
  20
44.990093980187964
  10
86.86817373634749
  20
44.990093980187964
  10
86.86817373634749
  20
46.990093980187964
  10
86.86817373634749
  20
48.990093980187964
  10
85.26817373634746
  20
48.990093980187964
  10
85.26817373634746
  20
49.94010668021337
  97
1
  330
1177
  75
0
  76
1
  47
0.4128176842155181
  98
1
  10
34.90568961886538
  20
22.81183545379326
  450
0
  451
0
  460
0
  461
0
  452
1
  462
1
  453
2
  463
0
  63
5
  421
255
  463
1
  63
7
  421
16777215
  470
LINEAR
  1001
ACAD
  1010
0
  1020
0
  1030
0
  0
LWPOLYLINE
  5
1177
  100
AcDbEntity
  8
Component-Shape-Layer
  100
AcDbPolyline
  90
9
  70
1
  43
0.005080010160020321
  10
93.11818643637288
  20
49.94010668021336
  10
93.11818643637288
  20
44.04008128016256
  10
85.26817373634746
  20
44.04008128016256
  10
85.26817373634746
  20
44.990093980187964
  10
86.86817373634749
  20
44.990093980187964
  10
86.86817373634749
  20
46.990093980187964
  10
86.86817373634749
  20
48.990093980187964
  10
85.26817373634746
  20
48.990093980187964
  10
85.26817373634746
  20
49.94010668021337
  0
HATCH
  5
1197
  100
AcDbEntity
  8
Component-Shape-Layer
  100
AcDbHatch
  10
0
  20
0
  30
0
  210
0
  220
0
  230
1
  2
SOLID
  70
1
  71
0
  91
1
  92
7
  72
0
  73
1
  93
9
  10
56.996113792227575
  20
43.913081026162054
  10
56.996113792227575
  20
49.81310642621286
  10
64.84612649225299
  20
49.81310642621286
  10
64.84612649225299
  20
48.86309372618746
  10
63.246126492253
  20
48.86309372618746
  10
63.246126492253
  20
46.86309372618746
  10
63.246126492253
  20
44.86309372618746
  10
64.84612649225299
  20
44.86309372618746
  10
64.84612649225299
  20
43.913081026162054
  97
1
  330
1196
  75
0
  76
1
  47
0.4128176842155181
  98
1
  10
34.90568961886538
  20
22.81183545379326
  450
0
  451
0
  460
0
  461
0
  452
1
  462
1
  453
2
  463
0
  63
5
  421
255
  463
1
  63
7
  421
16777215
  470
LINEAR
  1001
ACAD
  1010
0
  1020
0
  1030
0
  0
LWPOLYLINE
  5
1196
  100
AcDbEntity
  8
Component-Shape-Layer
  100
AcDbPolyline
  90
9
  70
1
  43
0.005080010160020321
  10
56.996113792227575
  20
43.913081026162054
  10
56.996113792227575
  20
49.81310642621286
  10
64.84612649225299
  20
49.81310642621286
  10
64.84612649225299
  20
48.86309372618746
  10
63.246126492253
  20
48.86309372618746
  10
63.246126492253
  20
46.86309372618746
  10
63.246126492253
  20
44.86309372618746
  10
64.84612649225299
  20
44.86309372618746
  10
64.84612649225299
  20
43.913081026162054
  0
HATCH
  5
1219
  100
AcDbEntity
  8
Component-Shape-Layer
  100
AcDbHatch
  10
0
  20
0
  30
0
  210
0
  220
0
  230
1
  2
SOLID
  70
1
  71
0
  91
1
  92
7
  72
0
  73
1
  93
4
  10
72.04043688087377
  20
64.93324866649735
  10
72.04043688087377
  20
69.43327406654814
  10
74.54046228092456
  20
69.43327406654814
  10
74.54046228092456
  20
64.93324866649735
  97
1
  330
1218
  75
0
  76
1
  47
0.4128176842155181
  98
1
  10
34.90568961886538
  20
22.81183545379326
  450
0
  451
0
  460
0
  461
0
  452
1
  462
1
  453
2
  463
0
  63
5
  421
255
  463
1
  63
7
  421
16777215
  470
LINEAR
  1001
ACAD
  1010
0
  1020
0
  1030
0
  0
LWPOLYLINE
  5
1218
  100
AcDbEntity
  8
Component-Shape-Layer
  100
AcDbPolyline
  90
4
  70
1
  43
0.005080010160020321
  10
72.04043688087377
  20
64.93324866649735
  10
72.04043688087377
  20
69.43327406654814
  10
74.54046228092456
  20
69.43327406654814
  10
74.54046228092456
  20
64.93324866649735
  0
HATCH
  5
1236
  100
AcDbEntity
  8
Component-Shape-Layer
  100
AcDbHatch
  10
0
  20
0
  30
0
  210
0
  220
0
  230
1
  2
SOLID
  70
1
  71
0
  91
1
  92
7
  72
0
  73
1
  93
4
  10
68.94612649225301
  20
61.03411226822455
  10
68.94612649225301
  20
63.93413766827535
  10
70.24615189230379
  20
63.93413766827535
  10
70.24615189230379
  20
61.03411226822455
  97
1
  330
1235
  75
0
  76
1
  47
0.4128176842155181
  98
1
  10
34.90568961886538
  20
22.81183545379326
  450
0
  451
0
  460
0
  461
0
  452
1
  462
1
  453
2
  463
0
  63
5
  421
255
  463
1
  63
7
  421
16777215
  470
LINEAR
  1001
ACAD
  1010
0
  1020
0
  1030
0
  0
LWPOLYLINE
  5
1235
  100
AcDbEntity
  8
Component-Shape-Layer
  100
AcDbPolyline
  90
4
  70
1
  43
0.005080010160020321
  10
68.94612649225301
  20
61.03411226822455
  10
68.94612649225301
  20
63.93413766827535
  10
70.24615189230379
  20
63.93413766827535
  10
70.24615189230379
  20
61.03411226822455
  0
LWPOLYLINE
  5
1237
  100
AcDbEntity
  8
Component-Shape-Layer
  100
AcDbPolyline
  90
4
  70
1
  43
0.05080010160020321
  10
68.57614935229869
  20
53.09410718821438
  10
68.07612395224793
  20
53.09410718821438
  10
68.07612395224793
  20
54.09410718821439
  10
68.57614935229869
  20
54.09410718821439
  0
LWPOLYLINE
  5
1252
  100
AcDbEntity
  8
Component-Shape-Layer
  100
AcDbPolyline
  90
4
  70
1
  43
0.05080010160020321
  10
82.54617729235459
  20
66.0481330962662
  10
82.0461518923038
  20
66.0481330962662
  10
82.0461518923038
  20
67.04813309626621
  10
82.54617729235459
  20
67.04813309626621
  0
LWPOLYLINE
  5
1267
  100
AcDbEntity
  8
Component-Shape-Layer
  100
AcDbPolyline
  90
4
  70
1
  43
0.05080010160020321
  10
73.11414782829566
  20
59.41711963423928
  10
73.11414782829566
  20
60.21711963423928
  10
74.71414782829565
  20
60.21711963423928
  10
74.71414782829565
  20
59.41711963423928
  0
LWPOLYLINE
  5
1282
  100
AcDbEntity
  8
Component-Shape-Layer
  100
AcDbPolyline
  90
4
  70
1
  43
0.05080010160020321
  10
72.73314706629414
  20
55.73411226822455
  10
72.73314706629414
  20
56.53411226822455
  10
74.33314706629413
  20
56.53411226822455
  10
74.33314706629413
  20
55.73411226822455
  0
HATCH
  5
2128
  100
AcDbEntity
  8
Component-Shape-Layer
  100
AcDbHatch
  10
0
  20
0
  30
0
  210
0
  220
0
  230
1
  2
SOLID
  70
1
  71
0
  91
1
  92
7
  72
0
  73
1
  93
9
  10
56.996113792227575
  20
58.89911099822201
  10
56.996113792227575
  20
64.79913639827281
  10
64.84612649225299
  20
64.79913639827281
  10
64.84612649225299
  20
63.8491236982474
  10
63.246126492253
  20
63.8491236982474
  10
63.246126492253
  20
61.84912369824741
  10
63.246126492253
  20
59.84912369824741
  10
64.84612649225299
  20
59.84912369824741
  10
64.84612649225299
  20
58.89911099822201
  97
1
  330
2127
  75
0
  76
1
  47
0.4128176842155181
  98
1
  10
34.90568961886538
  20
22.81183545379326
  450
0
  451
0
  460
0
  461
0
  452
1
  462
1
  453
2
  463
0
  63
5
  421
255
  463
1
  63
7
  421
16777215
  470
LINEAR
  1001
ACAD
  1010
0
  1020
0
  1030
0
  0
LWPOLYLINE
  5
2127
  100
AcDbEntity
  8
Component-Shape-Layer
  100
AcDbPolyline
  90
9
  70
1
  43
0.005080010160020321
  10
56.996113792227575
  20
58.89911099822201
  10
56.996113792227575
  20
64.79913639827281
  10
64.84612649225299
  20
64.79913639827281
  10
64.84612649225299
  20
63.8491236982474
  10
63.246126492253
  20
63.8491236982474
  10
63.246126492253
  20
61.84912369824741
  10
63.246126492253
  20
59.84912369824741
  10
64.84612649225299
  20
59.84912369824741
  10
64.84612649225299
  20
58.89911099822201
  0
HATCH
  5
2150
  100
AcDbEntity
  8
Component-Shape-Layer
  100
AcDbHatch
  10
0
  20
0
  30
0
  210
0
  220
0
  230
1
  2
SOLID
  70
1
  71
0
  91
1
  92
7
  72
0
  73
1
  93
9
  10
93.11818643637288
  20
65.68813817627637
  10
93.11818643637288
  20
59.78811277622556
  10
85.26817373634746
  20
59.78811277622556
  10
85.26817373634746
  20
60.738125476250964
  10
86.86817373634749
  20
60.738125476250964
  10
86.86817373634749
  20
62.73812547625096
  10
86.86817373634749
  20
64.73812547625096
  10
85.26817373634746
  20
64.73812547625096
  10
85.26817373634746
  20
65.68813817627637
  97
1
  330
2149
  75
0
  76
1
  47
0.4128176842155181
  98
1
  10
34.90568961886538
  20
22.81183545379326
  450
0
  451
0
  460
0
  461
0
  452
1
  462
1
  453
2
  463
0
  63
5
  421
255
  463
1
  63
7
  421
16777215
  470
LINEAR
  1001
ACAD
  1010
0
  1020
0
  1030
0
  0
LWPOLYLINE
  5
2149
  100
AcDbEntity
  8
Component-Shape-Layer
  100
AcDbPolyline
  90
9
  70
1
  43
0.005080010160020321
  10
93.11818643637288
  20
65.68813817627637
  10
93.11818643637288
  20
59.78811277622556
  10
85.26817373634746
  20
59.78811277622556
  10
85.26817373634746
  20
60.738125476250964
  10
86.86817373634749
  20
60.738125476250964
  10
86.86817373634749
  20
62.73812547625096
  10
86.86817373634749
  20
64.73812547625096
  10
85.26817373634746
  20
64.73812547625096
  10
85.26817373634746
  20
65.68813817627637
  0
HATCH
  5
2172
  100
AcDbEntity
  8
Component-Shape-Layer
  100
AcDbHatch
  10
0
  20
0
  30
0
  210
0
  220
0
  230
1
  2
SOLID
  70
1
  71
0
  91
1
  92
7
  72
0
  73
1
  93
9
  10
56.996113792227575
  20
51.40609601219203
  10
56.996113792227575
  20
57.30612141224283
  10
64.84612649225299
  20
57.30612141224283
  10
64.84612649225299
  20
56.356108712217434
  10
63.246126492253
  20
56.356108712217434
  10
63.246126492253
  20
54.356108712217434
  10
63.246126492253
  20
52.356108712217434
  10
64.84612649225299
  20
52.356108712217434
  10
64.84612649225299
  20
51.40609601219203
  97
1
  330
2171
  75
0
  76
1
  47
0.4128176842155181
  98
1
  10
34.90568961886538
  20
22.81183545379326
  450
0
  451
0
  460
0
  461
0
  452
1
  462
1
  453
2
  463
0
  63
5
  421
255
  463
1
  63
7
  421
16777215
  470
LINEAR
  1001
ACAD
  1010
0
  1020
0
  1030
0
  0
LWPOLYLINE
  5
2171
  100
AcDbEntity
  8
Component-Shape-Layer
  100
AcDbPolyline
  90
9
  70
1
  43
0.005080010160020321
  10
56.996113792227575
  20
51.40609601219203
  10
56.996113792227575
  20
57.30612141224283
  10
64.84612649225299
  20
57.30612141224283
  10
64.84612649225299
  20
56.356108712217434
  10
63.246126492253
  20
56.356108712217434
  10
63.246126492253
  20
54.356108712217434
  10
63.246126492253
  20
52.356108712217434
  10
64.84612649225299
  20
52.356108712217434
  10
64.84612649225299
  20
51.40609601219203
  0
HATCH
  5
2194
  100
AcDbEntity
  8
Component-Shape-Layer
  100
AcDbHatch
  10
0
  20
0
  30
0
  210
0
  220
0
  230
1
  2
SOLID
  70
1
  71
0
  91
1
  92
7
  72
0
  73
1
  93
9
  10
93.24518669037339
  20
57.68712217424436
  10
93.24518669037339
  20
51.78709677419356
  10
85.39517399034797
  20
51.78709677419356
  10
85.39517399034797
  20
52.737109474218954
  10
86.995173990348
  20
52.737109474218954
  10
86.995173990348
  20
54.737109474218954
  10
86.995173990348
  20
56.737109474218954
  10
85.39517399034797
  20
56.737109474218954
  10
85.39517399034797
  20
57.68712217424436
  97
1
  330
2193
  75
0
  76
1
  47
0.4128176842155181
  98
1
  10
34.90568961886538
  20
22.81183545379326
  450
0
  451
0
  460
0
  461
0
  452
1
  462
1
  453
2
  463
0
  63
5
  421
255
  463
1
  63
7
  421
16777215
  470
LINEAR
  1001
ACAD
  1010
0
  1020
0
  1030
0
  0
LWPOLYLINE
  5
2193
  100
AcDbEntity
  8
Component-Shape-Layer
  100
AcDbPolyline
  90
9
  70
1
  43
0.005080010160020321
  10
93.24518669037339
  20
57.68712217424436
  10
93.24518669037339
  20
51.78709677419356
  10
85.39517399034797
  20
51.78709677419356
  10
85.39517399034797
  20
52.737109474218954
  10
86.995173990348
  20
52.737109474218954
  10
86.995173990348
  20
54.737109474218954
  10
86.995173990348
  20
56.737109474218954
  10
85.39517399034797
  20
56.737109474218954
  10
85.39517399034797
  20
57.68712217424436
  0
HATCH
  5
2216
  100
AcDbEntity
  8
Component-Shape-Layer
  100
AcDbHatch
  10
0
  20
0
  30
0
  210
0
  220
0
  230
1
  2
SOLID
  70
1
  71
0
  91
1
  92
7
  72
0
  73
1
  93
9
  10
93.11818643637288
  20
49.94010668021336
  10
93.11818643637288
  20
44.04008128016256
  10
85.26817373634746
  20
44.04008128016256
  10
85.26817373634746
  20
44.990093980187964
  10
86.86817373634749
  20
44.990093980187964
  10
86.86817373634749
  20
46.990093980187964
  10
86.86817373634749
  20
48.990093980187964
  10
85.26817373634746
  20
48.990093980187964
  10
85.26817373634746
  20
49.94010668021337
  97
1
  330
2215
  75
0
  76
1
  47
0.4128176842155181
  98
1
  10
34.90568961886538
  20
22.81183545379326
  450
0
  451
0
  460
0
  461
0
  452
1
  462
1
  453
2
  463
0
  63
5
  421
255
  463
1
  63
7
  421
16777215
  470
LINEAR
  1001
ACAD
  1010
0
  1020
0
  1030
0
  0
LWPOLYLINE
  5
2215
  100
AcDbEntity
  8
Component-Shape-Layer
  100
AcDbPolyline
  90
9
  70
1
  43
0.005080010160020321
  10
93.11818643637288
  20
49.94010668021336
  10
93.11818643637288
  20
44.04008128016256
  10
85.26817373634746
  20
44.04008128016256
  10
85.26817373634746
  20
44.990093980187964
  10
86.86817373634749
  20
44.990093980187964
  10
86.86817373634749
  20
46.990093980187964
  10
86.86817373634749
  20
48.990093980187964
  10
85.26817373634746
  20
48.990093980187964
  10
85.26817373634746
  20
49.94010668021337
  0
HATCH
  5
2238
  100
AcDbEntity
  8
Component-Shape-Layer
  100
AcDbHatch
  10
0
  20
0
  30
0
  210
0
  220
0
  230
1
  2
SOLID
  70
1
  71
0
  91
1
  92
7
  72
0
  73
1
  93
9
  10
56.996113792227575
  20
43.913081026162054
  10
56.996113792227575
  20
49.81310642621286
  10
64.84612649225299
  20
49.81310642621286
  10
64.84612649225299
  20
48.86309372618746
  10
63.246126492253
  20
48.86309372618746
  10
63.246126492253
  20
46.86309372618746
  10
63.246126492253
  20
44.86309372618746
  10
64.84612649225299
  20
44.86309372618746
  10
64.84612649225299
  20
43.913081026162054
  97
1
  330
2237
  75
0
  76
1
  47
0.4128176842155181
  98
1
  10
34.90568961886538
  20
22.81183545379326
  450
0
  451
0
  460
0
  461
0
  452
1
  462
1
  453
2
  463
0
  63
5
  421
255
  463
1
  63
7
  421
16777215
  470
LINEAR
  1001
ACAD
  1010
0
  1020
0
  1030
0
  0
LWPOLYLINE
  5
2237
  100
AcDbEntity
  8
Component-Shape-Layer
  100
AcDbPolyline
  90
9
  70
1
  43
0.005080010160020321
  10
56.996113792227575
  20
43.913081026162054
  10
56.996113792227575
  20
49.81310642621286
  10
64.84612649225299
  20
49.81310642621286
  10
64.84612649225299
  20
48.86309372618746
  10
63.246126492253
  20
48.86309372618746
  10
63.246126492253
  20
46.86309372618746
  10
63.246126492253
  20
44.86309372618746
  10
64.84612649225299
  20
44.86309372618746
  10
64.84612649225299
  20
43.913081026162054
  0
HATCH
  5
2264
  100
AcDbEntity
  8
Component-Shape-Layer
  100
AcDbHatch
  10
0
  20
0
  30
0
  210
0
  220
0
  230
1
  2
SOLID
  70
1
  71
0
  91
1
  92
7
  72
0
  73
1
  93
4
  10
72.04043688087377
  20
64.93324866649735
  10
72.04043688087377
  20
69.43327406654814
  10
74.54046228092456
  20
69.43327406654814
  10
74.54046228092456
  20
64.93324866649735
  97
1
  330
2263
  75
0
  76
1
  47
0.4128176842155181
  98
1
  10
34.90568961886538
  20
22.81183545379326
  450
0
  451
0
  460
0
  461
0
  452
1
  462
1
  453
2
  463
0
  63
5
  421
255
  463
1
  63
7
  421
16777215
  470
LINEAR
  1001
ACAD
  1010
0
  1020
0
  1030
0
  0
LWPOLYLINE
  5
2263
  100
AcDbEntity
  8
Component-Shape-Layer
  100
AcDbPolyline
  90
4
  70
1
  43
0.005080010160020321
  10
72.04043688087377
  20
64.93324866649735
  10
72.04043688087377
  20
69.43327406654814
  10
74.54046228092456
  20
69.43327406654814
  10
74.54046228092456
  20
64.93324866649735
  0
HATCH
  5
2285
  100
AcDbEntity
  8
Component-Shape-Layer
  100
AcDbHatch
  10
0
  20
0
  30
0
  210
0
  220
0
  230
1
  2
SOLID
  70
1
  71
0
  91
1
  92
7
  72
0
  73
1
  93
4
  10
68.94612649225301
  20
61.03411226822455
  10
68.94612649225301
  20
63.93413766827535
  10
70.24615189230379
  20
63.93413766827535
  10
70.24615189230379
  20
61.03411226822455
  97
1
  330
2284
  75
0
  76
1
  47
0.4128176842155181
  98
1
  10
34.90568961886538
  20
22.81183545379326
  450
0
  451
0
  460
0
  461
0
  452
1
  462
1
  453
2
  463
0
  63
5
  421
255
  463
1
  63
7
  421
16777215
  470
LINEAR
  1001
ACAD
  1010
0
  1020
0
  1030
0
  0
LWPOLYLINE
  5
2284
  100
AcDbEntity
  8
Component-Shape-Layer
  100
AcDbPolyline
  90
4
  70
1
  43
0.005080010160020321
  10
68.94612649225301
  20
61.03411226822455
  10
68.94612649225301
  20
63.93413766827535
  10
70.24615189230379
  20
63.93413766827535
  10
70.24615189230379
  20
61.03411226822455
  0
LWPOLYLINE
  5
2286
  100
AcDbEntity
  8
Component-Shape-Layer
  100
AcDbPolyline
  90
4
  70
1
  43
0.05080010160020321
  10
68.57614935229869
  20
53.09410718821438
  10
68.07612395224793
  20
53.09410718821438
  10
68.07612395224793
  20
54.09410718821439
  10
68.57614935229869
  20
54.09410718821439
  0
LWPOLYLINE
  5
2304
  100
AcDbEntity
  8
Component-Shape-Layer
  100
AcDbPolyline
  90
4
  70
1
  43
0.05080010160020321
  10
82.54617729235459
  20
66.0481330962662
  10
82.0461518923038
  20
66.0481330962662
  10
82.0461518923038
  20
67.04813309626621
  10
82.54617729235459
  20
67.04813309626621
  0
LWPOLYLINE
  5
2322
  100
AcDbEntity
  8
Component-Shape-Layer
  100
AcDbPolyline
  90
4
  70
1
  43
0.05080010160020321
  10
73.11414782829566
  20
59.41711963423928
  10
73.11414782829566
  20
60.21711963423928
  10
74.71414782829565
  20
60.21711963423928
  10
74.71414782829565
  20
59.41711963423928
  0
LWPOLYLINE
  5
2340
  100
AcDbEntity
  8
Component-Shape-Layer
  100
AcDbPolyline
  90
4
  70
1
  43
0.05080010160020321
  10
72.73314706629414
  20
55.73411226822455
  10
72.73314706629414
  20
56.53411226822455
  10
74.33314706629413
  20
56.53411226822455
  10
74.33314706629413
  20
55.73411226822455
  0
HATCH
  5
1104
  100
AcDbEntity
  8
Pin-Soldering-Layer
  100
AcDbHatch
  10
0
  20
0
  30
0
  210
0
  220
0
  230
1
  2
SOLID
  70
1
  71
0
  91
1
  92
7
  72
0
  73
1
  93
4
  10
62.996113792227604
  20
60.599110998222
  10
62.996113792227604
  20
61.099136398272805
  10
63.49613919227836
  20
61.099136398272805
  10
63.49613919227836
  20
60.599110998222
  97
1
  330
1103
  75
0
  76
1
  47
0.4128176842155181
  98
1
  10
34.90568961886538
  20
22.81183545379326
  450
0
  451
0
  460
0
  461
0
  452
1
  462
1
  453
2
  463
0
  63
5
  421
255
  463
1
  63
7
  421
16777215
  470
LINEAR
  1001
ACAD
  1010
0
  1020
0
  1030
0
  0
LWPOLYLINE
  5
1103
  100
AcDbEntity
  8
Pin-Soldering-Layer
  100
AcDbPolyline
  90
4
  70
1
  43
0.005080010160020321
  10
62.996113792227604
  20
60.599110998222
  10
62.996113792227604
  20
61.099136398272805
  10
63.49613919227836
  20
61.099136398272805
  10
63.49613919227836
  20
60.599110998222
  0
HATCH
  5
1106
  100
AcDbEntity
  8
Pin-Soldering-Layer
  100
AcDbHatch
  10
0
  20
0
  30
0
  210
0
  220
0
  230
1
  2
SOLID
  70
1
  71
0
  91
1
  92
7
  72
0
  73
1
  93
4
  10
62.996113792227604
  20
62.599110998222
  10
62.996113792227604
  20
63.099136398272805
  10
63.49613919227836
  20
63.099136398272805
  10
63.49613919227836
  20
62.599110998222
  97
1
  330
1105
  75
0
  76
1
  47
0.4128176842155181
  98
1
  10
34.90568961886538
  20
22.81183545379326
  450
0
  451
0
  460
0
  461
0
  452
1
  462
1
  453
2
  463
0
  63
5
  421
255
  463
1
  63
7
  421
16777215
  470
LINEAR
  1001
ACAD
  1010
0
  1020
0
  1030
0
  0
LWPOLYLINE
  5
1105
  100
AcDbEntity
  8
Pin-Soldering-Layer
  100
AcDbPolyline
  90
4
  70
1
  43
0.005080010160020321
  10
62.996113792227604
  20
62.599110998222
  10
62.996113792227604
  20
63.099136398272805
  10
63.49613919227836
  20
63.099136398272805
  10
63.49613919227836
  20
62.599110998222
  0
HATCH
  5
1123
  100
AcDbEntity
  8
Pin-Soldering-Layer
  100
AcDbHatch
  10
0
  20
0
  30
0
  210
0
  220
0
  230
1
  2
SOLID
  70
1
  71
0
  91
1
  92
7
  72
0
  73
1
  93
4
  10
87.11818643637288
  20
63.988138176276365
  10
87.11818643637288
  20
63.48811277622556
  10
86.61816103632209
  20
63.48811277622556
  10
86.61816103632209
  20
63.988138176276365
  97
1
  330
1122
  75
0
  76
1
  47
0.4128176842155181
  98
1
  10
34.90568961886538
  20
22.81183545379326
  450
0
  451
0
  460
0
  461
0
  452
1
  462
1
  453
2
  463
0
  63
5
  421
255
  463
1
  63
7
  421
16777215
  470
LINEAR
  1001
ACAD
  1010
0
  1020
0
  1030
0
  0
LWPOLYLINE
  5
1122
  100
AcDbEntity
  8
Pin-Soldering-Layer
  100
AcDbPolyline
  90
4
  70
1
  43
0.005080010160020321
  10
87.11818643637288
  20
63.988138176276365
  10
87.11818643637288
  20
63.48811277622556
  10
86.61816103632209
  20
63.48811277622556
  10
86.61816103632209
  20
63.988138176276365
  0
HATCH
  5
1125
  100
AcDbEntity
  8
Pin-Soldering-Layer
  100
AcDbHatch
  10
0
  20
0
  30
0
  210
0
  220
0
  230
1
  2
SOLID
  70
1
  71
0
  91
1
  92
7
  72
0
  73
1
  93
4
  10
87.11818643637288
  20
61.988138176276365
  10
87.11818643637288
  20
61.48811277622556
  10
86.61816103632209
  20
61.48811277622556
  10
86.61816103632209
  20
61.988138176276365
  97
1
  330
1124
  75
0
  76
1
  47
0.4128176842155181
  98
1
  10
34.90568961886538
  20
22.81183545379326
  450
0
  451
0
  460
0
  461
0
  452
1
  462
1
  453
2
  463
0
  63
5
  421
255
  463
1
  63
7
  421
16777215
  470
LINEAR
  1001
ACAD
  1010
0
  1020
0
  1030
0
  0
LWPOLYLINE
  5
1124
  100
AcDbEntity
  8
Pin-Soldering-Layer
  100
AcDbPolyline
  90
4
  70
1
  43
0.005080010160020321
  10
87.11818643637288
  20
61.988138176276365
  10
87.11818643637288
  20
61.48811277622556
  10
86.61816103632209
  20
61.48811277622556
  10
86.61816103632209
  20
61.988138176276365
  0
HATCH
  5
1142
  100
AcDbEntity
  8
Pin-Soldering-Layer
  100
AcDbHatch
  10
0
  20
0
  30
0
  210
0
  220
0
  230
1
  2
SOLID
  70
1
  71
0
  91
1
  92
7
  72
0
  73
1
  93
4
  10
62.996113792227604
  20
53.10609601219203
  10
62.996113792227604
  20
53.60612141224283
  10
63.49613919227836
  20
53.60612141224283
  10
63.49613919227836
  20
53.10609601219203
  97
1
  330
1141
  75
0
  76
1
  47
0.4128176842155181
  98
1
  10
34.90568961886538
  20
22.81183545379326
  450
0
  451
0
  460
0
  461
0
  452
1
  462
1
  453
2
  463
0
  63
5
  421
255
  463
1
  63
7
  421
16777215
  470
LINEAR
  1001
ACAD
  1010
0
  1020
0
  1030
0
  0
LWPOLYLINE
  5
1141
  100
AcDbEntity
  8
Pin-Soldering-Layer
  100
AcDbPolyline
  90
4
  70
1
  43
0.005080010160020321
  10
62.996113792227604
  20
53.10609601219203
  10
62.996113792227604
  20
53.60612141224283
  10
63.49613919227836
  20
53.60612141224283
  10
63.49613919227836
  20
53.10609601219203
  0
HATCH
  5
1144
  100
AcDbEntity
  8
Pin-Soldering-Layer
  100
AcDbHatch
  10
0
  20
0
  30
0
  210
0
  220
0
  230
1
  2
SOLID
  70
1
  71
0
  91
1
  92
7
  72
0
  73
1
  93
4
  10
62.996113792227604
  20
55.10609601219203
  10
62.996113792227604
  20
55.60612141224283
  10
63.49613919227836
  20
55.60612141224283
  10
63.49613919227836
  20
55.10609601219203
  97
1
  330
1143
  75
0
  76
1
  47
0.4128176842155181
  98
1
  10
34.90568961886538
  20
22.81183545379326
  450
0
  451
0
  460
0
  461
0
  452
1
  462
1
  453
2
  463
0
  63
5
  421
255
  463
1
  63
7
  421
16777215
  470
LINEAR
  1001
ACAD
  1010
0
  1020
0
  1030
0
  0
LWPOLYLINE
  5
1143
  100
AcDbEntity
  8
Pin-Soldering-Layer
  100
AcDbPolyline
  90
4
  70
1
  43
0.005080010160020321
  10
62.996113792227604
  20
55.10609601219203
  10
62.996113792227604
  20
55.60612141224283
  10
63.49613919227836
  20
55.60612141224283
  10
63.49613919227836
  20
55.10609601219203
  0
HATCH
  5
1161
  100
AcDbEntity
  8
Pin-Soldering-Layer
  100
AcDbHatch
  10
0
  20
0
  30
0
  210
0
  220
0
  230
1
  2
SOLID
  70
1
  71
0
  91
1
  92
7
  72
0
  73
1
  93
4
  10
87.24518669037339
  20
55.98712217424436
  10
87.24518669037339
  20
55.48709677419356
  10
86.7451612903226
  20
55.48709677419356
  10
86.7451612903226
  20
55.98712217424436
  97
1
  330
1160
  75
0
  76
1
  47
0.4128176842155181
  98
1
  10
34.90568961886538
  20
22.81183545379326
  450
0
  451
0
  460
0
  461
0
  452
1
  462
1
  453
2
  463
0
  63
5
  421
255
  463
1
  63
7
  421
16777215
  470
LINEAR
  1001
ACAD
  1010
0
  1020
0
  1030
0
  0
LWPOLYLINE
  5
1160
  100
AcDbEntity
  8
Pin-Soldering-Layer
  100
AcDbPolyline
  90
4
  70
1
  43
0.005080010160020321
  10
87.24518669037339
  20
55.98712217424436
  10
87.24518669037339
  20
55.48709677419356
  10
86.7451612903226
  20
55.48709677419356
  10
86.7451612903226
  20
55.98712217424436
  0
HATCH
  5
1163
  100
AcDbEntity
  8
Pin-Soldering-Layer
  100
AcDbHatch
  10
0
  20
0
  30
0
  210
0
  220
0
  230
1
  2
SOLID
  70
1
  71
0
  91
1
  92
7
  72
0
  73
1
  93
4
  10
87.24518669037339
  20
53.987122174244355
  10
87.24518669037339
  20
53.48709677419356
  10
86.7451612903226
  20
53.48709677419356
  10
86.7451612903226
  20
53.987122174244355
  97
1
  330
1162
  75
0
  76
1
  47
0.4128176842155181
  98
1
  10
34.90568961886538
  20
22.81183545379326
  450
0
  451
0
  460
0
  461
0
  452
1
  462
1
  453
2
  463
0
  63
5
  421
255
  463
1
  63
7
  421
16777215
  470
LINEAR
  1001
ACAD
  1010
0
  1020
0
  1030
0
  0
LWPOLYLINE
  5
1162
  100
AcDbEntity
  8
Pin-Soldering-Layer
  100
AcDbPolyline
  90
4
  70
1
  43
0.005080010160020321
  10
87.24518669037339
  20
53.987122174244355
  10
87.24518669037339
  20
53.48709677419356
  10
86.7451612903226
  20
53.48709677419356
  10
86.7451612903226
  20
53.987122174244355
  0
HATCH
  5
1180
  100
AcDbEntity
  8
Pin-Soldering-Layer
  100
AcDbHatch
  10
0
  20
0
  30
0
  210
0
  220
0
  230
1
  2
SOLID
  70
1
  71
0
  91
1
  92
7
  72
0
  73
1
  93
4
  10
87.11818643637288
  20
48.240106680213366
  10
87.11818643637288
  20
47.74008128016256
  10
86.61816103632209
  20
47.74008128016256
  10
86.61816103632209
  20
48.240106680213366
  97
1
  330
1179
  75
0
  76
1
  47
0.4128176842155181
  98
1
  10
34.90568961886538
  20
22.81183545379326
  450
0
  451
0
  460
0
  461
0
  452
1
  462
1
  453
2
  463
0
  63
5
  421
255
  463
1
  63
7
  421
16777215
  470
LINEAR
  1001
ACAD
  1010
0
  1020
0
  1030
0
  0
LWPOLYLINE
  5
1179
  100
AcDbEntity
  8
Pin-Soldering-Layer
  100
AcDbPolyline
  90
4
  70
1
  43
0.005080010160020321
  10
87.11818643637288
  20
48.240106680213366
  10
87.11818643637288
  20
47.74008128016256
  10
86.61816103632209
  20
47.74008128016256
  10
86.61816103632209
  20
48.240106680213366
  0
HATCH
  5
1182
  100
AcDbEntity
  8
Pin-Soldering-Layer
  100
AcDbHatch
  10
0
  20
0
  30
0
  210
0
  220
0
  230
1
  2
SOLID
  70
1
  71
0
  91
1
  92
7
  72
0
  73
1
  93
4
  10
87.11818643637288
  20
46.240106680213366
  10
87.11818643637288
  20
45.74008128016256
  10
86.61816103632209
  20
45.74008128016256
  10
86.61816103632209
  20
46.240106680213366
  97
1
  330
1181
  75
0
  76
1
  47
0.4128176842155181
  98
1
  10
34.90568961886538
  20
22.81183545379326
  450
0
  451
0
  460
0
  461
0
  452
1
  462
1
  453
2
  463
0
  63
5
  421
255
  463
1
  63
7
  421
16777215
  470
LINEAR
  1001
ACAD
  1010
0
  1020
0
  1030
0
  0
LWPOLYLINE
  5
1181
  100
AcDbEntity
  8
Pin-Soldering-Layer
  100
AcDbPolyline
  90
4
  70
1
  43
0.005080010160020321
  10
87.11818643637288
  20
46.240106680213366
  10
87.11818643637288
  20
45.74008128016256
  10
86.61816103632209
  20
45.74008128016256
  10
86.61816103632209
  20
46.240106680213366
  0
HATCH
  5
1199
  100
AcDbEntity
  8
Pin-Soldering-Layer
  100
AcDbHatch
  10
0
  20
0
  30
0
  210
0
  220
0
  230
1
  2
SOLID
  70
1
  71
0
  91
1
  92
7
  72
0
  73
1
  93
4
  10
62.996113792227604
  20
45.61308102616206
  10
62.996113792227604
  20
46.11310642621286
  10
63.49613919227836
  20
46.11310642621286
  10
63.49613919227836
  20
45.61308102616206
  97
1
  330
1198
  75
0
  76
1
  47
0.4128176842155181
  98
1
  10
34.90568961886538
  20
22.81183545379326
  450
0
  451
0
  460
0
  461
0
  452
1
  462
1
  453
2
  463
0
  63
5
  421
255
  463
1
  63
7
  421
16777215
  470
LINEAR
  1001
ACAD
  1010
0
  1020
0
  1030
0
  0
LWPOLYLINE
  5
1198
  100
AcDbEntity
  8
Pin-Soldering-Layer
  100
AcDbPolyline
  90
4
  70
1
  43
0.005080010160020321
  10
62.996113792227604
  20
45.61308102616206
  10
62.996113792227604
  20
46.11310642621286
  10
63.49613919227836
  20
46.11310642621286
  10
63.49613919227836
  20
45.61308102616206
  0
HATCH
  5
1201
  100
AcDbEntity
  8
Pin-Soldering-Layer
  100
AcDbHatch
  10
0
  20
0
  30
0
  210
0
  220
0
  230
1
  2
SOLID
  70
1
  71
0
  91
1
  92
7
  72
0
  73
1
  93
4
  10
62.996113792227604
  20
47.61308102616206
  10
62.996113792227604
  20
48.11310642621286
  10
63.49613919227836
  20
48.11310642621286
  10
63.49613919227836
  20
47.61308102616206
  97
1
  330
1200
  75
0
  76
1
  47
0.4128176842155181
  98
1
  10
34.90568961886538
  20
22.81183545379326
  450
0
  451
0
  460
0
  461
0
  452
1
  462
1
  453
2
  463
0
  63
5
  421
255
  463
1
  63
7
  421
16777215
  470
LINEAR
  1001
ACAD
  1010
0
  1020
0
  1030
0
  0
LWPOLYLINE
  5
1200
  100
AcDbEntity
  8
Pin-Soldering-Layer
  100
AcDbPolyline
  90
4
  70
1
  43
0.005080010160020321
  10
62.996113792227604
  20
47.61308102616206
  10
62.996113792227604
  20
48.11310642621286
  10
63.49613919227836
  20
48.11310642621286
  10
63.49613919227836
  20
47.61308102616206
  0
HATCH
  5
1213
  100
AcDbEntity
  8
Pin-Soldering-Layer
  100
AcDbHatch
  10
0
  20
0
  30
0
  210
0
  220
0
  230
1
  2
SOLID
  70
1
  71
0
  91
1
  92
7
  72
0
  73
1
  93
10
  10
74.35295910591823
  20
66.9231394462789
  10
73.7779527559055
  20
66.3207518415037
  10
71.91414782829564
  20
66.3207518415037
  10
71.44315468630937
  20
66.89575819151639
  10
71.44315468630937
  20
67.47076454152909
  10
71.91414782829564
  20
68.04577089154179
  10
73.7779527559055
  20
68.04577089154179
  10
74.35295910591823
  20
67.44312928625858
  10
75.63822707645416
  20
67.44312928625858
  10
75.63822707645416
  20
66.9231394462789
  97
1
  330
1212
  75
0
  76
1
  47
0.4128176842155181
  98
1
  10
34.90568961886538
  20
22.81183545379326
  450
0
  451
0
  460
0
  461
0
  452
1
  462
1
  453
2
  463
0
  63
5
  421
255
  463
1
  63
7
  421
16777215
  470
LINEAR
  1001
ACAD
  1010
0
  1020
0
  1030
0
  0
LWPOLYLINE
  5
1212
  100
AcDbEntity
  8
Pin-Soldering-Layer
  100
AcDbPolyline
  90
10
  70
1
  43
0.005080010160020321
  10
74.35295910591823
  20
66.9231394462789
  10
73.7779527559055
  20
66.3207518415037
  10
71.91414782829564
  20
66.3207518415037
  10
71.44315468630937
  20
66.89575819151639
  10
71.44315468630937
  20
67.47076454152909
  10
71.91414782829564
  20
68.04577089154179
  10
73.7779527559055
  20
68.04577089154179
  10
74.35295910591823
  20
67.44312928625858
  10
75.63822707645416
  20
67.44312928625858
  10
75.63822707645416
  20
66.9231394462789
  0
HATCH
  5
1215
  100
AcDbEntity
  8
Pin-Soldering-Layer
  100
AcDbHatch
  10
0
  20
0
  30
0
  210
0
  220
0
  230
1
  2
SOLID
  70
1
  71
0
  91
1
  92
7
  72
0
  73
1
  93
4
  10
74.53820167640335
  20
65.93314706629414
  10
75.63822707645416
  20
65.93314706629414
  10
75.63822707645416
  20
65.43312166624335
  10
74.53820167640335
  20
65.43312166624335
  97
1
  330
1214
  75
0
  76
1
  47
0.4128176842155181
  98
1
  10
34.90568961886538
  20
22.81183545379326
  450
0
  451
0
  460
0
  461
0
  452
1
  462
1
  453
2
  463
0
  63
5
  421
255
  463
1
  63
7
  421
16777215
  470
LINEAR
  1001
ACAD
  1010
0
  1020
0
  1030
0
  0
LWPOLYLINE
  5
1214
  100
AcDbEntity
  8
Pin-Soldering-Layer
  100
AcDbPolyline
  90
4
  70
1
  43
0.005080010160020321
  10
74.53820167640335
  20
65.93314706629414
  10
75.63822707645416
  20
65.93314706629414
  10
75.63822707645416
  20
65.43312166624335
  10
74.53820167640335
  20
65.43312166624335
  0
HATCH
  5
1217
  100
AcDbEntity
  8
Pin-Soldering-Layer
  100
AcDbHatch
  10
0
  20
0
  30
0
  210
0
  220
0
  230
1
  2
SOLID
  70
1
  71
0
  91
1
  92
7
  72
0
  73
1
  93
4
  10
74.53820167640335
  20
68.93314706629414
  10
75.63822707645416
  20
68.93314706629414
  10
75.63822707645416
  20
68.43312166624334
  10
74.53820167640335
  20
68.43312166624334
  97
1
  330
1216
  75
0
  76
1
  47
0.4128176842155181
  98
1
  10
34.90568961886538
  20
22.81183545379326
  450
0
  451
0
  460
0
  461
0
  452
1
  462
1
  453
2
  463
0
  63
5
  421
255
  463
1
  63
7
  421
16777215
  470
LINEAR
  1001
ACAD
  1010
0
  1020
0
  1030
0
  0
LWPOLYLINE
  5
1216
  100
AcDbEntity
  8
Pin-Soldering-Layer
  100
AcDbPolyline
  90
4
  70
1
  43
0.005080010160020321
  10
74.53820167640335
  20
68.93314706629414
  10
75.63822707645416
  20
68.93314706629414
  10
75.63822707645416
  20
68.43312166624334
  10
74.53820167640335
  20
68.43312166624334
  0
HATCH
  5
1226
  100
AcDbEntity
  8
Pin-Soldering-Layer
  100
AcDbHatch
  10
0
  20
0
  30
0
  210
0
  220
0
  230
1
  2
SOLID
  70
1
  71
0
  91
1
  92
7
  72
0
  73
1
  93
4
  10
70.49613919227839
  20
63.21907543815089
  10
70.49613919227839
  20
63.649098298196606
  10
70.79613919227837
  20
63.649098298196606
  10
70.79613919227837
  20
63.21907543815089
  97
1
  330
1225
  75
0
  76
1
  47
0.4128176842155181
  98
1
  10
34.90568961886538
  20
22.81183545379326
  450
0
  451
0
  460
0
  461
0
  452
1
  462
1
  453
2
  463
0
  63
5
  421
255
  463
1
  63
7
  421
16777215
  470
LINEAR
  1001
ACAD
  1010
0
  1020
0
  1030
0
  0
LWPOLYLINE
  5
1225
  100
AcDbEntity
  8
Pin-Soldering-Layer
  100
AcDbPolyline
  90
4
  70
1
  43
0.005080010160020321
  10
70.49613919227839
  20
63.21907543815089
  10
70.49613919227839
  20
63.649098298196606
  10
70.79613919227837
  20
63.649098298196606
  10
70.79613919227837
  20
63.21907543815089
  0
HATCH
  5
1230
  100
AcDbEntity
  8
Pin-Soldering-Layer
  100
AcDbHatch
  10
0
  20
0
  30
0
  210
0
  220
0
  230
1
  2
SOLID
  70
1
  71
0
  91
1
  92
7
  72
0
  73
1
  93
4
  10
70.49613919227839
  20
61.31915163830328
  10
70.49613919227839
  20
61.74917449834901
  10
70.79613919227837
  20
61.74917449834901
  10
70.79613919227837
  20
61.31915163830328
  97
1
  330
1229
  75
0
  76
1
  47
0.4128176842155181
  98
1
  10
34.90568961886538
  20
22.81183545379326
  450
0
  451
0
  460
0
  461
0
  452
1
  462
1
  453
2
  463
0
  63
5
  421
255
  463
1
  63
7
  421
16777215
  470
LINEAR
  1001
ACAD
  1010
0
  1020
0
  1030
0
  0
LWPOLYLINE
  5
1229
  100
AcDbEntity
  8
Pin-Soldering-Layer
  100
AcDbPolyline
  90
4
  70
1
  43
0.005080010160020321
  10
70.49613919227839
  20
61.31915163830328
  10
70.49613919227839
  20
61.74917449834901
  10
70.79613919227837
  20
61.74917449834901
  10
70.79613919227837
  20
61.31915163830328
  0
HATCH
  5
1234
  100
AcDbEntity
  8
Pin-Soldering-Layer
  100
AcDbHatch
  10
0
  20
0
  30
0
  210
0
  220
0
  230
1
  2
SOLID
  70
1
  71
0
  91
1
  92
7
  72
0
  73
1
  93
4
  10
68.3961391922784
  20
62.26911353822709
  10
68.3961391922784
  20
62.699136398272806
  10
68.69613919227838
  20
62.699136398272806
  10
68.69613919227838
  20
62.26911353822709
  97
1
  330
1233
  75
0
  76
1
  47
0.4128176842155181
  98
1
  10
34.90568961886538
  20
22.81183545379326
  450
0
  451
0
  460
0
  461
0
  452
1
  462
1
  453
2
  463
0
  63
5
  421
255
  463
1
  63
7
  421
16777215
  470
LINEAR
  1001
ACAD
  1010
0
  1020
0
  1030
0
  0
LWPOLYLINE
  5
1233
  100
AcDbEntity
  8
Pin-Soldering-Layer
  100
AcDbPolyline
  90
4
  70
1
  43
0.005080010160020321
  10
68.3961391922784
  20
62.26911353822709
  10
68.3961391922784
  20
62.699136398272806
  10
68.69613919227838
  20
62.699136398272806
  10
68.69613919227838
  20
62.26911353822709
  0
HATCH
  5
1249
  100
AcDbEntity
  8
Pin-Soldering-Layer
  100
AcDbHatch
  10
0
  20
0
  30
0
  210
0
  220
0
  230
1
  2
SOLID
  70
1
  71
0
  91
1
  92
7
  72
0
  73
1
  93
4
  10
68.57614935229869
  20
53.09410718821438
  10
68.07612395224793
  20
53.09410718821438
  10
68.07612395224793
  20
53.344094488188986
  10
68.57614935229869
  20
53.344094488188986
  97
1
  330
1248
  75
0
  76
1
  47
0.4128176842155181
  98
1
  10
34.90568961886538
  20
22.81183545379326
  450
0
  451
0
  460
0
  461
0
  452
1
  462
1
  453
2
  463
0
  63
5
  421
255
  463
1
  63
7
  421
16777215
  470
LINEAR
  1001
ACAD
  1010
0
  1020
0
  1030
0
  0
LWPOLYLINE
  5
1248
  100
AcDbEntity
  8
Pin-Soldering-Layer
  100
AcDbPolyline
  90
4
  70
1
  43
0.005080010160020321
  10
68.57614935229869
  20
53.09410718821438
  10
68.07612395224793
  20
53.09410718821438
  10
68.07612395224793
  20
53.344094488188986
  10
68.57614935229869
  20
53.344094488188986
  0
HATCH
  5
1251
  100
AcDbEntity
  8
Pin-Soldering-Layer
  100
AcDbHatch
  10
0
  20
0
  30
0
  210
0
  220
0
  230
1
  2
SOLID
  70
1
  71
0
  91
1
  92
7
  72
0
  73
1
  93
4
  10
68.57614935229869
  20
54.09410718821439
  10
68.57614935229869
  20
53.84411988823979
  10
68.07612395224793
  20
53.84411988823979
  10
68.07612395224793
  20
54.09410718821439
  97
1
  330
1250
  75
0
  76
1
  47
0.4128176842155181
  98
1
  10
34.90568961886538
  20
22.81183545379326
  450
0
  451
0
  460
0
  461
0
  452
1
  462
1
  453
2
  463
0
  63
5
  421
255
  463
1
  63
7
  421
16777215
  470
LINEAR
  1001
ACAD
  1010
0
  1020
0
  1030
0
  0
LWPOLYLINE
  5
1250
  100
AcDbEntity
  8
Pin-Soldering-Layer
  100
AcDbPolyline
  90
4
  70
1
  43
0.005080010160020321
  10
68.57614935229869
  20
54.09410718821439
  10
68.57614935229869
  20
53.84411988823979
  10
68.07612395224793
  20
53.84411988823979
  10
68.07612395224793
  20
54.09410718821439
  0
HATCH
  5
1264
  100
AcDbEntity
  8
Pin-Soldering-Layer
  100
AcDbHatch
  10
0
  20
0
  30
0
  210
0
  220
0
  230
1
  2
SOLID
  70
1
  71
0
  91
1
  92
7
  72
0
  73
1
  93
4
  10
82.54617729235459
  20
66.0481330962662
  10
82.0461518923038
  20
66.0481330962662
  10
82.0461518923038
  20
66.2981203962408
  10
82.54617729235459
  20
66.2981203962408
  97
1
  330
1263
  75
0
  76
1
  47
0.4128176842155181
  98
1
  10
34.90568961886538
  20
22.81183545379326
  450
0
  451
0
  460
0
  461
0
  452
1
  462
1
  453
2
  463
0
  63
5
  421
255
  463
1
  63
7
  421
16777215
  470
LINEAR
  1001
ACAD
  1010
0
  1020
0
  1030
0
  0
LWPOLYLINE
  5
1263
  100
AcDbEntity
  8
Pin-Soldering-Layer
  100
AcDbPolyline
  90
4
  70
1
  43
0.005080010160020321
  10
82.54617729235459
  20
66.0481330962662
  10
82.0461518923038
  20
66.0481330962662
  10
82.0461518923038
  20
66.2981203962408
  10
82.54617729235459
  20
66.2981203962408
  0
HATCH
  5
1266
  100
AcDbEntity
  8
Pin-Soldering-Layer
  100
AcDbHatch
  10
0
  20
0
  30
0
  210
0
  220
0
  230
1
  2
SOLID
  70
1
  71
0
  91
1
  92
7
  72
0
  73
1
  93
4
  10
82.54617729235459
  20
67.04813309626621
  10
82.54617729235459
  20
66.7981457962916
  10
82.0461518923038
  20
66.7981457962916
  10
82.0461518923038
  20
67.04813309626621
  97
1
  330
1265
  75
0
  76
1
  47
0.4128176842155181
  98
1
  10
34.90568961886538
  20
22.81183545379326
  450
0
  451
0
  460
0
  461
0
  452
1
  462
1
  453
2
  463
0
  63
5
  421
255
  463
1
  63
7
  421
16777215
  470
LINEAR
  1001
ACAD
  1010
0
  1020
0
  1030
0
  0
LWPOLYLINE
  5
1265
  100
AcDbEntity
  8
Pin-Soldering-Layer
  100
AcDbPolyline
  90
4
  70
1
  43
0.005080010160020321
  10
82.54617729235459
  20
67.04813309626621
  10
82.54617729235459
  20
66.7981457962916
  10
82.0461518923038
  20
66.7981457962916
  10
82.0461518923038
  20
67.04813309626621
  0
HATCH
  5
1275
  100
AcDbEntity
  8
Pin-Soldering-Layer
  100
AcDbHatch
  10
0
  20
0
  30
0
  210
0
  220
0
  230
1
  2
SOLID
  70
1
  71
0
  91
1
  92
7
  72
0
  73
1
  93
4
  10
73.11414782829566
  20
59.41711963423928
  10
73.11414782829566
  20
60.21711963423928
  10
73.41414782829567
  20
60.21711963423928
  10
73.41414782829567
  20
59.41711963423928
  97
1
  330
1274
  75
0
  76
1
  47
0.4128176842155181
  98
1
  10
34.90568961886538
  20
22.81183545379326
  450
0
  451
0
  460
0
  461
0
  452
1
  462
1
  453
2
  463
0
  63
5
  421
255
  463
1
  63
7
  421
16777215
  470
LINEAR
  1001
ACAD
  1010
0
  1020
0
  1030
0
  0
LWPOLYLINE
  5
1274
  100
AcDbEntity
  8
Pin-Soldering-Layer
  100
AcDbPolyline
  90
4
  70
1
  43
0.005080010160020321
  10
73.11414782829566
  20
59.41711963423928
  10
73.11414782829566
  20
60.21711963423928
  10
73.41414782829567
  20
60.21711963423928
  10
73.41414782829567
  20
59.41711963423928
  0
HATCH
  5
1277
  100
AcDbEntity
  8
Pin-Soldering-Layer
  100
AcDbHatch
  10
0
  20
0
  30
0
  210
0
  220
0
  230
1
  2
SOLID
  70
1
  71
0
  91
1
  92
7
  72
0
  73
1
  93
4
  10
74.71414782829565
  20
59.41711963423928
  10
74.41414782829564
  20
59.41711963423928
  10
74.41414782829564
  20
60.21711963423928
  10
74.71414782829565
  20
60.21711963423928
  97
1
  330
1276
  75
0
  76
1
  47
0.4128176842155181
  98
1
  10
34.90568961886538
  20
22.81183545379326
  450
0
  451
0
  460
0
  461
0
  452
1
  462
1
  453
2
  463
0
  63
5
  421
255
  463
1
  63
7
  421
16777215
  470
LINEAR
  1001
ACAD
  1010
0
  1020
0
  1030
0
  0
LWPOLYLINE
  5
1276
  100
AcDbEntity
  8
Pin-Soldering-Layer
  100
AcDbPolyline
  90
4
  70
1
  43
0.005080010160020321
  10
74.71414782829565
  20
59.41711963423928
  10
74.41414782829564
  20
59.41711963423928
  10
74.41414782829564
  20
60.21711963423928
  10
74.71414782829565
  20
60.21711963423928
  0
HATCH
  5
1290
  100
AcDbEntity
  8
Pin-Soldering-Layer
  100
AcDbHatch
  10
0
  20
0
  30
0
  210
0
  220
0
  230
1
  2
SOLID
  70
1
  71
0
  91
1
  92
7
  72
0
  73
1
  93
4
  10
72.73314706629414
  20
55.73411226822455
  10
72.73314706629414
  20
56.53411226822455
  10
73.03314706629415
  20
56.53411226822455
  10
73.03314706629415
  20
55.73411226822455
  97
1
  330
1289
  75
0
  76
1
  47
0.4128176842155181
  98
1
  10
34.90568961886538
  20
22.81183545379326
  450
0
  451
0
  460
0
  461
0
  452
1
  462
1
  453
2
  463
0
  63
5
  421
255
  463
1
  63
7
  421
16777215
  470
LINEAR
  1001
ACAD
  1010
0
  1020
0
  1030
0
  0
LWPOLYLINE
  5
1289
  100
AcDbEntity
  8
Pin-Soldering-Layer
  100
AcDbPolyline
  90
4
  70
1
  43
0.005080010160020321
  10
72.73314706629414
  20
55.73411226822455
  10
72.73314706629414
  20
56.53411226822455
  10
73.03314706629415
  20
56.53411226822455
  10
73.03314706629415
  20
55.73411226822455
  0
HATCH
  5
1292
  100
AcDbEntity
  8
Pin-Soldering-Layer
  100
AcDbHatch
  10
0
  20
0
  30
0
  210
0
  220
0
  230
1
  2
SOLID
  70
1
  71
0
  91
1
  92
7
  72
0
  73
1
  93
4
  10
74.33314706629413
  20
55.73411226822455
  10
74.03314706629412
  20
55.73411226822455
  10
74.03314706629412
  20
56.53411226822455
  10
74.33314706629413
  20
56.53411226822455
  97
1
  330
1291
  75
0
  76
1
  47
0.4128176842155181
  98
1
  10
34.90568961886538
  20
22.81183545379326
  450
0
  451
0
  460
0
  461
0
  452
1
  462
1
  453
2
  463
0
  63
5
  421
255
  463
1
  63
7
  421
16777215
  470
LINEAR
  1001
ACAD
  1010
0
  1020
0
  1030
0
  0
LWPOLYLINE
  5
1291
  100
AcDbEntity
  8
Pin-Soldering-Layer
  100
AcDbPolyline
  90
4
  70
1
  43
0.005080010160020321
  10
74.33314706629413
  20
55.73411226822455
  10
74.03314706629412
  20
55.73411226822455
  10
74.03314706629412
  20
56.53411226822455
  10
74.33314706629413
  20
56.53411226822455
  0
HATCH
  5
2130
  100
AcDbEntity
  8
Pin-Soldering-Layer
  100
AcDbHatch
  10
0
  20
0
  30
0
  210
0
  220
0
  230
1
  2
SOLID
  70
1
  71
0
  91
1
  92
7
  72
0
  73
1
  93
4
  10
62.996113792227604
  20
60.599110998222
  10
62.996113792227604
  20
61.099136398272805
  10
63.49613919227836
  20
61.099136398272805
  10
63.49613919227836
  20
60.599110998222
  97
1
  330
2129
  75
0
  76
1
  47
0.4128176842155181
  98
1
  10
34.90568961886538
  20
22.81183545379326
  450
0
  451
0
  460
0
  461
0
  452
1
  462
1
  453
2
  463
0
  63
5
  421
255
  463
1
  63
7
  421
16777215
  470
LINEAR
  1001
ACAD
  1010
0
  1020
0
  1030
0
  0
LWPOLYLINE
  5
2129
  100
AcDbEntity
  8
Pin-Soldering-Layer
  100
AcDbPolyline
  90
4
  70
1
  43
0.005080010160020321
  10
62.996113792227604
  20
60.599110998222
  10
62.996113792227604
  20
61.099136398272805
  10
63.49613919227836
  20
61.099136398272805
  10
63.49613919227836
  20
60.599110998222
  0
HATCH
  5
2132
  100
AcDbEntity
  8
Pin-Soldering-Layer
  100
AcDbHatch
  10
0
  20
0
  30
0
  210
0
  220
0
  230
1
  2
SOLID
  70
1
  71
0
  91
1
  92
7
  72
0
  73
1
  93
4
  10
62.996113792227604
  20
62.599110998222
  10
62.996113792227604
  20
63.099136398272805
  10
63.49613919227836
  20
63.099136398272805
  10
63.49613919227836
  20
62.599110998222
  97
1
  330
2131
  75
0
  76
1
  47
0.4128176842155181
  98
1
  10
34.90568961886538
  20
22.81183545379326
  450
0
  451
0
  460
0
  461
0
  452
1
  462
1
  453
2
  463
0
  63
5
  421
255
  463
1
  63
7
  421
16777215
  470
LINEAR
  1001
ACAD
  1010
0
  1020
0
  1030
0
  0
LWPOLYLINE
  5
2131
  100
AcDbEntity
  8
Pin-Soldering-Layer
  100
AcDbPolyline
  90
4
  70
1
  43
0.005080010160020321
  10
62.996113792227604
  20
62.599110998222
  10
62.996113792227604
  20
63.099136398272805
  10
63.49613919227836
  20
63.099136398272805
  10
63.49613919227836
  20
62.599110998222
  0
HATCH
  5
2152
  100
AcDbEntity
  8
Pin-Soldering-Layer
  100
AcDbHatch
  10
0
  20
0
  30
0
  210
0
  220
0
  230
1
  2
SOLID
  70
1
  71
0
  91
1
  92
7
  72
0
  73
1
  93
4
  10
87.11818643637288
  20
63.988138176276365
  10
87.11818643637288
  20
63.48811277622556
  10
86.61816103632209
  20
63.48811277622556
  10
86.61816103632209
  20
63.988138176276365
  97
1
  330
2151
  75
0
  76
1
  47
0.4128176842155181
  98
1
  10
34.90568961886538
  20
22.81183545379326
  450
0
  451
0
  460
0
  461
0
  452
1
  462
1
  453
2
  463
0
  63
5
  421
255
  463
1
  63
7
  421
16777215
  470
LINEAR
  1001
ACAD
  1010
0
  1020
0
  1030
0
  0
LWPOLYLINE
  5
2151
  100
AcDbEntity
  8
Pin-Soldering-Layer
  100
AcDbPolyline
  90
4
  70
1
  43
0.005080010160020321
  10
87.11818643637288
  20
63.988138176276365
  10
87.11818643637288
  20
63.48811277622556
  10
86.61816103632209
  20
63.48811277622556
  10
86.61816103632209
  20
63.988138176276365
  0
HATCH
  5
2154
  100
AcDbEntity
  8
Pin-Soldering-Layer
  100
AcDbHatch
  10
0
  20
0
  30
0
  210
0
  220
0
  230
1
  2
SOLID
  70
1
  71
0
  91
1
  92
7
  72
0
  73
1
  93
4
  10
87.11818643637288
  20
61.988138176276365
  10
87.11818643637288
  20
61.48811277622556
  10
86.61816103632209
  20
61.48811277622556
  10
86.61816103632209
  20
61.988138176276365
  97
1
  330
2153
  75
0
  76
1
  47
0.4128176842155181
  98
1
  10
34.90568961886538
  20
22.81183545379326
  450
0
  451
0
  460
0
  461
0
  452
1
  462
1
  453
2
  463
0
  63
5
  421
255
  463
1
  63
7
  421
16777215
  470
LINEAR
  1001
ACAD
  1010
0
  1020
0
  1030
0
  0
LWPOLYLINE
  5
2153
  100
AcDbEntity
  8
Pin-Soldering-Layer
  100
AcDbPolyline
  90
4
  70
1
  43
0.005080010160020321
  10
87.11818643637288
  20
61.988138176276365
  10
87.11818643637288
  20
61.48811277622556
  10
86.61816103632209
  20
61.48811277622556
  10
86.61816103632209
  20
61.988138176276365
  0
HATCH
  5
2174
  100
AcDbEntity
  8
Pin-Soldering-Layer
  100
AcDbHatch
  10
0
  20
0
  30
0
  210
0
  220
0
  230
1
  2
SOLID
  70
1
  71
0
  91
1
  92
7
  72
0
  73
1
  93
4
  10
62.996113792227604
  20
53.10609601219203
  10
62.996113792227604
  20
53.60612141224283
  10
63.49613919227836
  20
53.60612141224283
  10
63.49613919227836
  20
53.10609601219203
  97
1
  330
2173
  75
0
  76
1
  47
0.4128176842155181
  98
1
  10
34.90568961886538
  20
22.81183545379326
  450
0
  451
0
  460
0
  461
0
  452
1
  462
1
  453
2
  463
0
  63
5
  421
255
  463
1
  63
7
  421
16777215
  470
LINEAR
  1001
ACAD
  1010
0
  1020
0
  1030
0
  0
LWPOLYLINE
  5
2173
  100
AcDbEntity
  8
Pin-Soldering-Layer
  100
AcDbPolyline
  90
4
  70
1
  43
0.005080010160020321
  10
62.996113792227604
  20
53.10609601219203
  10
62.996113792227604
  20
53.60612141224283
  10
63.49613919227836
  20
53.60612141224283
  10
63.49613919227836
  20
53.10609601219203
  0
HATCH
  5
2176
  100
AcDbEntity
  8
Pin-Soldering-Layer
  100
AcDbHatch
  10
0
  20
0
  30
0
  210
0
  220
0
  230
1
  2
SOLID
  70
1
  71
0
  91
1
  92
7
  72
0
  73
1
  93
4
  10
62.996113792227604
  20
55.10609601219203
  10
62.996113792227604
  20
55.60612141224283
  10
63.49613919227836
  20
55.60612141224283
  10
63.49613919227836
  20
55.10609601219203
  97
1
  330
2175
  75
0
  76
1
  47
0.4128176842155181
  98
1
  10
34.90568961886538
  20
22.81183545379326
  450
0
  451
0
  460
0
  461
0
  452
1
  462
1
  453
2
  463
0
  63
5
  421
255
  463
1
  63
7
  421
16777215
  470
LINEAR
  1001
ACAD
  1010
0
  1020
0
  1030
0
  0
LWPOLYLINE
  5
2175
  100
AcDbEntity
  8
Pin-Soldering-Layer
  100
AcDbPolyline
  90
4
  70
1
  43
0.005080010160020321
  10
62.996113792227604
  20
55.10609601219203
  10
62.996113792227604
  20
55.60612141224283
  10
63.49613919227836
  20
55.60612141224283
  10
63.49613919227836
  20
55.10609601219203
  0
HATCH
  5
2196
  100
AcDbEntity
  8
Pin-Soldering-Layer
  100
AcDbHatch
  10
0
  20
0
  30
0
  210
0
  220
0
  230
1
  2
SOLID
  70
1
  71
0
  91
1
  92
7
  72
0
  73
1
  93
4
  10
87.24518669037339
  20
55.98712217424436
  10
87.24518669037339
  20
55.48709677419356
  10
86.7451612903226
  20
55.48709677419356
  10
86.7451612903226
  20
55.98712217424436
  97
1
  330
2195
  75
0
  76
1
  47
0.4128176842155181
  98
1
  10
34.90568961886538
  20
22.81183545379326
  450
0
  451
0
  460
0
  461
0
  452
1
  462
1
  453
2
  463
0
  63
5
  421
255
  463
1
  63
7
  421
16777215
  470
LINEAR
  1001
ACAD
  1010
0
  1020
0
  1030
0
  0
LWPOLYLINE
  5
2195
  100
AcDbEntity
  8
Pin-Soldering-Layer
  100
AcDbPolyline
  90
4
  70
1
  43
0.005080010160020321
  10
87.24518669037339
  20
55.98712217424436
  10
87.24518669037339
  20
55.48709677419356
  10
86.7451612903226
  20
55.48709677419356
  10
86.7451612903226
  20
55.98712217424436
  0
HATCH
  5
2198
  100
AcDbEntity
  8
Pin-Soldering-Layer
  100
AcDbHatch
  10
0
  20
0
  30
0
  210
0
  220
0
  230
1
  2
SOLID
  70
1
  71
0
  91
1
  92
7
  72
0
  73
1
  93
4
  10
87.24518669037339
  20
53.987122174244355
  10
87.24518669037339
  20
53.48709677419356
  10
86.7451612903226
  20
53.48709677419356
  10
86.7451612903226
  20
53.987122174244355
  97
1
  330
2197
  75
0
  76
1
  47
0.4128176842155181
  98
1
  10
34.90568961886538
  20
22.81183545379326
  450
0
  451
0
  460
0
  461
0
  452
1
  462
1
  453
2
  463
0
  63
5
  421
255
  463
1
  63
7
  421
16777215
  470
LINEAR
  1001
ACAD
  1010
0
  1020
0
  1030
0
  0
LWPOLYLINE
  5
2197
  100
AcDbEntity
  8
Pin-Soldering-Layer
  100
AcDbPolyline
  90
4
  70
1
  43
0.005080010160020321
  10
87.24518669037339
  20
53.987122174244355
  10
87.24518669037339
  20
53.48709677419356
  10
86.7451612903226
  20
53.48709677419356
  10
86.7451612903226
  20
53.987122174244355
  0
HATCH
  5
2218
  100
AcDbEntity
  8
Pin-Soldering-Layer
  100
AcDbHatch
  10
0
  20
0
  30
0
  210
0
  220
0
  230
1
  2
SOLID
  70
1
  71
0
  91
1
  92
7
  72
0
  73
1
  93
4
  10
87.11818643637288
  20
48.240106680213366
  10
87.11818643637288
  20
47.74008128016256
  10
86.61816103632209
  20
47.74008128016256
  10
86.61816103632209
  20
48.240106680213366
  97
1
  330
2217
  75
0
  76
1
  47
0.4128176842155181
  98
1
  10
34.90568961886538
  20
22.81183545379326
  450
0
  451
0
  460
0
  461
0
  452
1
  462
1
  453
2
  463
0
  63
5
  421
255
  463
1
  63
7
  421
16777215
  470
LINEAR
  1001
ACAD
  1010
0
  1020
0
  1030
0
  0
LWPOLYLINE
  5
2217
  100
AcDbEntity
  8
Pin-Soldering-Layer
  100
AcDbPolyline
  90
4
  70
1
  43
0.005080010160020321
  10
87.11818643637288
  20
48.240106680213366
  10
87.11818643637288
  20
47.74008128016256
  10
86.61816103632209
  20
47.74008128016256
  10
86.61816103632209
  20
48.240106680213366
  0
HATCH
  5
2220
  100
AcDbEntity
  8
Pin-Soldering-Layer
  100
AcDbHatch
  10
0
  20
0
  30
0
  210
0
  220
0
  230
1
  2
SOLID
  70
1
  71
0
  91
1
  92
7
  72
0
  73
1
  93
4
  10
87.11818643637288
  20
46.240106680213366
  10
87.11818643637288
  20
45.74008128016256
  10
86.61816103632209
  20
45.74008128016256
  10
86.61816103632209
  20
46.240106680213366
  97
1
  330
2219
  75
0
  76
1
  47
0.4128176842155181
  98
1
  10
34.90568961886538
  20
22.81183545379326
  450
0
  451
0
  460
0
  461
0
  452
1
  462
1
  453
2
  463
0
  63
5
  421
255
  463
1
  63
7
  421
16777215
  470
LINEAR
  1001
ACAD
  1010
0
  1020
0
  1030
0
  0
LWPOLYLINE
  5
2219
  100
AcDbEntity
  8
Pin-Soldering-Layer
  100
AcDbPolyline
  90
4
  70
1
  43
0.005080010160020321
  10
87.11818643637288
  20
46.240106680213366
  10
87.11818643637288
  20
45.74008128016256
  10
86.61816103632209
  20
45.74008128016256
  10
86.61816103632209
  20
46.240106680213366
  0
HATCH
  5
2240
  100
AcDbEntity
  8
Pin-Soldering-Layer
  100
AcDbHatch
  10
0
  20
0
  30
0
  210
0
  220
0
  230
1
  2
SOLID
  70
1
  71
0
  91
1
  92
7
  72
0
  73
1
  93
4
  10
62.996113792227604
  20
45.61308102616206
  10
62.996113792227604
  20
46.11310642621286
  10
63.49613919227836
  20
46.11310642621286
  10
63.49613919227836
  20
45.61308102616206
  97
1
  330
2239
  75
0
  76
1
  47
0.4128176842155181
  98
1
  10
34.90568961886538
  20
22.81183545379326
  450
0
  451
0
  460
0
  461
0
  452
1
  462
1
  453
2
  463
0
  63
5
  421
255
  463
1
  63
7
  421
16777215
  470
LINEAR
  1001
ACAD
  1010
0
  1020
0
  1030
0
  0
LWPOLYLINE
  5
2239
  100
AcDbEntity
  8
Pin-Soldering-Layer
  100
AcDbPolyline
  90
4
  70
1
  43
0.005080010160020321
  10
62.996113792227604
  20
45.61308102616206
  10
62.996113792227604
  20
46.11310642621286
  10
63.49613919227836
  20
46.11310642621286
  10
63.49613919227836
  20
45.61308102616206
  0
HATCH
  5
2242
  100
AcDbEntity
  8
Pin-Soldering-Layer
  100
AcDbHatch
  10
0
  20
0
  30
0
  210
0
  220
0
  230
1
  2
SOLID
  70
1
  71
0
  91
1
  92
7
  72
0
  73
1
  93
4
  10
62.996113792227604
  20
47.61308102616206
  10
62.996113792227604
  20
48.11310642621286
  10
63.49613919227836
  20
48.11310642621286
  10
63.49613919227836
  20
47.61308102616206
  97
1
  330
2241
  75
0
  76
1
  47
0.4128176842155181
  98
1
  10
34.90568961886538
  20
22.81183545379326
  450
0
  451
0
  460
0
  461
0
  452
1
  462
1
  453
2
  463
0
  63
5
  421
255
  463
1
  63
7
  421
16777215
  470
LINEAR
  1001
ACAD
  1010
0
  1020
0
  1030
0
  0
LWPOLYLINE
  5
2241
  100
AcDbEntity
  8
Pin-Soldering-Layer
  100
AcDbPolyline
  90
4
  70
1
  43
0.005080010160020321
  10
62.996113792227604
  20
47.61308102616206
  10
62.996113792227604
  20
48.11310642621286
  10
63.49613919227836
  20
48.11310642621286
  10
63.49613919227836
  20
47.61308102616206
  0
HATCH
  5
2258
  100
AcDbEntity
  8
Pin-Soldering-Layer
  100
AcDbHatch
  10
0
  20
0
  30
0
  210
0
  220
0
  230
1
  2
SOLID
  70
1
  71
0
  91
1
  92
7
  72
0
  73
1
  93
10
  10
74.35295910591823
  20
66.9231394462789
  10
73.7779527559055
  20
66.3207518415037
  10
71.91414782829564
  20
66.3207518415037
  10
71.44315468630937
  20
66.89575819151639
  10
71.44315468630937
  20
67.47076454152909
  10
71.91414782829564
  20
68.04577089154179
  10
73.7779527559055
  20
68.04577089154179
  10
74.35295910591823
  20
67.44312928625858
  10
75.63822707645416
  20
67.44312928625858
  10
75.63822707645416
  20
66.9231394462789
  97
1
  330
2257
  75
0
  76
1
  47
0.4128176842155181
  98
1
  10
34.90568961886538
  20
22.81183545379326
  450
0
  451
0
  460
0
  461
0
  452
1
  462
1
  453
2
  463
0
  63
5
  421
255
  463
1
  63
7
  421
16777215
  470
LINEAR
  1001
ACAD
  1010
0
  1020
0
  1030
0
  0
LWPOLYLINE
  5
2257
  100
AcDbEntity
  8
Pin-Soldering-Layer
  100
AcDbPolyline
  90
10
  70
1
  43
0.005080010160020321
  10
74.35295910591823
  20
66.9231394462789
  10
73.7779527559055
  20
66.3207518415037
  10
71.91414782829564
  20
66.3207518415037
  10
71.44315468630937
  20
66.89575819151639
  10
71.44315468630937
  20
67.47076454152909
  10
71.91414782829564
  20
68.04577089154179
  10
73.7779527559055
  20
68.04577089154179
  10
74.35295910591823
  20
67.44312928625858
  10
75.63822707645416
  20
67.44312928625858
  10
75.63822707645416
  20
66.9231394462789
  0
HATCH
  5
2260
  100
AcDbEntity
  8
Pin-Soldering-Layer
  100
AcDbHatch
  10
0
  20
0
  30
0
  210
0
  220
0
  230
1
  2
SOLID
  70
1
  71
0
  91
1
  92
7
  72
0
  73
1
  93
4
  10
74.53820167640335
  20
65.93314706629414
  10
75.63822707645416
  20
65.93314706629414
  10
75.63822707645416
  20
65.43312166624335
  10
74.53820167640335
  20
65.43312166624335
  97
1
  330
2259
  75
0
  76
1
  47
0.4128176842155181
  98
1
  10
34.90568961886538
  20
22.81183545379326
  450
0
  451
0
  460
0
  461
0
  452
1
  462
1
  453
2
  463
0
  63
5
  421
255
  463
1
  63
7
  421
16777215
  470
LINEAR
  1001
ACAD
  1010
0
  1020
0
  1030
0
  0
LWPOLYLINE
  5
2259
  100
AcDbEntity
  8
Pin-Soldering-Layer
  100
AcDbPolyline
  90
4
  70
1
  43
0.005080010160020321
  10
74.53820167640335
  20
65.93314706629414
  10
75.63822707645416
  20
65.93314706629414
  10
75.63822707645416
  20
65.43312166624335
  10
74.53820167640335
  20
65.43312166624335
  0
HATCH
  5
2262
  100
AcDbEntity
  8
Pin-Soldering-Layer
  100
AcDbHatch
  10
0
  20
0
  30
0
  210
0
  220
0
  230
1
  2
SOLID
  70
1
  71
0
  91
1
  92
7
  72
0
  73
1
  93
4
  10
74.53820167640335
  20
68.93314706629414
  10
75.63822707645416
  20
68.93314706629414
  10
75.63822707645416
  20
68.43312166624334
  10
74.53820167640335
  20
68.43312166624334
  97
1
  330
2261
  75
0
  76
1
  47
0.4128176842155181
  98
1
  10
34.90568961886538
  20
22.81183545379326
  450
0
  451
0
  460
0
  461
0
  452
1
  462
1
  453
2
  463
0
  63
5
  421
255
  463
1
  63
7
  421
16777215
  470
LINEAR
  1001
ACAD
  1010
0
  1020
0
  1030
0
  0
LWPOLYLINE
  5
2261
  100
AcDbEntity
  8
Pin-Soldering-Layer
  100
AcDbPolyline
  90
4
  70
1
  43
0.005080010160020321
  10
74.53820167640335
  20
68.93314706629414
  10
75.63822707645416
  20
68.93314706629414
  10
75.63822707645416
  20
68.43312166624334
  10
74.53820167640335
  20
68.43312166624334
  0
HATCH
  5
2275
  100
AcDbEntity
  8
Pin-Soldering-Layer
  100
AcDbHatch
  10
0
  20
0
  30
0
  210
0
  220
0
  230
1
  2
SOLID
  70
1
  71
0
  91
1
  92
7
  72
0
  73
1
  93
4
  10
70.49613919227839
  20
63.21907543815089
  10
70.49613919227839
  20
63.649098298196606
  10
70.79613919227837
  20
63.649098298196606
  10
70.79613919227837
  20
63.21907543815089
  97
1
  330
2274
  75
0
  76
1
  47
0.4128176842155181
  98
1
  10
34.90568961886538
  20
22.81183545379326
  450
0
  451
0
  460
0
  461
0
  452
1
  462
1
  453
2
  463
0
  63
5
  421
255
  463
1
  63
7
  421
16777215
  470
LINEAR
  1001
ACAD
  1010
0
  1020
0
  1030
0
  0
LWPOLYLINE
  5
2274
  100
AcDbEntity
  8
Pin-Soldering-Layer
  100
AcDbPolyline
  90
4
  70
1
  43
0.005080010160020321
  10
70.49613919227839
  20
63.21907543815089
  10
70.49613919227839
  20
63.649098298196606
  10
70.79613919227837
  20
63.649098298196606
  10
70.79613919227837
  20
63.21907543815089
  0
HATCH
  5
2279
  100
AcDbEntity
  8
Pin-Soldering-Layer
  100
AcDbHatch
  10
0
  20
0
  30
0
  210
0
  220
0
  230
1
  2
SOLID
  70
1
  71
0
  91
1
  92
7
  72
0
  73
1
  93
4
  10
70.49613919227839
  20
61.31915163830328
  10
70.49613919227839
  20
61.74917449834901
  10
70.79613919227837
  20
61.74917449834901
  10
70.79613919227837
  20
61.31915163830328
  97
1
  330
2278
  75
0
  76
1
  47
0.4128176842155181
  98
1
  10
34.90568961886538
  20
22.81183545379326
  450
0
  451
0
  460
0
  461
0
  452
1
  462
1
  453
2
  463
0
  63
5
  421
255
  463
1
  63
7
  421
16777215
  470
LINEAR
  1001
ACAD
  1010
0
  1020
0
  1030
0
  0
LWPOLYLINE
  5
2278
  100
AcDbEntity
  8
Pin-Soldering-Layer
  100
AcDbPolyline
  90
4
  70
1
  43
0.005080010160020321
  10
70.49613919227839
  20
61.31915163830328
  10
70.49613919227839
  20
61.74917449834901
  10
70.79613919227837
  20
61.74917449834901
  10
70.79613919227837
  20
61.31915163830328
  0
HATCH
  5
2283
  100
AcDbEntity
  8
Pin-Soldering-Layer
  100
AcDbHatch
  10
0
  20
0
  30
0
  210
0
  220
0
  230
1
  2
SOLID
  70
1
  71
0
  91
1
  92
7
  72
0
  73
1
  93
4
  10
68.3961391922784
  20
62.26911353822709
  10
68.3961391922784
  20
62.699136398272806
  10
68.69613919227838
  20
62.699136398272806
  10
68.69613919227838
  20
62.26911353822709
  97
1
  330
2282
  75
0
  76
1
  47
0.4128176842155181
  98
1
  10
34.90568961886538
  20
22.81183545379326
  450
0
  451
0
  460
0
  461
0
  452
1
  462
1
  453
2
  463
0
  63
5
  421
255
  463
1
  63
7
  421
16777215
  470
LINEAR
  1001
ACAD
  1010
0
  1020
0
  1030
0
  0
LWPOLYLINE
  5
2282
  100
AcDbEntity
  8
Pin-Soldering-Layer
  100
AcDbPolyline
  90
4
  70
1
  43
0.005080010160020321
  10
68.3961391922784
  20
62.26911353822709
  10
68.3961391922784
  20
62.699136398272806
  10
68.69613919227838
  20
62.699136398272806
  10
68.69613919227838
  20
62.26911353822709
  0
HATCH
  5
2301
  100
AcDbEntity
  8
Pin-Soldering-Layer
  100
AcDbHatch
  10
0
  20
0
  30
0
  210
0
  220
0
  230
1
  2
SOLID
  70
1
  71
0
  91
1
  92
7
  72
0
  73
1
  93
4
  10
68.57614935229869
  20
53.09410718821438
  10
68.07612395224793
  20
53.09410718821438
  10
68.07612395224793
  20
53.344094488188986
  10
68.57614935229869
  20
53.344094488188986
  97
1
  330
2300
  75
0
  76
1
  47
0.4128176842155181
  98
1
  10
34.90568961886538
  20
22.81183545379326
  450
0
  451
0
  460
0
  461
0
  452
1
  462
1
  453
2
  463
0
  63
5
  421
255
  463
1
  63
7
  421
16777215
  470
LINEAR
  1001
ACAD
  1010
0
  1020
0
  1030
0
  0
LWPOLYLINE
  5
2300
  100
AcDbEntity
  8
Pin-Soldering-Layer
  100
AcDbPolyline
  90
4
  70
1
  43
0.005080010160020321
  10
68.57614935229869
  20
53.09410718821438
  10
68.07612395224793
  20
53.09410718821438
  10
68.07612395224793
  20
53.344094488188986
  10
68.57614935229869
  20
53.344094488188986
  0
HATCH
  5
2303
  100
AcDbEntity
  8
Pin-Soldering-Layer
  100
AcDbHatch
  10
0
  20
0
  30
0
  210
0
  220
0
  230
1
  2
SOLID
  70
1
  71
0
  91
1
  92
7
  72
0
  73
1
  93
4
  10
68.57614935229869
  20
54.09410718821439
  10
68.57614935229869
  20
53.84411988823979
  10
68.07612395224793
  20
53.84411988823979
  10
68.07612395224793
  20
54.09410718821439
  97
1
  330
2302
  75
0
  76
1
  47
0.4128176842155181
  98
1
  10
34.90568961886538
  20
22.81183545379326
  450
0
  451
0
  460
0
  461
0
  452
1
  462
1
  453
2
  463
0
  63
5
  421
255
  463
1
  63
7
  421
16777215
  470
LINEAR
  1001
ACAD
  1010
0
  1020
0
  1030
0
  0
LWPOLYLINE
  5
2302
  100
AcDbEntity
  8
Pin-Soldering-Layer
  100
AcDbPolyline
  90
4
  70
1
  43
0.005080010160020321
  10
68.57614935229869
  20
54.09410718821439
  10
68.57614935229869
  20
53.84411988823979
  10
68.07612395224793
  20
53.84411988823979
  10
68.07612395224793
  20
54.09410718821439
  0
HATCH
  5
2319
  100
AcDbEntity
  8
Pin-Soldering-Layer
  100
AcDbHatch
  10
0
  20
0
  30
0
  210
0
  220
0
  230
1
  2
SOLID
  70
1
  71
0
  91
1
  92
7
  72
0
  73
1
  93
4
  10
82.54617729235459
  20
66.0481330962662
  10
82.0461518923038
  20
66.0481330962662
  10
82.0461518923038
  20
66.2981203962408
  10
82.54617729235459
  20
66.2981203962408
  97
1
  330
2318
  75
0
  76
1
  47
0.4128176842155181
  98
1
  10
34.90568961886538
  20
22.81183545379326
  450
0
  451
0
  460
0
  461
0
  452
1
  462
1
  453
2
  463
0
  63
5
  421
255
  463
1
  63
7
  421
16777215
  470
LINEAR
  1001
ACAD
  1010
0
  1020
0
  1030
0
  0
LWPOLYLINE
  5
2318
  100
AcDbEntity
  8
Pin-Soldering-Layer
  100
AcDbPolyline
  90
4
  70
1
  43
0.005080010160020321
  10
82.54617729235459
  20
66.0481330962662
  10
82.0461518923038
  20
66.0481330962662
  10
82.0461518923038
  20
66.2981203962408
  10
82.54617729235459
  20
66.2981203962408
  0
HATCH
  5
2321
  100
AcDbEntity
  8
Pin-Soldering-Layer
  100
AcDbHatch
  10
0
  20
0
  30
0
  210
0
  220
0
  230
1
  2
SOLID
  70
1
  71
0
  91
1
  92
7
  72
0
  73
1
  93
4
  10
82.54617729235459
  20
67.04813309626621
  10
82.54617729235459
  20
66.7981457962916
  10
82.0461518923038
  20
66.7981457962916
  10
82.0461518923038
  20
67.04813309626621
  97
1
  330
2320
  75
0
  76
1
  47
0.4128176842155181
  98
1
  10
34.90568961886538
  20
22.81183545379326
  450
0
  451
0
  460
0
  461
0
  452
1
  462
1
  453
2
  463
0
  63
5
  421
255
  463
1
  63
7
  421
16777215
  470
LINEAR
  1001
ACAD
  1010
0
  1020
0
  1030
0
  0
LWPOLYLINE
  5
2320
  100
AcDbEntity
  8
Pin-Soldering-Layer
  100
AcDbPolyline
  90
4
  70
1
  43
0.005080010160020321
  10
82.54617729235459
  20
67.04813309626621
  10
82.54617729235459
  20
66.7981457962916
  10
82.0461518923038
  20
66.7981457962916
  10
82.0461518923038
  20
67.04813309626621
  0
HATCH
  5
2333
  100
AcDbEntity
  8
Pin-Soldering-Layer
  100
AcDbHatch
  10
0
  20
0
  30
0
  210
0
  220
0
  230
1
  2
SOLID
  70
1
  71
0
  91
1
  92
7
  72
0
  73
1
  93
4
  10
73.11414782829566
  20
59.41711963423928
  10
73.11414782829566
  20
60.21711963423928
  10
73.41414782829567
  20
60.21711963423928
  10
73.41414782829567
  20
59.41711963423928
  97
1
  330
2332
  75
0
  76
1
  47
0.4128176842155181
  98
1
  10
34.90568961886538
  20
22.81183545379326
  450
0
  451
0
  460
0
  461
0
  452
1
  462
1
  453
2
  463
0
  63
5
  421
255
  463
1
  63
7
  421
16777215
  470
LINEAR
  1001
ACAD
  1010
0
  1020
0
  1030
0
  0
LWPOLYLINE
  5
2332
  100
AcDbEntity
  8
Pin-Soldering-Layer
  100
AcDbPolyline
  90
4
  70
1
  43
0.005080010160020321
  10
73.11414782829566
  20
59.41711963423928
  10
73.11414782829566
  20
60.21711963423928
  10
73.41414782829567
  20
60.21711963423928
  10
73.41414782829567
  20
59.41711963423928
  0
HATCH
  5
2335
  100
AcDbEntity
  8
Pin-Soldering-Layer
  100
AcDbHatch
  10
0
  20
0
  30
0
  210
0
  220
0
  230
1
  2
SOLID
  70
1
  71
0
  91
1
  92
7
  72
0
  73
1
  93
4
  10
74.71414782829565
  20
59.41711963423928
  10
74.41414782829564
  20
59.41711963423928
  10
74.41414782829564
  20
60.21711963423928
  10
74.71414782829565
  20
60.21711963423928
  97
1
  330
2334
  75
0
  76
1
  47
0.4128176842155181
  98
1
  10
34.90568961886538
  20
22.81183545379326
  450
0
  451
0
  460
0
  461
0
  452
1
  462
1
  453
2
  463
0
  63
5
  421
255
  463
1
  63
7
  421
16777215
  470
LINEAR
  1001
ACAD
  1010
0
  1020
0
  1030
0
  0
LWPOLYLINE
  5
2334
  100
AcDbEntity
  8
Pin-Soldering-Layer
  100
AcDbPolyline
  90
4
  70
1
  43
0.005080010160020321
  10
74.71414782829565
  20
59.41711963423928
  10
74.41414782829564
  20
59.41711963423928
  10
74.41414782829564
  20
60.21711963423928
  10
74.71414782829565
  20
60.21711963423928
  0
HATCH
  5
2351
  100
AcDbEntity
  8
Pin-Soldering-Layer
  100
AcDbHatch
  10
0
  20
0
  30
0
  210
0
  220
0
  230
1
  2
SOLID
  70
1
  71
0
  91
1
  92
7
  72
0
  73
1
  93
4
  10
72.73314706629414
  20
55.73411226822455
  10
72.73314706629414
  20
56.53411226822455
  10
73.03314706629415
  20
56.53411226822455
  10
73.03314706629415
  20
55.73411226822455
  97
1
  330
2350
  75
0
  76
1
  47
0.4128176842155181
  98
1
  10
34.90568961886538
  20
22.81183545379326
  450
0
  451
0
  460
0
  461
0
  452
1
  462
1
  453
2
  463
0
  63
5
  421
255
  463
1
  63
7
  421
16777215
  470
LINEAR
  1001
ACAD
  1010
0
  1020
0
  1030
0
  0
LWPOLYLINE
  5
2350
  100
AcDbEntity
  8
Pin-Soldering-Layer
  100
AcDbPolyline
  90
4
  70
1
  43
0.005080010160020321
  10
72.73314706629414
  20
55.73411226822455
  10
72.73314706629414
  20
56.53411226822455
  10
73.03314706629415
  20
56.53411226822455
  10
73.03314706629415
  20
55.73411226822455
  0
HATCH
  5
2353
  100
AcDbEntity
  8
Pin-Soldering-Layer
  100
AcDbHatch
  10
0
  20
0
  30
0
  210
0
  220
0
  230
1
  2
SOLID
  70
1
  71
0
  91
1
  92
7
  72
0
  73
1
  93
4
  10
74.33314706629413
  20
55.73411226822455
  10
74.03314706629412
  20
55.73411226822455
  10
74.03314706629412
  20
56.53411226822455
  10
74.33314706629413
  20
56.53411226822455
  97
1
  330
2352
  75
0
  76
1
  47
0.4128176842155181
  98
1
  10
34.90568961886538
  20
22.81183545379326
  450
0
  451
0
  460
0
  461
0
  452
1
  462
1
  453
2
  463
0
  63
5
  421
255
  463
1
  63
7
  421
16777215
  470
LINEAR
  1001
ACAD
  1010
0
  1020
0
  1030
0
  0
LWPOLYLINE
  5
2352
  100
AcDbEntity
  8
Pin-Soldering-Layer
  100
AcDbPolyline
  90
4
  70
1
  43
0.005080010160020321
  10
74.33314706629413
  20
55.73411226822455
  10
74.03314706629412
  20
55.73411226822455
  10
74.03314706629412
  20
56.53411226822455
  10
74.33314706629413
  20
56.53411226822455
  0
HATCH
  5
1224
  100
AcDbEntity
  8
Pin-Floating-Layer
  100
AcDbHatch
  10
0
  20
0
  30
0
  210
0
  220
0
  230
1
  2
SOLID
  70
1
  71
0
  91
1
  92
7
  72
0
  73
1
  93
4
  10
70.23614427228854
  20
63.21907543815089
  10
70.23614427228854
  20
63.649098298196606
  10
70.50614681229364
  20
63.649098298196606
  10
70.50614681229364
  20
63.21907543815089
  97
1
  330
1223
  75
0
  76
1
  47
0.4128176842155181
  98
1
  10
34.90568961886538
  20
22.81183545379326
  450
0
  451
0
  460
0
  461
0
  452
1
  462
1
  453
2
  463
0
  63
5
  421
255
  463
1
  63
7
  421
16777215
  470
LINEAR
  1001
ACAD
  1010
0
  1020
0
  1030
0
  0
LWPOLYLINE
  5
1223
  100
AcDbEntity
  8
Pin-Floating-Layer
  100
AcDbPolyline
  90
4
  70
1
  43
0.005080010160020321
  10
70.23614427228854
  20
63.21907543815089
  10
70.23614427228854
  20
63.649098298196606
  10
70.50614681229364
  20
63.649098298196606
  10
70.50614681229364
  20
63.21907543815089
  0
HATCH
  5
1228
  100
AcDbEntity
  8
Pin-Floating-Layer
  100
AcDbHatch
  10
0
  20
0
  30
0
  210
0
  220
0
  230
1
  2
SOLID
  70
1
  71
0
  91
1
  92
7
  72
0
  73
1
  93
4
  10
70.23614427228854
  20
61.31915163830328
  10
70.23614427228854
  20
61.74917449834901
  10
70.50614681229364
  20
61.74917449834901
  10
70.50614681229364
  20
61.31915163830328
  97
1
  330
1227
  75
0
  76
1
  47
0.4128176842155181
  98
1
  10
34.90568961886538
  20
22.81183545379326
  450
0
  451
0
  460
0
  461
0
  452
1
  462
1
  453
2
  463
0
  63
5
  421
255
  463
1
  63
7
  421
16777215
  470
LINEAR
  1001
ACAD
  1010
0
  1020
0
  1030
0
  0
LWPOLYLINE
  5
1227
  100
AcDbEntity
  8
Pin-Floating-Layer
  100
AcDbPolyline
  90
4
  70
1
  43
0.005080010160020321
  10
70.23614427228854
  20
61.31915163830328
  10
70.23614427228854
  20
61.74917449834901
  10
70.50614681229364
  20
61.74917449834901
  10
70.50614681229364
  20
61.31915163830328
  0
HATCH
  5
1232
  100
AcDbEntity
  8
Pin-Floating-Layer
  100
AcDbHatch
  10
0
  20
0
  30
0
  210
0
  220
0
  230
1
  2
SOLID
  70
1
  71
0
  91
1
  92
7
  72
0
  73
1
  93
4
  10
68.68613157226314
  20
62.26911353822709
  10
68.68613157226314
  20
62.699136398272806
  10
68.95613411226823
  20
62.699136398272806
  10
68.95613411226823
  20
62.26911353822709
  97
1
  330
1231
  75
0
  76
1
  47
0.4128176842155181
  98
1
  10
34.90568961886538
  20
22.81183545379326
  450
0
  451
0
  460
0
  461
0
  452
1
  462
1
  453
2
  463
0
  63
5
  421
255
  463
1
  63
7
  421
16777215
  470
LINEAR
  1001
ACAD
  1010
0
  1020
0
  1030
0
  0
LWPOLYLINE
  5
1231
  100
AcDbEntity
  8
Pin-Floating-Layer
  100
AcDbPolyline
  90
4
  70
1
  43
0.005080010160020321
  10
68.68613157226314
  20
62.26911353822709
  10
68.68613157226314
  20
62.699136398272806
  10
68.95613411226823
  20
62.699136398272806
  10
68.95613411226823
  20
62.26911353822709
  0
HATCH
  5
2273
  100
AcDbEntity
  8
Pin-Floating-Layer
  100
AcDbHatch
  10
0
  20
0
  30
0
  210
0
  220
0
  230
1
  2
SOLID
  70
1
  71
0
  91
1
  92
7
  72
0
  73
1
  93
4
  10
70.23614427228854
  20
63.21907543815089
  10
70.23614427228854
  20
63.649098298196606
  10
70.50614681229364
  20
63.649098298196606
  10
70.50614681229364
  20
63.21907543815089
  97
1
  330
2272
  75
0
  76
1
  47
0.4128176842155181
  98
1
  10
34.90568961886538
  20
22.81183545379326
  450
0
  451
0
  460
0
  461
0
  452
1
  462
1
  453
2
  463
0
  63
5
  421
255
  463
1
  63
7
  421
16777215
  470
LINEAR
  1001
ACAD
  1010
0
  1020
0
  1030
0
  0
LWPOLYLINE
  5
2272
  100
AcDbEntity
  8
Pin-Floating-Layer
  100
AcDbPolyline
  90
4
  70
1
  43
0.005080010160020321
  10
70.23614427228854
  20
63.21907543815089
  10
70.23614427228854
  20
63.649098298196606
  10
70.50614681229364
  20
63.649098298196606
  10
70.50614681229364
  20
63.21907543815089
  0
HATCH
  5
2277
  100
AcDbEntity
  8
Pin-Floating-Layer
  100
AcDbHatch
  10
0
  20
0
  30
0
  210
0
  220
0
  230
1
  2
SOLID
  70
1
  71
0
  91
1
  92
7
  72
0
  73
1
  93
4
  10
70.23614427228854
  20
61.31915163830328
  10
70.23614427228854
  20
61.74917449834901
  10
70.50614681229364
  20
61.74917449834901
  10
70.50614681229364
  20
61.31915163830328
  97
1
  330
2276
  75
0
  76
1
  47
0.4128176842155181
  98
1
  10
34.90568961886538
  20
22.81183545379326
  450
0
  451
0
  460
0
  461
0
  452
1
  462
1
  453
2
  463
0
  63
5
  421
255
  463
1
  63
7
  421
16777215
  470
LINEAR
  1001
ACAD
  1010
0
  1020
0
  1030
0
  0
LWPOLYLINE
  5
2276
  100
AcDbEntity
  8
Pin-Floating-Layer
  100
AcDbPolyline
  90
4
  70
1
  43
0.005080010160020321
  10
70.23614427228854
  20
61.31915163830328
  10
70.23614427228854
  20
61.74917449834901
  10
70.50614681229364
  20
61.74917449834901
  10
70.50614681229364
  20
61.31915163830328
  0
HATCH
  5
2281
  100
AcDbEntity
  8
Pin-Floating-Layer
  100
AcDbHatch
  10
0
  20
0
  30
0
  210
0
  220
0
  230
1
  2
SOLID
  70
1
  71
0
  91
1
  92
7
  72
0
  73
1
  93
4
  10
68.68613157226314
  20
62.26911353822709
  10
68.68613157226314
  20
62.699136398272806
  10
68.95613411226823
  20
62.699136398272806
  10
68.95613411226823
  20
62.26911353822709
  97
1
  330
2280
  75
0
  76
1
  47
0.4128176842155181
  98
1
  10
34.90568961886538
  20
22.81183545379326
  450
0
  451
0
  460
0
  461
0
  452
1
  462
1
  453
2
  463
0
  63
5
  421
255
  463
1
  63
7
  421
16777215
  470
LINEAR
  1001
ACAD
  1010
0
  1020
0
  1030
0
  0
LWPOLYLINE
  5
2280
  100
AcDbEntity
  8
Pin-Floating-Layer
  100
AcDbPolyline
  90
4
  70
1
  43
0.005080010160020321
  10
68.68613157226314
  20
62.26911353822709
  10
68.68613157226314
  20
62.699136398272806
  10
68.95613411226823
  20
62.699136398272806
  10
68.95613411226823
  20
62.26911353822709
  0
ENDSEC
  0
SECTION
  2
OBJECTS
  0
DICTIONARY
  5
C
  330
0
  100
AcDbDictionary
  281
1
  3
ACAD_CIP_PREVIOUS_PRODUCT_INFO
  350
1A2
  3
ACAD_COLOR
  350
6C
  3
ACAD_DETAILVIEWSTYLE
  350
1A8
  3
ACAD_GROUP
  350
D
  3
ACAD_LAYOUT
  350
1A
  3
ACAD_MATERIAL
  350
6B
  3
ACAD_MLEADERSTYLE
  350
D2
  3
ACAD_MLINESTYLE
  350
17
  3
ACAD_PLOTSETTINGS
  350
19
  3
ACAD_PLOTSTYLENAME
  350
E
  3
ACAD_SCALELIST
  350
B1
  3
ACAD_SECTIONVIEWSTYLE
  350
1A5
  3
ACAD_TABLESTYLE
  350
A6
  3
ACAD_VISUALSTYLE
  350
95
  3
ACDB_RECOMPOSE_DATA
  350
301
  3
AcDbVariableDictionary
  350
59
  3
AcDsDecomposeData
  350
307
  0
DICTIONARY
  5
18B
  330
2
  100
AcDbDictionary
  280
1
  281
1
  3
ACAD_LAYERSTATES
  360
18C
  0
DICTIONARY
  5
E1
  330
10
  100
AcDbDictionary
  280
1
  281
1
  0
DICTIONARY
  5
15A
  330
1F
  100
AcDbDictionary
  280
1
  281
1
  0
XRECORD
  5
1A2
  102
{ACAD_REACTORS
  330
C
  102
}
  330
C
  100
AcDbXrecord
  280
1
  300
ACD
  300
2021
  300

  0
DICTIONARY
  5
6C
  102
{ACAD_REACTORS
  330
C
  102
}
  330
C
  100
AcDbDictionary
  281
1
  0
DICTIONARY
  5
1A8
  102
{ACAD_REACTORS
  330
C
  102
}
  330
C
  100
AcDbDictionary
  281
1
  3
Imperial24
  350
1A9
  0
DICTIONARY
  5
D
  102
{ACAD_REACTORS
  330
C
  102
}
  330
C
  100
AcDbDictionary
  281
1
  0
DICTIONARY
  5
1A
  102
{ACAD_REACTORS
  330
C
  102
}
  330
C
  100
AcDbDictionary
  281
1
  3
Model
  350
22
  3
布局1
  350
74
  3
布局2
  350
79
  0
DICTIONARY
  5
6B
  102
{ACAD_REACTORS
  330
C
  102
}
  330
C
  100
AcDbDictionary
  281
1
  3
ByBlock
  350
93
  3
ByLayer
  350
92
  3
Global
  350
94
  0
DICTIONARY
  5
D2
  102
{ACAD_REACTORS
  330
C
  102
}
  330
C
  100
AcDbDictionary
  281
1
  3
Annotative
  350
E0
  3
Standard
  350
D3
  0
DICTIONARY
  5
17
  102
{ACAD_REACTORS
  330
C
  102
}
  330
C
  100
AcDbDictionary
  281
1
  3
Standard
  350
18
  0
DICTIONARY
  5
19
  102
{ACAD_REACTORS
  330
C
  102
}
  330
C
  100
AcDbDictionary
  281
1
  0
ACDBDICTIONARYWDFLT
  5
E
  102
{ACAD_REACTORS
  330
C
  102
}
  330
C
  100
AcDbDictionary
  281
1
  3
Normal
  350
F
  100
AcDbDictionaryWithDefault
  340
F
  0
DICTIONARY
  5
B1
  102
{ACAD_REACTORS
  330
C
  102
}
  330
C
  100
AcDbDictionary
  281
1
  3
A0
  350
B2
  3
A1
  350
124
  3
A2
  350
125
  3
A3
  350
126
  3
A4
  350
127
  3
A5
  350
128
  3
A6
  350
129
  3
A7
  350
12A
  3
A8
  350
12B
  3
A9
  350
12C
  3
B0
  350
12D
  3
B1
  350
12E
  3
B2
  350
12F
  3
B3
  350
130
  3
B4
  350
131
  3
B5
  350
132
  3
B6
  350
133
  3
B7
  350
134
  3
B8
  350
135
  3
B9
  350
136
  3
C0
  350
137
  3
C1
  350
138
  3
C2
  350
139
  3
C3
  350
13A
  3
C4
  350
13B
  3
C5
  350
13C
  3
C6
  350
13D
  3
C7
  350
13E
  3
C8
  350
13F
  3
C9
  350
140
  3
D0
  350
141
  3
D1
  350
142
  3
D2
  350
143
  0
DICTIONARY
  5
1A5
  102
{ACAD_REACTORS
  330
C
  102
}
  330
C
  100
AcDbDictionary
  281
1
  3
Imperial24
  350
1A7
  0
DICTIONARY
  5
A6
  102
{ACAD_REACTORS
  330
C
  102
}
  330
C
  100
AcDbDictionary
  281
1
  3
Standard
  350
A7
  0
DICTIONARY
  5
95
  102
{ACAD_REACTORS
  330
C
  102
}
  330
C
  100
AcDbDictionary
  281
1
  3
2dWireframe
  350
9B
  3
Basic
  350
9A
  3
Brighten
  350
A1
  3
ColorChange
  350
A5
  3
Conceptual
  350
9E
  3
Dim
  350
A0
  3
EdgeColorOff
  350
172
  3
Facepattern
  350
A4
  3
Flat
  350
96
  3
FlatWithEdges
  350
97
  3
Gouraud
  350
98
  3
GouraudWithEdges
  350
99
  3
Hidden
  350
9D
  3
JitterOff
  350
170
  3
Linepattern
  350
A3
  3
OverhangOff
  350
171
  3
Realistic
  350
9F
  3
Shaded
  350
17F
  3
Shaded with edges
  350
17E
  3
Shades of Gray
  350
17B
  3
Sketchy
  350
17C
  3
Thicken
  350
A2
  3
Wireframe
  350
9C
  3
X-Ray
  350
17D
  0
XRECORD
  5
301
  102
{ACAD_REACTORS
  330
C
  102
}
  330
C
  100
AcDbXrecord
  280
1
  90
1
  330
A7
  0
DICTIONARY
  5
59
  102
{ACAD_REACTORS
  330
C
  102
}
  330
C
  100
AcDbDictionary
  281
1
  3
CAMERAHEIGHT
  350
227
  3
CANNOSCALE
  350
EB
  3
CMLEADERSTYLE
  350
EA
  3
CTABLESTYLE
  350
AB
  3
CVIEWDETAILSTYLE
  350
1B4
  3
CVIEWSECTIONSTYLE
  350
1B5
  3
DIMASSOC
  350
5A
  3
HIDETEXT
  350
5E
  3
INDEXCTL
  350
226
  3
LAYEREVAL
  350
14A
  3
LAYERNOTIFY
  350
14B
  3
LIGHTINGUNITS
  350
224
  3
MSLTSCALE
  350
223
  3
SORTENTS
  350
225
  3
XCLIPFRAME
  350
228
  0
DICTIONARY
  5
307
  102
{ACAD_REACTORS
  330
C
  102
}
  330
C
  100
AcDbDictionary
  281
1
  3
AcDsRecords
  350
309
  3
AcDsSchemas
  350
308
  1001
ACAD
  1070
2
  0
DICTIONARY
  5
18C
  102
{ACAD_REACTORS
  330
18B
  102
}
  330
18B
  100
AcDbDictionary
  281
1
  0
ACDBDETAILVIEWSTYLE
  5
1A9
  102
{ACAD_XDICTIONARY
  360
33C
  102
}
  102
{ACAD_REACTORS
  330
1A8
  102
}
  330
1A8
  100
AcDbModelDocViewStyle
  70
0
  3
Imperial24
  290
0
  100
AcDbDetailViewStyle
  70
0
  71
0
  90
3
  71
1
  340
11
  62
256
  40
0.24
  340
0
  62
256
  40
0.24
  300

  40
0.36
  280
3
  71
2
  340
16
  90
25
  62
256
  71
3
  340
11
  62
256
  40
0.24
  90
1
  40
0.75
  90
1
  300
%<\AcVar ViewType \f "%tc1">% %<\AcVar ViewDetailId>%\PSCALE %<\AcVar ViewScale \f "%sn">%
  71
4
  340
16
  90
25
  62
256
  340
16
  90
25
  62
256
  280
0
  0
LAYOUT
  5
22
  102
{ACAD_XDICTIONARY
  360
191
  102
}
  102
{ACAD_REACTORS
  330
1A
  102
}
  330
1A
  100
AcDbPlotSettings
  1

  2
none_device
  4
Letter_(8.50_x_11.00_Inches)
  6

  40
6.349999904632568
  41
6.349999904632568
  42
6.350006103515625
  43
6.350006103515625
  44
215.8999938964844
  45
279.3999938964844
  46
0
  47
0
  48
0
  49
0
  140
0
  141
0
  142
1
  143
3.560208697428376
  70
11952
  72
0
  73
1
  74
0
  7

  75
0
  147
0.28088241027059
  76
0
  77
2
  78
300
  148
0.1311165230791651
  149
0.096403374003771
  100
AcDbLayout
  1
Model
  70
1
  71
0
  10
0
  20
0
  11
12
  21
9
  12
0
  22
0
  32
0
  14
0
  24
0
  34
0
  15
0
  25
0
  35
0
  146
0
  13
0
  23
0
  33
0
  16
1
  26
0
  36
0
  17
0
  27
1
  37
0
  76
0
  330
1F
  331
90
  0
LAYOUT
  5
74
  102
{ACAD_REACTORS
  330
1A
  102
}
  330
1A
  100
AcDbPlotSettings
  1

  2
\\ADSCCNDC1\hq601xrx1
  4

  6

  40
0
  41
0
  42
0
  43
0
  44
0
  45
0
  46
0
  47
0
  48
0
  49
0
  140
0
  141
0
  142
1
  143
1
  70
688
  72
0
  73
0
  74
5
  7

  75
16
  147
1
  76
0
  77
2
  78
300
  148
0
  149
0
  100
AcDbLayout
  1
布局1
  70
1
  71
1
  10
0
  20
0
  11
12
  21
9
  12
0
  22
0
  32
0
  14
0
  24
0
  34
0
  15
0
  25
0
  35
0
  146
0
  13
0
  23
0
  33
0
  16
1
  26
0
  36
0
  17
0
  27
1
  37
0
  76
0
  330
73
  0
LAYOUT
  5
79
  102
{ACAD_REACTORS
  330
1A
  102
}
  330
1A
  100
AcDbPlotSettings
  1

  2
\\ADSCCNDC1\hq601xrx1
  4

  6

  40
0
  41
0
  42
0
  43
0
  44
0
  45
0
  46
0
  47
0
  48
0
  49
0
  140
0
  141
0
  142
1
  143
1
  70
688
  72
0
  73
0
  74
5
  7

  75
16
  147
1
  76
0
  77
2
  78
300
  148
0
  149
0
  100
AcDbLayout
  1
布局2
  70
1
  71
2
  10
0
  20
0
  11
12
  21
9
  12
0
  22
0
  32
0
  14
0
  24
0
  34
0
  15
0
  25
0
  35
0
  146
0
  13
0
  23
0
  33
0
  16
1
  26
0
  36
0
  17
0
  27
1
  37
0
  76
0
  330
78
  0
MATERIAL
  5
93
  102
{ACAD_XDICTIONARY
  360
185
  102
}
  102
{ACAD_REACTORS
  330
6B
  102
}
  330
6B
  100
AcDbMaterial
  1
ByBlock
  94
63
  0
MATERIAL
  5
92
  102
{ACAD_XDICTIONARY
  360
183
  102
}
  102
{ACAD_REACTORS
  330
6B
  102
}
  330
6B
  100
AcDbMaterial
  1
ByLayer
  94
63
  0
MATERIAL
  5
94
  102
{ACAD_XDICTIONARY
  360
10B
  102
}
  102
{ACAD_REACTORS
  330
6B
  102
}
  330
6B
  100
AcDbMaterial
  1
Global
  43
0.0208000000566244
  43
0
  43
0
  43
0
  43
0
  43
0.0208000000566244
  43
0
  43
0
  43
0
  43
0
  43
1
  43
0
  43
0
  43
0
  43
0
  43
1
  49
0.0208000000566244
  49
0
  49
0
  49
0
  49
0
  49
0.0208000000566244
  49
0
  49
0
  49
0
  49
0
  49
1
  49
0
  49
0
  49
0
  49
0
  49
1
  142
0.0208000000566244
  142
0
  142
0
  142
0
  142
0
  142
0.0208000000566244
  142
0
  142
0
  142
0
  142
0
  142
1
  142
0
  142
0
  142
0
  142
0
  142
1
  144
0.0208000000566244
  144
0
  144
0
  144
0
  144
0
  144
0.0208000000566244
  144
0
  144
0
  144
0
  144
0
  144
1
  144
0
  144
0
  144
0
  144
0
  144
1
  94
63
  1001
ACAD
  1070
-1
  1070
3
  1070
0
  1000

  1071
0
  1070
0
  0
MLEADERSTYLE
  5
E0
  102
{ACAD_REACTORS
  330
D2
  102
}
  330
D2
  100
AcDbMLeaderStyle
  170
2
  171
1
  172
0
  90
2
  40
0
  41
0
  173
1
  91
-1056964608
  340
14
  92
-2
  290
0
  42
0.09
  291
0
  43
0.36
  3
Standard
  44
0.18
  300

  342
11
  174
1
  178
1
  175
1
  176
0
  93
-1056964608
  45
0.18
  292
0
  297
0
  46
0.18
  94
-1056964608
  47
1
  49
1
  140
1
  293
0
  141
0
  294
0
  177
0
  142
1
  295
0
  296
0
  143
0.125
  1001
ACAD_MLEADERVER
  1070
2
  0
MLEADERSTYLE
  5
D3
  102
{ACAD_REACTORS
  330
D2
  102
}
  330
D2
  100
AcDbMLeaderStyle
  170
2
  171
1
  172
0
  90
2
  40
0
  41
0
  173
1
  91
-1056964608
  340
14
  92
-2
  290
0
  42
0.09
  291
0
  43
0.36
  3
Standard
  44
0.18
  300

  342
11
  174
1
  178
1
  175
1
  176
0
  93
-1056964608
  45
0.18
  292
0
  297
0
  46
0.18
  94
-1056964608
  47
1
  49
1
  140
1
  293
0
  141
0
  294
0
  177
0
  142
1
  295
0
  296
0
  143
0.125
  1001
ACAD_MLEADERVER
  1070
2
  0
MLINESTYLE
  5
18
  102
{ACAD_REACTORS
  330
17
  102
}
  330
17
  100
AcDbMlineStyle
  2
STANDARD
  70
0
  3

  62
256
  51
90
  52
90
  71
2
  49
0.5
  62
256
  6
BYLAYER
  49
-0.5
  62
256
  6
BYLAYER
  0
ACDBPLACEHOLDER
  5
F
  102
{ACAD_REACTORS
  330
E
  102
}
  330
E
  0
SCALE
  5
B2
  102
{ACAD_REACTORS
  330
B1
  102
}
  330
B1
  100
AcDbScale
  70
0
  300
1:1
  140
1
  141
1
  290
0
  0
SCALE
  5
124
  102
{ACAD_REACTORS
  330
B1
  102
}
  330
B1
  100
AcDbScale
  70
0
  300
1:2
  140
1
  141
2
  290
0
  0
SCALE
  5
125
  102
{ACAD_REACTORS
  330
B1
  102
}
  330
B1
  100
AcDbScale
  70
0
  300
1:4
  140
1
  141
4
  290
0
  0
SCALE
  5
126
  102
{ACAD_REACTORS
  330
B1
  102
}
  330
B1
  100
AcDbScale
  70
0
  300
1:5
  140
1
  141
5
  290
0
  0
SCALE
  5
127
  102
{ACAD_REACTORS
  330
B1
  102
}
  330
B1
  100
AcDbScale
  70
0
  300
1:8
  140
1
  141
8
  290
0
  0
SCALE
  5
128
  102
{ACAD_REACTORS
  330
B1
  102
}
  330
B1
  100
AcDbScale
  70
0
  300
1:10
  140
1
  141
10
  290
0
  0
SCALE
  5
129
  102
{ACAD_REACTORS
  330
B1
  102
}
  330
B1
  100
AcDbScale
  70
0
  300
1:16
  140
1
  141
16
  290
0
  0
SCALE
  5
12A
  102
{ACAD_REACTORS
  330
B1
  102
}
  330
B1
  100
AcDbScale
  70
0
  300
1:20
  140
1
  141
20
  290
0
  0
SCALE
  5
12B
  102
{ACAD_REACTORS
  330
B1
  102
}
  330
B1
  100
AcDbScale
  70
0
  300
1:30
  140
1
  141
30
  290
0
  0
SCALE
  5
12C
  102
{ACAD_REACTORS
  330
B1
  102
}
  330
B1
  100
AcDbScale
  70
0
  300
1:40
  140
1
  141
40
  290
0
  0
SCALE
  5
12D
  102
{ACAD_REACTORS
  330
B1
  102
}
  330
B1
  100
AcDbScale
  70
0
  300
1:50
  140
1
  141
50
  290
0
  0
SCALE
  5
12E
  102
{ACAD_REACTORS
  330
B1
  102
}
  330
B1
  100
AcDbScale
  70
0
  300
1:100
  140
1
  141
100
  290
0
  0
SCALE
  5
12F
  102
{ACAD_REACTORS
  330
B1
  102
}
  330
B1
  100
AcDbScale
  70
0
  300
2:1
  140
2
  141
1
  290
0
  0
SCALE
  5
130
  102
{ACAD_REACTORS
  330
B1
  102
}
  330
B1
  100
AcDbScale
  70
0
  300
4:1
  140
4
  141
1
  290
0
  0
SCALE
  5
131
  102
{ACAD_REACTORS
  330
B1
  102
}
  330
B1
  100
AcDbScale
  70
0
  300
8:1
  140
8
  141
1
  290
0
  0
SCALE
  5
132
  102
{ACAD_REACTORS
  330
B1
  102
}
  330
B1
  100
AcDbScale
  70
0
  300
10:1
  140
10
  141
1
  290
0
  0
SCALE
  5
133
  102
{ACAD_REACTORS
  330
B1
  102
}
  330
B1
  100
AcDbScale
  70
0
  300
100:1
  140
100
  141
1
  290
0
  0
SCALE
  5
134
  102
{ACAD_REACTORS
  330
B1
  102
}
  330
B1
  100
AcDbScale
  70
0
  300
1/128" = 1'-0"
  140
0.0078125
  141
12
  290
0
  0
SCALE
  5
135
  102
{ACAD_REACTORS
  330
B1
  102
}
  330
B1
  100
AcDbScale
  70
0
  300
1/64" = 1'-0"
  140
0.015625
  141
12
  290
0
  0
SCALE
  5
136
  102
{ACAD_REACTORS
  330
B1
  102
}
  330
B1
  100
AcDbScale
  70
0
  300
1/32" = 1'-0"
  140
0.03125
  141
12
  290
0
  0
SCALE
  5
137
  102
{ACAD_REACTORS
  330
B1
  102
}
  330
B1
  100
AcDbScale
  70
0
  300
1/16" = 1'-0"
  140
0.0625
  141
12
  290
0
  0
SCALE
  5
138
  102
{ACAD_REACTORS
  330
B1
  102
}
  330
B1
  100
AcDbScale
  70
0
  300
3/32" = 1'-0"
  140
0.09375
  141
12
  290
0
  0
SCALE
  5
139
  102
{ACAD_REACTORS
  330
B1
  102
}
  330
B1
  100
AcDbScale
  70
0
  300
1/8" = 1'-0"
  140
0.125
  141
12
  290
0
  0
SCALE
  5
13A
  102
{ACAD_REACTORS
  330
B1
  102
}
  330
B1
  100
AcDbScale
  70
0
  300
3/16" = 1'-0"
  140
0.1875
  141
12
  290
0
  0
SCALE
  5
13B
  102
{ACAD_REACTORS
  330
B1
  102
}
  330
B1
  100
AcDbScale
  70
0
  300
1/4" = 1'-0"
  140
0.25
  141
12
  290
0
  0
SCALE
  5
13C
  102
{ACAD_REACTORS
  330
B1
  102
}
  330
B1
  100
AcDbScale
  70
0
  300
3/8" = 1'-0"
  140
0.375
  141
12
  290
0
  0
SCALE
  5
13D
  102
{ACAD_REACTORS
  330
B1
  102
}
  330
B1
  100
AcDbScale
  70
0
  300
1/2" = 1'-0"
  140
0.5
  141
12
  290
0
  0
SCALE
  5
13E
  102
{ACAD_REACTORS
  330
B1
  102
}
  330
B1
  100
AcDbScale
  70
0
  300
3/4" = 1'-0"
  140
0.75
  141
12
  290
0
  0
SCALE
  5
13F
  102
{ACAD_REACTORS
  330
B1
  102
}
  330
B1
  100
AcDbScale
  70
0
  300
1" = 1'-0"
  140
1
  141
12
  290
0
  0
SCALE
  5
140
  102
{ACAD_REACTORS
  330
B1
  102
}
  330
B1
  100
AcDbScale
  70
0
  300
1-1/2" = 1'-0"
  140
1.5
  141
12
  290
0
  0
SCALE
  5
141
  102
{ACAD_REACTORS
  330
B1
  102
}
  330
B1
  100
AcDbScale
  70
0
  300
3" = 1'-0"
  140
3
  141
12
  290
0
  0
SCALE
  5
142
  102
{ACAD_REACTORS
  330
B1
  102
}
  330
B1
  100
AcDbScale
  70
0
  300
6" = 1'-0"
  140
6
  141
12
  290
0
  0
SCALE
  5
143
  102
{ACAD_REACTORS
  330
B1
  102
}
  330
B1
  100
AcDbScale
  70
0
  300
1'-0" = 1'-0"
  140
12
  141
12
  290
0
  0
ACDBSECTIONVIEWSTYLE
  5
1A7
  102
{ACAD_XDICTIONARY
  360
33A
  102
}
  102
{ACAD_REACTORS
  330
1A5
  102
}
  330
1A5
  100
AcDbModelDocViewStyle
  70
0
  3
Imperial24
  290
0
  100
AcDbSectionViewStyle
  70
0
  71
0
  90
78
  71
1
  340
11
  62
256
  40
0.24
  340
0
  340
0
  62
256
  40
0.24
  300
I, O, Q, S, X, Z
  40
0.48
  90
3
  40
0.18
  90
1
  71
2
  340
16
  90
25
  62
256
  340
16
  90
50
  62
256
  40
0.24
  40
0
  40
0.24
  71
3
  340
11
  62
256
  40
0.24
  90
1
  40
0.75
  90
1
  300
%<\AcVar ViewType \f "%tc1">% %<\AcVar ViewSectionStartId>%-%<\AcVar ViewSectionEndId>%\PSCALE %<\AcVar ViewScale \f "%sn">%
  71
4
  62
256
  62
257
  300
ANSI31
  40
1
  90
0
  290
0
  290
0
  90
6
  40
0
  40
1.570796326794896
  40
0.2617993877991494
  40
1.308996938995747
  40
-0.2617993877991494
  40
1.832595714594046
  0
TABLESTYLE
  5
A7
  102
{ACAD_XDICTIONARY
  360
FF
  102
}
  102
{ACAD_REACTORS
  330
A6
  102
}
  330
A6
  100
AcDbTableStyle
  3
Standard
  70
0
  71
0
  40
0.06
  41
0.06
  280
0
  281
0
  7
Standard
  140
0.18
  170
2
  62
0
  63
7
  283
0
  90
512
  91
0
  1

  274
-2
  284
1
  64
0
  275
-2
  285
1
  65
0
  276
-2
  286
1
  66
0
  277
-2
  287
1
  67
0
  278
-2
  288
1
  68
0
  279
-2
  289
1
  69
0
  7
Standard
  140
0.25
  170
5
  62
0
  63
7
  283
0
  90
512
  91
0
  1

  274
-2
  284
1
  64
0
  275
-2
  285
1
  65
0
  276
-2
  286
1
  66
0
  277
-2
  287
1
  67
0
  278
-2
  288
1
  68
0
  279
-2
  289
1
  69
0
  7
Standard
  140
0.18
  170
5
  62
0
  63
7
  283
0
  90
512
  91
0
  1

  274
-2
  284
1
  64
0
  275
-2
  285
1
  65
0
  276
-2
  286
1
  66
0
  277
-2
  287
1
  67
0
  278
-2
  288
1
  68
0
  279
-2
  289
1
  69
0
  0
VISUALSTYLE
  5
9B
  102
{ACAD_XDICTIONARY
  360
314
  102
}
  102
{ACAD_REACTORS
  330
95
  102
}
  330
95
  100
AcDbVisualStyle
  2
2dWireframe
  70
4
  71
0
  72
2
  73
1
  90
0
  40
-0.6
  41
-30
  62
5
  63
7
  421
16777215
  74
1
  91
4
  64
7
  65
257
  75
1
  175
1
  42
1
  92
0
  66
257
  43
1
  76
1
  77
6
  78
2
  67
7
  79
5
  170
0
  171
0
  290
0
  174
0
  93
1
  44
0
  173
0
  291
0
  45
0
  1001
ACAD
  1000
AcDbSavedByObjectVersion
  1070
0
  0
VISUALSTYLE
  5
9A
  102
{ACAD_XDICTIONARY
  360
312
  102
}
  102
{ACAD_REACTORS
  330
95
  102
}
  330
95
  100
AcDbVisualStyle
  2
Basic
  70
7
  71
1
  72
0
  73
1
  90
0
  40
-0.6
  41
-30
  62
5
  63
7
  421
16777215
  74
0
  91
4
  64
7
  65
257
  75
1
  175
1
  42
1
  92
8
  66
7
  43
1
  76
1
  77
6
  78
2
  67
7
  79
5
  170
0
  171
0
  290
0
  174
0
  93
1
  44
0
  173
0
  291
0
  45
0
  1001
ACAD
  1000
AcDbSavedByObjectVersion
  1070
0
  0
VISUALSTYLE
  5
A1
  102
{ACAD_XDICTIONARY
  360
320
  102
}
  102
{ACAD_REACTORS
  330
95
  102
}
  330
95
  100
AcDbVisualStyle
  2
Brighten
  70
12
  71
2
  72
2
  73
1
  90
0
  40
-0.6
  41
-30
  62
5
  63
7
  421
16777215
  74
1
  91
4
  64
7
  65
257
  75
1
  175
1
  42
1
  92
8
  66
7
  43
1
  76
1
  77
6
  78
2
  67
7
  79
5
  170
0
  171
0
  290
0
  174
0
  93
1
  44
50
  173
0
  291
0
  45
0
  1001
ACAD
  1000
AcDbSavedByObjectVersion
  1070
0
  0
VISUALSTYLE
  5
A5
  102
{ACAD_XDICTIONARY
  360
328
  102
}
  102
{ACAD_REACTORS
  330
95
  102
}
  330
95
  100
AcDbVisualStyle
  2
ColorChange
  70
16
  71
2
  72
2
  73
3
  90
0
  40
-0.6
  41
-30
  62
5
  63
8
  421
8421504
  74
1
  91
4
  64
7
  65
257
  75
1
  175
1
  42
1
  92
8
  66
8
  424
8421504
  43
1
  76
1
  77
6
  78
2
  67
7
  79
5
  170
0
  171
0
  290
0
  174
0
  93
1
  44
0
  173
0
  291
0
  45
0
  1001
ACAD
  1000
AcDbSavedByObjectVersion
  1070
0
  0
VISUALSTYLE
  5
9E
  102
{ACAD_XDICTIONARY
  360
31A
  102
}
  102
{ACAD_REACTORS
  330
95
  102
}
  330
95
  100
AcDbVisualStyle
  2
Conceptual
  70
9
  71
3
  72
2
  73
1
  90
0
  40
-0.6
  41
-30
  62
5
  63
7
  421
16777215
  74
2
  91
2
  64
7
  65
257
  75
1
  175
1
  42
40
  92
8
  66
7
  43
1
  76
1
  77
6
  78
2
  67
7
  79
3
  170
0
  171
0
  290
0
  174
0
  93
1
  44
0
  173
0
  291
0
  45
0
  1001
ACAD
  1000
AcDbSavedByObjectVersion
  1070
0
  0
VISUALSTYLE
  5
A0
  102
{ACAD_XDICTIONARY
  360
31E
  102
}
  102
{ACAD_REACTORS
  330
95
  102
}
  330
95
  100
AcDbVisualStyle
  2
Dim
  70
11
  71
2
  72
2
  73
1
  90
0
  40
-0.6
  41
-30
  62
5
  63
7
  421
16777215
  74
1
  91
4
  64
7
  65
257
  75
1
  175
1
  42
1
  92
8
  66
7
  43
1
  76
1
  77
6
  78
2
  67
7
  79
5
  170
0
  171
0
  290
0
  174
0
  93
1
  44
-50
  173
0
  291
0
  45
0
  1001
ACAD
  1000
AcDbSavedByObjectVersion
  1070
0
  0
VISUALSTYLE
  5
172
  102
{ACAD_XDICTIONARY
  360
32E
  102
}
  102
{ACAD_REACTORS
  330
95
  102
}
  330
95
  100
AcDbVisualStyle
  2
EdgeColorOff
  70
22
  71
2
  72
2
  73
0
  90
0
  40
-0.6
  41
-30
  62
5
  63
7
  421
16777215
  74
1
  91
4
  64
7
  65
257
  75
1
  175
1
  42
1
  92
8
  66
7
  43
1
  76
1
  77
6
  78
2
  67
7
  79
5
  170
0
  171
0
  290
0
  174
0
  93
1
  44
0
  173
0
  291
0
  45
0
  1001
ACAD
  1000
AcDbSavedByObjectVersion
  1070
0
  0
VISUALSTYLE
  5
A4
  102
{ACAD_XDICTIONARY
  360
326
  102
}
  102
{ACAD_REACTORS
  330
95
  102
}
  330
95
  100
AcDbVisualStyle
  2
Facepattern
  70
15
  71
2
  72
2
  73
1
  90
0
  40
-0.6
  41
-30
  62
5
  63
7
  421
16777215
  74
1
  91
4
  64
7
  65
257
  75
1
  175
1
  42
1
  92
8
  66
7
  43
1
  76
1
  77
6
  78
2
  67
7
  79
5
  170
0
  171
0
  290
0
  174
0
  93
1
  44
0
  173
0
  291
0
  45
0
  1001
ACAD
  1000
AcDbSavedByObjectVersion
  1070
0
  0
VISUALSTYLE
  5
96
  102
{ACAD_XDICTIONARY
  360
30A
  102
}
  102
{ACAD_REACTORS
  330
95
  102
}
  330
95
  100
AcDbVisualStyle
  2
Flat
  70
0
  71
2
  72
1
  73
1
  90
2
  40
-0.6
  41
30
  62
5
  63
7
  421
16777215
  74
0
  91
0
  64
7
  65
257
  75
1
  175
1
  42
1
  92
8
  66
7
  43
1
  76
1
  77
6
  78
2
  67
7
  79
5
  170
0
  171
0
  290
0
  174
0
  93
13
  44
0
  173
0
  291
0
  45
0
  1001
ACAD
  1000
AcDbSavedByObjectVersion
  1070
0
  0
VISUALSTYLE
  5
97
  102
{ACAD_XDICTIONARY
  360
30C
  102
}
  102
{ACAD_REACTORS
  330
95
  102
}
  330
95
  100
AcDbVisualStyle
  2
FlatWithEdges
  70
1
  71
2
  72
1
  73
1
  90
2
  40
-0.6
  41
30
  62
5
  63
7
  421
16777215
  74
1
  91
0
  64
7
  65
257
  75
1
  175
1
  42
1
  92
0
  66
257
  43
1
  76
1
  77
6
  78
2
  67
7
  79
5
  170
0
  171
0
  290
0
  174
0
  93
13
  44
0
  173
0
  291
0
  45
0
  1001
ACAD
  1000
AcDbSavedByObjectVersion
  1070
0
  0
VISUALSTYLE
  5
98
  102
{ACAD_XDICTIONARY
  360
30E
  102
}
  102
{ACAD_REACTORS
  330
95
  102
}
  330
95
  100
AcDbVisualStyle
  2
Gouraud
  70
2
  71
2
  72
2
  73
1
  90
2
  40
-0.6
  41
30
  62
5
  63
7
  421
16777215
  74
0
  91
0
  64
7
  65
257
  75
1
  175
1
  42
1
  92
0
  66
7
  43
1
  76
1
  77
6
  78
2
  67
7
  79
5
  170
0
  171
0
  290
0
  174
0
  93
13
  44
0
  173
0
  291
0
  45
0
  1001
ACAD
  1000
AcDbSavedByObjectVersion
  1070
0
  0
VISUALSTYLE
  5
99
  102
{ACAD_XDICTIONARY
  360
310
  102
}
  102
{ACAD_REACTORS
  330
95
  102
}
  330
95
  100
AcDbVisualStyle
  2
GouraudWithEdges
  70
3
  71
2
  72
2
  73
1
  90
2
  40
-0.6
  41
30
  62
5
  63
7
  421
16777215
  74
1
  91
0
  64
7
  65
257
  75
1
  175
1
  42
1
  92
0
  66
257
  43
1
  76
1
  77
6
  78
2
  67
7
  79
5
  170
0
  171
0
  290
0
  174
0
  93
13
  44
0
  173
0
  291
0
  45
0
  1001
ACAD
  1000
AcDbSavedByObjectVersion
  1070
0
  0
VISUALSTYLE
  5
9D
  102
{ACAD_XDICTIONARY
  360
318
  102
}
  102
{ACAD_REACTORS
  330
95
  102
}
  330
95
  100
AcDbVisualStyle
  2
Hidden
  70
6
  71
1
  72
2
  73
2
  90
0
  40
-0.6
  41
-30
  62
5
  63
7
  421
16777215
  74
2
  91
2
  64
7
  65
257
  75
2
  175
1
  42
40
  92
0
  66
257
  43
1
  76
1
  77
6
  78
2
  67
7
  79
3
  170
0
  171
0
  290
0
  174
0
  93
1
  44
0
  173
0
  291
0
  45
0
  1001
ACAD
  1000
AcDbSavedByObjectVersion
  1070
0
  0
VISUALSTYLE
  5
170
  102
{ACAD_XDICTIONARY
  360
32A
  102
}
  102
{ACAD_REACTORS
  330
95
  102
}
  330
95
  100
AcDbVisualStyle
  2
JitterOff
  70
20
  71
2
  72
2
  73
0
  90
0
  40
-0.6
  41
-30
  62
5
  63
7
  421
16777215
  74
1
  91
4
  64
7
  65
257
  75
1
  175
1
  42
1
  92
10
  66
7
  43
1
  76
1
  77
6
  78
2
  67
7
  79
5
  170
0
  171
0
  290
0
  174
0
  93
1
  44
0
  173
0
  291
0
  45
0
  1001
ACAD
  1000
AcDbSavedByObjectVersion
  1070
0
  0
VISUALSTYLE
  5
A3
  102
{ACAD_XDICTIONARY
  360
324
  102
}
  102
{ACAD_REACTORS
  330
95
  102
}
  330
95
  100
AcDbVisualStyle
  2
Linepattern
  70
14
  71
2
  72
2
  73
1
  90
0
  40
-0.6
  41
-30
  62
5
  63
7
  421
16777215
  74
1
  91
4
  64
7
  65
257
  75
7
  175
7
  42
1
  92
8
  66
7
  43
1
  76
1
  77
6
  78
2
  67
7
  79
5
  170
0
  171
0
  290
0
  174
0
  93
1
  44
0
  173
0
  291
0
  45
0
  1001
ACAD
  1000
AcDbSavedByObjectVersion
  1070
0
  0
VISUALSTYLE
  5
171
  102
{ACAD_XDICTIONARY
  360
32C
  102
}
  102
{ACAD_REACTORS
  330
95
  102
}
  330
95
  100
AcDbVisualStyle
  2
OverhangOff
  70
21
  71
2
  72
2
  73
0
  90
0
  40
-0.6
  41
-30
  62
5
  63
7
  421
16777215
  74
1
  91
4
  64
7
  65
257
  75
1
  175
1
  42
1
  92
9
  66
7
  43
1
  76
1
  77
6
  78
2
  67
7
  79
5
  170
0
  171
0
  290
0
  174
0
  93
1
  44
0
  173
0
  291
0
  45
0
  1001
ACAD
  1000
AcDbSavedByObjectVersion
  1070
0
  0
VISUALSTYLE
  5
9F
  102
{ACAD_XDICTIONARY
  360
31C
  102
}
  102
{ACAD_REACTORS
  330
95
  102
}
  330
95
  100
AcDbVisualStyle
  2
Realistic
  70
8
  71
2
  72
3
  73
0
  90
2
  40
-0.6
  41
30
  62
5
  63
7
  421
16777215
  74
0
  91
0
  64
7
  65
257
  75
1
  175
1
  42
1
  92
8
  66
257
  43
1
  76
1
  77
6
  78
2
  67
7
  79
3
  170
0
  171
0
  290
0
  174
0
  93
13
  44
0
  173
0
  291
0
  45
0
  1001
ACAD
  1000
AcDbSavedByObjectVersion
  1070
0
  0
VISUALSTYLE
  5
17F
  102
{ACAD_XDICTIONARY
  360
338
  102
}
  102
{ACAD_REACTORS
  330
95
  102
}
  330
95
  100
AcDbVisualStyle
  2
Shaded
  70
27
  71
2
  72
2
  73
1
  90
2
  40
-0.6
  41
30
  62
5
  63
7
  421
16777215
  74
0
  91
4
  64
7
  65
257
  75
1
  175
1
  42
1
  92
8
  66
257
  43
1
  76
1
  77
6
  78
2
  67
8
  425
7895160
  79
3
  170
0
  171
0
  290
0
  174
0
  93
5
  44
0
  173
0
  291
0
  45
0
  1001
ACAD
  1000
AcDbSavedByObjectVersion
  1070
0
  0
VISUALSTYLE
  5
17E
  102
{ACAD_XDICTIONARY
  360
336
  102
}
  102
{ACAD_REACTORS
  330
95
  102
}
  330
95
  100
AcDbVisualStyle
  2
Shaded with edges
  70
26
  71
2
  72
2
  73
1
  90
2
  40
-0.6
  41
30
  62
5
  63
7
  421
16777215
  74
1
  91
2
  64
7
  65
257
  75
2
  175
1
  42
1
  92
8
  66
257
  43
1
  76
1
  77
6
  78
2
  67
7
  79
3
  170
0
  171
0
  290
0
  174
0
  93
5
  44
0
  173
0
  291
0
  45
0
  1001
ACAD
  1000
AcDbSavedByObjectVersion
  1070
0
  0
VISUALSTYLE
  5
17B
  102
{ACAD_XDICTIONARY
  360
330
  102
}
  102
{ACAD_REACTORS
  330
95
  102
}
  330
95
  100
AcDbVisualStyle
  2
Shades of Gray
  70
23
  71
2
  72
2
  73
3
  90
0
  40
-0.6
  41
-30
  62
5
  63
7
  421
16777215
  74
2
  91
2
  64
7
  65
7
  75
1
  175
1
  42
40
  92
8
  66
7
  43
1
  76
1
  77
6
  78
2
  67
7
  79
3
  170
0
  171
0
  290
0
  174
0
  93
1
  44
0
  173
0
  291
0
  45
0
  1001
ACAD
  1000
AcDbSavedByObjectVersion
  1070
0
  0
VISUALSTYLE
  5
17C
  102
{ACAD_XDICTIONARY
  360
332
  102
}
  102
{ACAD_REACTORS
  330
95
  102
}
  330
95
  100
AcDbVisualStyle
  2
Sketchy
  70
24
  71
1
  72
2
  73
2
  90
0
  40
-0.6
  41
-30
  62
5
  63
7
  421
16777215
  74
2
  91
2
  64
7
  65
7
  75
1
  175
1
  42
40
  92
11
  66
7
  43
1
  76
1
  77
6
  78
2
  67
7
  79
6
  170
0
  171
0
  290
0
  174
0
  93
1
  44
0
  173
0
  291
0
  45
0
  1001
ACAD
  1000
AcDbSavedByObjectVersion
  1070
0
  0
VISUALSTYLE
  5
A2
  102
{ACAD_XDICTIONARY
  360
322
  102
}
  102
{ACAD_REACTORS
  330
95
  102
}
  330
95
  100
AcDbVisualStyle
  2
Thicken
  70
13
  71
2
  72
2
  73
1
  90
0
  40
-0.6
  41
-30
  62
5
  63
7
  421
16777215
  74
1
  91
4
  64
7
  65
257
  75
1
  175
1
  42
1
  92
12
  66
7
  43
1
  76
1
  77
6
  78
2
  67
7
  79
5
  170
0
  171
0
  290
0
  174
0
  93
1
  44
0
  173
0
  291
0
  45
0
  1001
ACAD
  1000
AcDbSavedByObjectVersion
  1070
0
  0
VISUALSTYLE
  5
9C
  102
{ACAD_XDICTIONARY
  360
316
  102
}
  102
{ACAD_REACTORS
  330
95
  102
}
  330
95
  100
AcDbVisualStyle
  2
Wireframe
  70
5
  71
0
  72
2
  73
0
  90
0
  40
-0.6
  41
-30
  62
5
  63
7
  421
16777215
  74
1
  91
4
  64
7
  65
257
  75
1
  175
1
  42
1
  92
0
  66
257
  43
1
  76
1
  77
6
  78
2
  67
7
  79
3
  170
0
  171
0
  290
0
  174
0
  93
1
  44
0
  173
0
  291
0
  45
0
  1001
ACAD
  1000
AcDbSavedByObjectVersion
  1070
0
  0
VISUALSTYLE
  5
17D
  102
{ACAD_XDICTIONARY
  360
334
  102
}
  102
{ACAD_REACTORS
  330
95
  102
}
  330
95
  100
AcDbVisualStyle
  2
X-Ray
  70
25
  71
2
  72
2
  73
1
  90
1
  40
0.5
  41
-30
  62
5
  63
7
  421
16777215
  74
1
  91
0
  64
7
  65
257
  75
1
  175
1
  42
1
  92
8
  66
7
  43
1
  76
1
  77
6
  78
2
  67
7
  79
3
  170
0
  171
0
  290
0
  174
0
  93
13
  44
0
  173
0
  291
0
  45
0
  1001
ACAD
  1000
AcDbSavedByObjectVersion
  1070
0
  0
DICTIONARYVAR
  5
227
  102
{ACAD_REACTORS
  330
59
  102
}
  330
59
  100
DictionaryVariables
  280
0
  1
60.000000
  0
DICTIONARYVAR
  5
EB
  102
{ACAD_REACTORS
  330
59
  102
}
  330
59
  100
DictionaryVariables
  280
0
  1
1:1
  0
DICTIONARYVAR
  5
EA
  102
{ACAD_REACTORS
  330
59
  102
}
  330
59
  100
DictionaryVariables
  280
0
  1
STANDARD
  0
DICTIONARYVAR
  5
AB
  102
{ACAD_REACTORS
  330
59
  102
}
  330
59
  100
DictionaryVariables
  280
0
  1
STANDARD
  0
DICTIONARYVAR
  5
1B4
  102
{ACAD_REACTORS
  330
59
  102
}
  330
59
  100
DictionaryVariables
  280
0
  1
Imperial24
  0
DICTIONARYVAR
  5
1B5
  102
{ACAD_REACTORS
  330
59
  102
}
  330
59
  100
DictionaryVariables
  280
0
  1
Imperial24
  0
DICTIONARYVAR
  5
5A
  102
{ACAD_REACTORS
  330
59
  102
}
  330
59
  100
DictionaryVariables
  280
0
  1
2
  0
DICTIONARYVAR
  5
5E
  102
{ACAD_REACTORS
  330
59
  102
}
  330
59
  100
DictionaryVariables
  280
0
  1
1
  0
DICTIONARYVAR
  5
226
  102
{ACAD_REACTORS
  330
59
  102
}
  330
59
  100
DictionaryVariables
  280
0
  1
0
  0
DICTIONARYVAR
  5
14A
  102
{ACAD_REACTORS
  330
59
  102
}
  330
59
  100
DictionaryVariables
  280
0
  1
0
  0
DICTIONARYVAR
  5
14B
  102
{ACAD_REACTORS
  330
59
  102
}
  330
59
  100
DictionaryVariables
  280
0
  1
0
  0
DICTIONARYVAR
  5
224
  102
{ACAD_REACTORS
  330
59
  102
}
  330
59
  100
DictionaryVariables
  280
0
  1
2
  0
DICTIONARYVAR
  5
223
  102
{ACAD_REACTORS
  330
59
  102
}
  330
59
  100
DictionaryVariables
  280
0
  1
1
  0
DICTIONARYVAR
  5
225
  102
{ACAD_REACTORS
  330
59
  102
}
  330
59
  100
DictionaryVariables
  280
0
  1
127
  0
DICTIONARYVAR
  5
228
  102
{ACAD_REACTORS
  330
59
  102
}
  330
59
  100
DictionaryVariables
  280
0
  1
2
  0
DICTIONARY
  5
309
  102
{ACAD_REACTORS
  330
307
  102
}
  330
307
  100
AcDbDictionary
  281
1
  0
DICTIONARY
  5
308
  102
{ACAD_REACTORS
  330
307
  102
}
  330
307
  100
AcDbDictionary
  281
1
  3
1654967913120
  350
302
  3
1654967913136
  350
303
  3
1654967913152
  350
304
  3
1654967913168
  350
305
  3
1654967913184
  350
306
  0
DICTIONARY
  5
33C
  330
1A9
  100
AcDbDictionary
  280
1
  281
1
  3
ACAD_XREC_ROUNDTRIP
  360
33D
  0
DICTIONARY
  5
191
  330
22
  100
AcDbDictionary
  280
1
  281
1
  0
DICTIONARY
  5
185
  330
93
  100
AcDbDictionary
  280
1
  281
1
  3
FBXASSET
  360
186
  0
DICTIONARY
  5
183
  330
92
  100
AcDbDictionary
  280
1
  281
1
  3
FBXASSET
  360
184
  0
DICTIONARY
  5
10B
  330
94
  100
AcDbDictionary
  280
1
  281
1
  3
BUMPTILE
  360
10D
  3
DIFFUSETILE
  360
10C
  3
FBXASSET
  360
187
  3
OPACITYTILE
  360
10E
  3
REFLECTIONTILE
  360
10F
  0
DICTIONARY
  5
33A
  330
1A7
  100
AcDbDictionary
  280
1
  281
1
  3
ACAD_XREC_ROUNDTRIP
  360
33B
  0
DICTIONARY
  5
FF
  330
A7
  100
AcDbDictionary
  280
1
  281
1
  3
ACAD_ROUNDTRIP_2008_TABLESTYLE_CELLSTYLEMAP
  360
300
  0
DICTIONARY
  5
314
  330
9B
  100
AcDbDictionary
  280
1
  281
1
  3
ACAD_XREC_ROUNDTRIP
  360
315
  0
DICTIONARY
  5
312
  330
9A
  100
AcDbDictionary
  280
1
  281
1
  3
ACAD_XREC_ROUNDTRIP
  360
313
  0
DICTIONARY
  5
320
  330
A1
  100
AcDbDictionary
  280
1
  281
1
  3
ACAD_XREC_ROUNDTRIP
  360
321
  0
DICTIONARY
  5
328
  330
A5
  100
AcDbDictionary
  280
1
  281
1
  3
ACAD_XREC_ROUNDTRIP
  360
329
  0
DICTIONARY
  5
31A
  330
9E
  100
AcDbDictionary
  280
1
  281
1
  3
ACAD_XREC_ROUNDTRIP
  360
31B
  0
DICTIONARY
  5
31E
  330
A0
  100
AcDbDictionary
  280
1
  281
1
  3
ACAD_XREC_ROUNDTRIP
  360
31F
  0
DICTIONARY
  5
32E
  330
172
  100
AcDbDictionary
  280
1
  281
1
  3
ACAD_XREC_ROUNDTRIP
  360
32F
  0
DICTIONARY
  5
326
  330
A4
  100
AcDbDictionary
  280
1
  281
1
  3
ACAD_XREC_ROUNDTRIP
  360
327
  0
DICTIONARY
  5
30A
  330
96
  100
AcDbDictionary
  280
1
  281
1
  3
ACAD_XREC_ROUNDTRIP
  360
30B
  0
DICTIONARY
  5
30C
  330
97
  100
AcDbDictionary
  280
1
  281
1
  3
ACAD_XREC_ROUNDTRIP
  360
30D
  0
DICTIONARY
  5
30E
  330
98
  100
AcDbDictionary
  280
1
  281
1
  3
ACAD_XREC_ROUNDTRIP
  360
30F
  0
DICTIONARY
  5
310
  330
99
  100
AcDbDictionary
  280
1
  281
1
  3
ACAD_XREC_ROUNDTRIP
  360
311
  0
DICTIONARY
  5
318
  330
9D
  100
AcDbDictionary
  280
1
  281
1
  3
ACAD_XREC_ROUNDTRIP
  360
319
  0
DICTIONARY
  5
32A
  330
170
  100
AcDbDictionary
  280
1
  281
1
  3
ACAD_XREC_ROUNDTRIP
  360
32B
  0
DICTIONARY
  5
324
  330
A3
  100
AcDbDictionary
  280
1
  281
1
  3
ACAD_XREC_ROUNDTRIP
  360
325
  0
DICTIONARY
  5
32C
  330
171
  100
AcDbDictionary
  280
1
  281
1
  3
ACAD_XREC_ROUNDTRIP
  360
32D
  0
DICTIONARY
  5
31C
  330
9F
  100
AcDbDictionary
  280
1
  281
1
  3
ACAD_XREC_ROUNDTRIP
  360
31D
  0
DICTIONARY
  5
338
  330
17F
  100
AcDbDictionary
  280
1
  281
1
  3
ACAD_XREC_ROUNDTRIP
  360
339
  0
DICTIONARY
  5
336
  330
17E
  100
AcDbDictionary
  280
1
  281
1
  3
ACAD_XREC_ROUNDTRIP
  360
337
  0
DICTIONARY
  5
330
  330
17B
  100
AcDbDictionary
  280
1
  281
1
  3
ACAD_XREC_ROUNDTRIP
  360
331
  0
DICTIONARY
  5
332
  330
17C
  100
AcDbDictionary
  280
1
  281
1
  3
ACAD_XREC_ROUNDTRIP
  360
333
  0
DICTIONARY
  5
322
  330
A2
  100
AcDbDictionary
  280
1
  281
1
  3
ACAD_XREC_ROUNDTRIP
  360
323
  0
DICTIONARY
  5
316
  330
9C
  100
AcDbDictionary
  280
1
  281
1
  3
ACAD_XREC_ROUNDTRIP
  360
317
  0
DICTIONARY
  5
334
  330
17D
  100
AcDbDictionary
  280
1
  281
1
  3
ACAD_XREC_ROUNDTRIP
  360
335
  0
XRECORD
  5
302
  102
{ACAD_REACTORS
  330
308
  102
}
  330
308
  100
AcDbXrecord
  280
1
  1
AcDb_Thumbnail_Schema
  102
{ATTRRECORD
  341
303
  2
AcDbDs::TreatedAsObjectData
  280
1
  291
0
  102
ATTRRECORD}
  102
{ATTRRECORD
  341
304
  2
AcDbDs::Legacy
  280
1
  291
0
  102
ATTRRECORD}
  2
AcDbDs::ID
  280
10
  91
8
  102
{ATTRRECORD
  341
305
  2
AcDs:Indexable
  280
1
  291
0
  102
ATTRRECORD}
  102
{ATTRRECORD
  341
306
  2
AcDbDs::HandleAttribute
  280
7
  282
1
  102
ATTRRECORD}
  2
Thumbnail_Data
  280
15
  91
0
  0
XRECORD
  5
303
  102
{ACAD_REACTORS
  330
308
  102
}
  330
308
  100
AcDbXrecord
  280
1
  1
AcDbDs::TreatedAsObjectDataSchema
  2
AcDbDs::TreatedAsObjectData
  280
1
  91
0
  0
XRECORD
  5
304
  102
{ACAD_REACTORS
  330
308
  102
}
  330
308
  100
AcDbXrecord
  280
1
  1
AcDbDs::LegacySchema
  2
AcDbDs::Legacy
  280
1
  91
0
  0
XRECORD
  5
305
  102
{ACAD_REACTORS
  330
308
  102
}
  330
308
  100
AcDbXrecord
  280
1
  1
AcDbDs::IndexedPropertySchema
  2
AcDs:Indexable
  280
1
  91
0
  0
XRECORD
  5
306
  102
{ACAD_REACTORS
  330
308
  102
}
  330
308
  100
AcDbXrecord
  280
1
  1
AcDbDs::HandleAttributeSchema
  2
AcDbDs::HandleAttribute
  280
7
  91
1
  284
1
  0
XRECORD
  5
33D
  102
{ACAD_REACTORS
  330
33C
  102
}
  330
33C
  100
AcDbXrecord
  280
1
  102
DISPLAYNAME
  1
Imperial24
  102
FLAGS
  90
0
  0
XRECORD
  5
186
  102
{ACAD_REACTORS
  330
185
  102
}
  330
185
  100
AcDbXrecord
  280
1
  70
1
  90
429727718
  1
7581DE8E-A623-425F-9BF4-B3F4BE6C4F9A
  310
504B03040A0000080000AC70623B3DEE336E79000000790000001B0000006175746F6465736B2D64657369676E2D7061636B6167652E786D6C3C3F786D6C2076657273696F6E3D22312E302220656E636F64696E673D227574662D3822203F3E3C666F726D6174733E3C666F726D61743E687474703A2F2F736368656D612E
  310
6175746F6465736B2E636F6D2F64657369676E2D7061636B6167652F323030393C2F666F726D61743E3C2F666F726D6174733E504B0304140006080800AC70623BD486FD9CA0000000F4000000130000005B436F6E74656E745F54797065735D2E786D6C7D8EC10E82300C865F65E91D8A1E8C310C0EEA1BF002731658846E
  310
D98AC1B77784ABF1D8FE5FBFBF75BBCE937A534CCEB38643598122B6FEE978D0B0485F9C41B54DDD7D022595594E1A469170414C76A4D9A4D207E29CF43ECE46F218070CC6BECC4078ACAA135ACF422C856C0E68EA1BF5669944DDD7BCDE7B1F8E415D77AECB980613C2E4AC91FC167A2B244592486606FC29C8FD7F045B9A
  310
EF7053A7E60B504B0304140006080800AC70623B9A2F3B5FEC0000007C01000008000000636F72652E786D6C8D90416E83301045AF62CDB632D8040820E328B4E204BD80653BC44AB011B6AB1EBF262152BBEB6A467FFE9B197D76FA9EEFE84BAFDE38DB03CD08206DA553C64E3DC470C10DA01367AB73E1970D9015B3EE61
  310
9381B3697571D925E96CD03624D53AA5775178AF0320794F4D0F5E5EF52C32114372F85BB608791393CEE8AB4B708C46A1E711A3D23E73317A055E0D4D53D6C71A9FC7A1C6657D18703354232ECFED4731B6B43CBED72CDF60CE82995FF7E5AA45D00A7841488B29C5A4F8A46547AAAEA8DE48D311C2F2CDFE078A8BFA2714
  310
8D0D87627FF78979E0343DF21870966F59A4F2082AD52D37FE03504B0304140006080800AC70623B55019EA25F0000007C00000007000000636E782E786D6C4DCB3B0E80201045D1AD90E915ED2CF8AC45050C11660C8261F98AB1B07AC9C97D42D718D865D3E909258CFD00CCE24AC6E326A164D74DC0B4128928FF326038
  310
472BA13128B1252AC747C6BAB984FC68F0B87FE8960A5C09FE86CFB69FBA01504B0304140006080800AC70623B6E137E0172010000D40300000C0000006662782F636F72652E786D6CC5535B6E833010BC8AE5DF0A6C0810121947A1554ED00B38E05014B091B1518EDFE511A5A9D22AFD2A1F60CDEC7A67C698ED2E6D8306
  310
69FA5AAB0C073EC548AA4297B5AA32ECECC94B31DA7166B4B65FCA3052A295191E61CC5965B4EB16A8D0CA4A650155BA940B28FA5E5A8C8A061619EE8B0FD90A5F380B15FDD9EF44711695F4031F68A8E3ACB70604A079C8F8C6FC74BC3032E39C3957970B5B9730AD3ED5D2601EE7691A25EBC4DB1FF2C48B9255EEA5797C
  310
F0A2FDE62D3C6C8268FD9A3032367366EBF6AAAE30525859621E52BAF182C0A3E17B106D69BC0DE3179A6E2965642CBF6B725DF96493AB955D858BDCB9ADC73C002113F1CD2D4464512F06D04338236388F09912BE0F1A028190AD3836571F67800659586D22604AED6ED4201A27612AF5E9F4A09F178CCC9D3075DA1C5C3F
  310
9C113E3DE3F71DE1A885AAC084B0B03C3A3BEA64B38625B44E1A6FB017A4B46945F39C8D5F1CFE89BA897F28A9D08D36FFA5882C074496DF838CF7917F02504B0304140006080800AC70623BE001BAC07D0000009D0000000B0000006662782F636E782E786D6C4DCCD10AC2201886E15B91FFDCA6536B037548D87D8CE686
  310
E4344CA3CB6F8B1D74F4C1C3C72B87CF1AD0DBE5974F51013D11402EDED3E4E3A2A096197780062D734AE5EF06288EAB53B03368B9E4549F074D6E1E6B289B061F1F07124689687987B9601C7373BD60C36E065B6A6DDF7341A93843A365F32B6DBB87F517504B0304140006080800AC70623B8E5068122901000012020000
  310
310000006662782F30333130353234382D343533342D344143372D413346412D4531454539393435313135362F636F72652E786D6C8D515B6EC32010BC0AE22B55850D364E93081345557A825E801892A2C460F1A872FC2EB523B57FF961D1EECCECECAED8DFC71BFA36215AEF7ACC2A8A917183D7D65D7A9CD3996C30DA4B
  310
11BC4F7F601839359A1E973496E2127C9E96D4E05D322E41D6796D96A48AD1248C861B7C7A1C872F33AA4AE5048878AD26355CD5C554AC8232E0A4882980013437292F96B465B46BF886F0AEE5841FDEDFC8A1FD3890233B1EB75BDE31D6AD453D13A5C8D9EA856E35D8B1676BC2B322852C45B2E3C3FE108C4A4663D950BA
  310
258C11DA7C32BEA3DDAEE95EE96647A9A80BFC1F294FFA4952B62EB5CD6277A6452C99A8E78214DAE7D3ED61C6DC271F122AFD56D10C2F305545CB6A60FC1908E383E29A2F8A31F900EB5D5D4F8065DD2CBBE652D4E542107ECF07B15C53FE00504B0304140006080800AC70623B503B51794E010000330300003000000066
  310
62782F30333130353234382D343533342D344143372D413346412D4531454539393435313135362F636E782E786D6CD593C16EC32010447F0571AD6CE3D489D20813A9877E410FBD62D82434182CC055F3F75D1292E692438FBD206B7698593D61BEFD1E2DF982108D773D6D6B460938E5B571FB9ECE6957AD29D90A1EBC4F
  310
77364A9C1CA1A759A682EF839FA72269D8C9D92654AD71C72206887E0E0A22CAF926B15E498B01E0AA19451807D01A34B919F16B070157417138917400F2F6FA41FCF0092A45DEE414C19BDC21783E4BD39D891265658C3D8DEA00A3ACE59CBC8678ACB54CB26EEB6BD7839D7E9348BE70AD9C8321B9BCA7F9A4A26C542347
  310
DEE050F09802D22BA6749A800A394DD62899107273365E3C82CFC6A55557BC06C10774B7ABE7AEC3B0F34CF06446280E154026D0542C187BA9DAB6628BF7B6DBB0E566B17C62EB0D63BCC976C107EF6DB9843110FC449477095CA2A2E54D1E3FC2577C449B80AC7D38FD01240228AD173AB78CFFCCA739BF6FC415F02F103F
  310
504B0304140006080800AC70623B38FA165F680500003C100000340000006662782F30333130353234382D343533342D344143372D413346412D4531454539393435313135362F6F626A656374732E786D6CAD575D6FA33814FD2B887D0E8424EDB42BCAA8499A2A1A756634D18CF6A15264C0A16CC146B6E9A4FBEBF7180C
  310
019276B21F7908D8D8F7F3DCE36BFFE33ECFAC172A64CAD98DED3963DBA22CE271CA921BBB54BBD1956D7D0C7CC1B9EA2CB32D46727A63EB693BF013C1CBC24CC57447CA4C0D6657F33F2C1951466D2BCA889437B68C9E684E1C522A1E53F9ECC4441127D9ED1DCFA917F6C52682144F03A105119429588A790629566D94D7
  310
1F8E6D37F05DFD3DF0F5BF59357D7B955BF9D3D79F32A9088B8E940DC44CBDD9F26E72713DBA98CDA6A3D9E5C41BCD57F3E5C8FB301D2F2E178BEBDBBB6B28964A4092B144D09D1DDC2336228D7CB7FED45A6C0C3F6552C419A351E53F3CAC6C3612635A5016238F2995D0D6F17ADC1F7A3A369DCF533D362ABBD3E779D5DD
  310
D111D4D8DE3CBB96F2F04FB820CF41859054A3AA8E8F71B4C6DFF810B590F3CC7C4BA5951345454A322B4B4341C4AB1D60A95E12F83D311A9D42235C7B6007DE415ED75694C6AFB17BCACA5D99651A9A7650217B0BFC53252BCBD2BFA838AD0D36215765CAD4957148BD16D40EAE7DB79A0C7CFD984ECCC73A90D62E230952
  310
0E37EBAF034717BAF6D64B3BF8B40AF71B5D8FA79517821754280D1F40AB495CF3D451326ABDB332A737C0995ECC0F41F986C87F46F91E4C41DE44BA9FED67468B1284C91D173972E38CAB9F356E5E46EDDBF10BF86CB0FA784D3BF3AF16FB6E6B6C9F30DECA1FC0A55373F5DFF3D78F5917A99DF405FE0B0A8C8BA909E526
  310
2219A8E72165488806A595714C81CB77E1DE0ED6604A303B76912C680372F4E2BB2FF88EFF5A36D8AA52DF79322474C0B767303F625995056C7B032C473C592936CEBD15F38BFFA5666E979B4F9B52EC48441F0CB12CE92E65A9C2D979006FD7A05E227A1E3DD3D79F5CC470F438099B6E1272A34A22DA3AE63AF0497358E8
  310
C141734F41847D09D79CE7FF42C3432A239A6584515E365ADA634863B52519D327A00AEB804E2703140BFA92EA4EA2B7A26716CEFA48A4850E597BE8B53CEDBCE1CBF7F56780D20EE6AF73A0F5F9B02A3CD07DC4332EB6E1EBB666421BE0C39E3EBA7FF4E16D22EA6A29407C85E586724C88B771BADB9512BC7B228A3FD68B
  310
6EA65A22397E690AA8D158D7E40CEC8CDA23C2C0B7D1898640101CEC9C6D531CE328CB93CABBBA870A6425F70DF96199175B92F392A973C2346EFC69AC6F8577BB18F993A8E8C90E36D573340765C7343EA4AA87027D049DF0A9979E0F1757DEF2EEEA6E747B39412B35B9588DAEE7ABD9683E5DCDE677978BD9EAFAB6B5A8
  310
B224F09B13AA5B8388264E44BF14A909F3F7F5A16CEDE08128E9DED705E526F5F3FBDA415BECBBD80380B71BD77991D19C3245347C1FF44BF68DA0ABE8C9A8E7D73949E81952BEDC6F063660E68C7D5F75A9D19F83BD6676A16BE1A410F554E621236936D8681C770A9618B79B50B6CF9AD19BA11E9978A20F953C4B63104E
  310
6C2594E7548176CE607B915309C474BBF2D8DC1ECED8FD52F7838A84196D2C79226889330954036E65A4FAF3D66F68E174177563E3B0739EF1670AD1B690EA1B1BFCA6D2884A27C4F1A81B9F4A3820802EAC2541408DB02443675D6F6AC7ED2E1D1BD00F4E40A3BF5D724EB764FCEA116F4E8A02A7768F562BDB8C82E81F39
  310
DE98631185D7B054AD2F8789D6994A0D2AAB76CADC0DD0423C1BD57BD4D7FB6E794EB5A61791B3EE49EF82A0963A524424D5BD40DB674CBA5D7E75D10A58EB2F569195097279BEA491A00073A90B1C28022A8CCC82284075F1FBE357C17117CDAD550A083C2E789E736606B7E62E6B6D9E70338D1F410B545F3FE464EC798F
  310
55D76F2E22DB9048EA90583E63A22938EDC1006B00E4D1716A52E0EA1C0C96AF9796393066105A81F6A829ADAFE1168A47DF1C75A974C9B278B7F177ABA5008340CB1EFC0D504B0304140006080000AC70623B000000000000000000000000350000006662782F30333130353234382D343533342D344143372D413346412D
  310
4531454539393435313135362F76657274696365732E62696E504B0304140006080800AC70623BF270F1330600000004000000360000006662782F30333130353234382D343533342D344143372D413346412D4531454539393435313135362F747269616E676C65732E62696E636660600000504B0304140006080000AC70
  310
623B000000000000000000000000370000006662782F30333130353234382D343533342D344143372D413346412D4531454539393435313135362F617474726962757465732E62696E504B0304140006080800AC70623B08DA0BD19000000041010000360000006662782F30333130353234382D343533342D344143372D41
  310
3346412D4531454539393435313135362F6469726563746F72792E786D6C858F410AC3201045AF22B36F53E9A60B35CBEEBAE80D244E44489C6234F4F835464A48035D0DF398FF9F8AF63D0E6CC63039F212F8F9020C7D47C6792B21C5FE7403D62A1188E2E60C98D7234A5830286103A55745067B9D86B8A3CF9C7F90C11D
  310
E607FB144396D7B6A82D282E9A152AD114D5EF2CB866EEE831B8EEA07A7BB5A8D7D61A2BAAEB7FD5F70921FF497D00504B0304140006080800AC70623BF2C5666EFF000000A00100003B0000006662782F30333130353234382D343533342D344143372D413346412D4531454539393435313135362F7265736F7572636573
  310
2F636F72652E786D6C8D504B6E833010BD0A9A6D65B00910888CA3D02A27E8052C33A156821DF953F5F8B5132AB5BB6E6646EFA3797AFCF8B5DE8A4F745E5B33022B291468949DB5594688E1427A288E823B6BC32F191446AE38428641F0C5D978DF20654D4013126AEC8C1B28BDC70085BAA56304AF3E7095A58C2129FCB5
  310
BC4B75950B96AC4C74D209EE834B018AE7933C4138F4363A859E574F56F018F5BC69F49C7EEA8B4607A29DFABEE9F62D399DA78E34DD6E22FDD49E49731ADEEAF3C09AFD6BC7AB6C163CE8F527A3722803CE206A4A07C218A1F53B6B0EB43DD4ED0BED0F94F22ACBFF98E27DFEA7296A1376F516F769F320580AF22004AF72
  310
5F693DCA4C3B772BBE01504B010214000A0000080000AC70623B3DEE336E79000000790000001B00000000000000000000000000000000006175746F6465736B2D64657369676E2D7061636B6167652E786D6C504B01021400140006080800AC70623BD486FD9CA0000000F40000001300000000000000000000000000B200
  310
00005B436F6E74656E745F54797065735D2E786D6C504B01021400140006080800AC70623B9A2F3B5FEC0000007C010000080000000000000000000000000083010000636F72652E786D6C504B01021400140006080800AC70623B55019EA25F0000007C000000070000000000000000000000000095020000636E782E786D
  310
6C504B01021400140006080800AC70623B6E137E0172010000D40300000C00000000000000000000000000190300006662782F636F72652E786D6C504B01021400140006080800AC70623BE001BAC07D0000009D0000000B00000000000000000000000000B50400006662782F636E782E786D6C504B010214001400060808
  310
00AC70623B8E506812290100001202000031000000000000000000000000005B0500006662782F30333130353234382D343533342D344143372D413346412D4531454539393435313135362F636F72652E786D6C504B01021400140006080800AC70623B503B51794E010000330300003000000000000000000000000000D3
  310
0600006662782F30333130353234382D343533342D344143372D413346412D4531454539393435313135362F636E782E786D6C504B01021400140006080800AC70623B38FA165F680500003C10000034000000000000000000000000006F0800006662782F30333130353234382D343533342D344143372D413346412D4531
  310
454539393435313135362F6F626A656374732E786D6C504B01021400140006080000AC70623B0000000000000000000000003500000000000000000000000000290E00006662782F30333130353234382D343533342D344143372D413346412D4531454539393435313135362F76657274696365732E62696E504B01021400
  310
140006080800AC70623BF270F133060000000400000036000000000000000000000000007C0E00006662782F30333130353234382D343533342D344143372D413346412D4531454539393435313135362F747269616E676C65732E62696E504B01021400140006080000AC70623B0000000000000000000000003700000000
  310
000000000000000000D60E00006662782F30333130353234382D343533342D344143372D413346412D4531454539393435313135362F617474726962757465732E62696E504B01021400140006080800AC70623B08DA0BD1900000004101000036000000000000000000000000002B0F00006662782F30333130353234382D
  310
343533342D344143372D413346412D4531454539393435313135362F6469726563746F72792E786D6C504B01021400140006080800AC70623BF2C5666EFF000000A00100003B000000000000000000000000000F1000006662782F30333130353234382D343533342D344143372D413346412D453145453939343531313536
  310
2F7265736F75726365732F636F72652E786D6C504B0506000000000E000E0080040000671100000000
  0
XRECORD
  5
184
  102
{ACAD_REACTORS
  330
183
  102
}
  330
183
  100
AcDbXrecord
  280
1
  70
1
  90
429727718
  1
778E3A9F-1AF3-452F-85C1-1BC15BD3F630
  310
504B03040A0000080000AC70623B3DEE336E79000000790000001B0000006175746F6465736B2D64657369676E2D7061636B6167652E786D6C3C3F786D6C2076657273696F6E3D22312E302220656E636F64696E673D227574662D3822203F3E3C666F726D6174733E3C666F726D61743E687474703A2F2F736368656D612E
  310
6175746F6465736B2E636F6D2F64657369676E2D7061636B6167652F323030393C2F666F726D61743E3C2F666F726D6174733E504B0304140006080800AC70623BD486FD9CA0000000F4000000130000005B436F6E74656E745F54797065735D2E786D6C7D8EC10E82300C865F65E91D8A1E8C310C0EEA1BF002731658846E
  310
D98AC1B77784ABF1D8FE5FBFBF75BBCE937A534CCEB38643598122B6FEE978D0B0485F9C41B54DDD7D022595594E1A469170414C76A4D9A4D207E29CF43ECE46F218070CC6BECC4078ACAA135ACF422C856C0E68EA1BF5669944DDD7BCDE7B1F8E415D77AECB980613C2E4AC91FC167A2B244592486606FC29C8FD7F045B9A
  310
EF7053A7E60B504B0304140006080800AC70623BFD5588D4EC0000007C01000008000000636F72652E786D6C8D90416EC3201045AF82665B6103891DC7C24471939CA01740405C94182C03558F5F9C3852BBEB6A467FFE9B197D7EF81EEFE8CBCCC17AD7012D0820E394D7D60D1DA478C50DA083E0B3F7F1970D9093A3E960
  310
9141F061F6695A25E55D342E66D5796D56518660222075CF4D07417D9A511632C5EC08B76292EA260753D05797E194AC46CF2356E77DF66ACD0C62C768BD63971E5727D2E06DDF9C71BF7B3FE10BABF79BFA488FE4DCF07281058F767CDD57B391D168108C903DA61413F641B72DA95A56BD91A62584978BFD0F9426FD4F28
  310
5917376C7DF7890510343FF218085E2E59E4F2082AD72537F103504B0304140006080800AC70623B55019EA25F0000007C00000007000000636E782E786D6C4DCB3B0E80201045D1AD90E915ED2CF8AC45050C11660C8261F98AB1B07AC9C97D42D718D865D3E909258CFD00CCE24AC6E326A164D74DC0B4128928FF326038
  310
472BA13128B1252AC747C6BAB984FC68F0B87FE8960A5C09FE86CFB69FBA01504B0304140006080800AC70623BB5D38BAD72010000D40300000C0000006662782F636F72652E786D6CC553DB8E823014FC95A6AF1B68C11B9A52A3AB7EC1FE4085CA36424B4A4BFCFC3D5C8CEBC635EED3F200CDCC393D3353CAD697AA44AD
  310
B48D323AC5514831923A33B9D2458ABD3B0509466BCEAC31EE5B19465A5432C51D8C392BACF1F50865463BA91DA0DAE4720445D348875156C222C54DF6292B110AEFA0A23987B5C8CEA2906114020D759C35CE8200340CE9DE989F8E1746069C33EF553EB22A8769EAA4A4C57C1147F3457CD806B31D4D82E936D907DBC5FB
  310
2E38C4F3E564BE8936749F30D23573E65475559759299CCC318F295D065114D0F8239AAEE86C15CFDE68B2A29491AEFCAEC9D7F98B4D5E69378947B9435B837904427AE2875B88C8A146B4A0877046BA10E1D3277C1F340402213B712CAF3ECE00B53273C64E81C98DBF51AD28BD84A934A4FD837E5F303274C2D47E7370FD
  310
7046FCF28CE73BC2510B5D8009E16079F4AED3C9060D6368B5B441EB2E481B5B89F2351B4F1CFE89BA897F282933A5B1FFA5888C0744C6DF8374F7917F01504B0304140006080800AC70623B09885E1C7E0000009D0000000B0000006662782F636E782E786D6C4DCCDF0A83201C86E15B91DFB9CBA6FD11D41063F711CB42
  310
663A9C8E5DFE6A74B0A30F1E3E5E317C368FDE36BD5C0C12EA0B0164C33DCE2EAC124A5E700F685022C598FF6E80C2B459090783126B8AE579D26C97A9F8BCAB77E17122E586D5843498B3EE8699D114F39E5E713D76EDA84DCBB569A052A2FA95F63DC2EA0B504B0304140006080800AC70623B961D28872A010000120200
  310
00310000006662782F33394334313030352D393437462D344341332D393833322D3144373644414336394143352F636F72652E786D6C8D515B6EC32010BC8AC557AA0A1BFC4A1C61A2C8514FD00B10435294182C1E558EDFA576A4F62F3F80666766875D76784CF7EC5B39AFADE911CD09CA9419ADD4E6DAA3182E7887B203
  310
67CEDAF08786322326D5A30423CEAECEC67985466B8232015063A55A41E1BD0A281BEFF0E8911FBFD42472110330FC2D9FC578135795D31CCAC0E3CC070701B2A5493A11AFBAA1A68434B8ABB71FB81E8E15EE765589E969DB9E8E43DB1D8786158B90B318B55CE55A421C7DD1CABD6A92C49C053D3DE38F4E89A024E22521
  310
1DA61493F293D67BD2ECCBE69DECF684B022D1FF89E22C5F14456D4255AE711799479CB2622970266D3CDF9F61D463B62E64A9DFC6ABF10D7192C35CCA0A040B11BE0F8E6DBD3AFA601D8C77733B0397C290926D5B7356A40DC1F5BB3EB8D336F90F504B0304140006080800AC70623B503B51794E01000033030000300000
  310
006662782F33394334313030352D393437462D344341332D393833322D3144373644414336394143352F636E782E786D6CD593C16EC32010447F0571AD6CE3D489D20813A9877E410FBD62D82434182CC055F3F75D1292E692438FBD206B7698593D61BEFD1E2DF982108D773D6D6B460938E5B571FB9ECE6957AD29D90A1E
  310
BC4F77364A9C1CA1A759A682EF839FA72269D8C9D92654AD71C72206887E0E0A22CAF926B15E498B01E0AA19451807D01A34B919F16B070157417138917400F2F6FA41FCF0092A45DEE414C19BDC21783E4BD39D891265658C3D8DEA00A3ACE59CBC8678ACB54CB26EEB6BD7839D7E9348BE70AD9C8321B9BCA7F9A4A26C54
  310
2347DEE050F09802D22BA6749A800A394DD62899107273365E3C82CFC6A55557BC06C10774B7ABE7AEC3B0F34CF06446280E154026D0542C187BA9DAB6628BF7B6DBB0E566B17C62EB0D63BCC976C107EF6DB9843110FC449477095CA2A2E54D1E3FC2577C449B80AC7D38FD01240228AD173AB78CFFCCA739BF6FC415F02F
  310
103F504B0304140006080800AC70623B2EA4D28F640500003C100000340000006662782F33394334313030352D393437462D344341332D393833322D3144373644414336394143352F6F626A656374732E786D6CAD575D739B3814FD2B0CFB6C30B1D3263B844E6CC71D4F376DA79E76F621331E01326103122389C4E9AFDF
  310
231018B09D7A3FFC609090EEE7B94757FE875D9E59CF54C894B31BDB73C6B64559C4E394253776A9B6A32BDBFA10F88273D559665B8CE4F4C6D6D376E027829785998AE99694991ACC2E677F5A32A28CDA569411296F6C193DD29C38A4543CA6F2C98989224EB2DD399E532FEC8B4D04291E07420B222853B014F30C52ACDA
  310
28AF3F1CDB6EE0BBFA7BE0EB7FB36A727A955BF9D3D79F32A9088B0E940DC44CBCE9E2EEE2F27A74399D4E46D37717DE68B69C2D46DEFBC978FE6E3EBFBEBDBB8662A90424194B04DDDAC147C446A491EFD69F5A8B8DE1C74C8A386334AAFC878795CD46624C0BCA62E431A512DA3A5E8FFB434FC7A6F379A2C7466577FA3C
  310
AFBA3B3A821ADB9B67D7521EFE0517E439A810926A54D5F1318ED6F81BEFA316729E996FA9B472A2A84849666569288878B5032CD54B02BF2746A35368846B0FECC0DBCBEBDA8AD2F835768F59B92DB34C43D30E2A646F807FAA646559FA938AE3DA60137255A64C5D1987D46B41EDE0DA77ABC9C0D78FC985F95807D2DA66
  310
2441CAE166FD75E0E85CD7DE6A61079F96E16EADEBF1B8F242F0820AA5E1036835896B9E3A4A46AD7756E6F40638D38BF93E28DF10F9CF28DFBD29C89B4877D3DDD468518230B9E522476E9C71F5B3C6CDCBA87D3B7C019F0D561FAE6967FED562DF6D8DED13C6A9FC015C3A3557FF3D7FFD987591DA495FE03FA3C0B89898
  310
50AE2392817AEE53868468505A19C714B87C1BEEEC6005A604B36317C9823620072FBEFB8CEFF8AF6583AD2AF59D274342077C7B06F323965559C0B6136039E0C94AB171EE54CC2FFF979AB95DAC3FAD4BB12511BD37C4B2A0DB94A50A67E71EBC5D837A89E879F4445F5FB888E1E86112D6DD24E4469544B475CC75E093E6
  310
B0D083BDE69E8208FB12AE39CFFF8586FB544634CB08A3BC6CB4B4C790C66A4B32A64F4015D6019D5C0C502CE873AA3B89DE8A9E5938EB2391163A64EDA1D7F2B473C297EFABCF00A51DCC5EFF20AF5DC20CF7741FF18C8B4DF8BAA999D006F8B0A78FEE1F7D789B88BA5A0A105F61B9A11C13E24D9C6EB7A504EF1E89E28F
  310
D5BC9BA996480E5F9A026A34D63539053BA3F68830F06D74A2211004073B679B14C738CAF2A8F2AEEEA10259C93D213F2CF36243725E32754E98C68D3F8DF5ADF06E17235F888A1EED605D3D473350764CE31309D547D0119F7AE979FFFEEA6E727BBD1C79B74BB4529717CBD1D5E5DC1B79B3B977395B4C96EF2638E6FA15
  310
D09C50DD1A44347122FAA5484D98BFAFF6656B07F74449F7635D506E523FBFAF1CB4C5BE8B3D0078BB71951719CD295344C3F75EBF64DF08BA8A9E8C7A7E9593849E21E5CBC7F5C006CC9CB1EFAB2E35FA32D86B66E7BA168E0A518F651E329266838DC671A7608971BB0965FBAC19BD19EA918927FA50C9B33406E1C45642
  310
794E1568E70CB6173995404CB72B8FCDEDE18CDDCF753FA84898D1C6924782963893403548A78C547FDEFA0D2D9CEEA26E6C1C76CE13FE4C21DA16527D6383DF541A51E984381E75E353090704D085B52408D0139664E8ACEB4DEDB8DDA56303FAC10968F4B74BCEE9968C5F3DE2CD4951E0D4EED16A659B5110FD23C71B73
  310
2CA2F01A96AAF5653FD13A53A909C03570A77DA0857832AA77A8AFB7DDF29C6A4D2F2267DD93DE04412D75A48848AA7B810EBA31E976F1D5452B60ADBE58455626C8E5F992468202CCA52E70A008A830320BA200D5F9EF0F5F05C75D34B7962920F030E779CE9919DC9ABBACB57EC4CD347E002D507DFD901763CF7BA8BA7E
  310
7311D984445287C4F209134DC1690F065803200F8E53733D73750E06CB570BCB1C185308AD407BD094D6D7700BC5A36F8EBA54BA6459BCD9F8BBD552A040A0650FFE06504B0304140006080000AC70623B000000000000000000000000350000006662782F33394334313030352D393437462D344341332D393833322D3144
  310
373644414336394143352F76657274696365732E62696E504B0304140006080800AC70623BF270F1330600000004000000360000006662782F33394334313030352D393437462D344341332D393833322D3144373644414336394143352F747269616E676C65732E62696E636660600000504B0304140006080000AC70623B
  310
000000000000000000000000370000006662782F33394334313030352D393437462D344341332D393833322D3144373644414336394143352F617474726962757465732E62696E504B0304140006080800AC70623B08DA0BD19000000041010000360000006662782F33394334313030352D393437462D344341332D393833
  310
322D3144373644414336394143352F6469726563746F72792E786D6C858F410AC3201045AF22B36F53E9A60B35CBEEBAE80D244E44489C6234F4F835464A48035D0DF398FF9F8AF63D0E6CC63039F212F8F9020C7D47C6792B21C5FE7403D62A1188E2E60C98D7234A5830286103A55745067B9D86B8A3CF9C7F90C11DE607
  310
FB144396D7B6A82D282E9A152AD114D5EF2CB866EEE831B8EEA07A7BB5A8D7D61A2BAAEB7FD5F70921FF497D00504B0304140006080800AC70623B95BFD5E5FE000000A00100003B0000006662782F33394334313030352D393437462D344341332D393833322D3144373644414336394143352F7265736F75726365732F63
  310
6F72652E786D6C8D50596E833010BD0A9ADFCA603B1B41C611699213F40296992456828DBC543D7E4DA052FBD79F99D15B344F4F1CBE8667F1893E18675B60258502AD76BDB1B71652BC921A8A8314DEB9F84B06855503B630C120C5CDBB342E907636A28D19B5AEC70554216084423FF3D142D0771C54A952CC8AF02847A5
  310
1FEA86252B339D755284E87380627E324D901E834B5E6310D5CC4A9192E9178DE9F34F7335E841EE38DBEEF8A5239B13ADC9FA589FC971F77E2217BEDDAFB61DEBE8B916D56496229AE127A3F6A822F62039A57BC218A1FC83AD1BBA69F8E68DD60DA5A29AE47F4C69ECFF694AC6C6155FE2CEB60092E5202F428A6AEA2BAF
  310
5799794FDDCA6F504B010214000A0000080000AC70623B3DEE336E79000000790000001B00000000000000000000000000000000006175746F6465736B2D64657369676E2D7061636B6167652E786D6C504B01021400140006080800AC70623BD486FD9CA0000000F40000001300000000000000000000000000B20000005B
  310
436F6E74656E745F54797065735D2E786D6C504B01021400140006080800AC70623BFD5588D4EC0000007C010000080000000000000000000000000083010000636F72652E786D6C504B01021400140006080800AC70623B55019EA25F0000007C000000070000000000000000000000000095020000636E782E786D6C504B
  310
01021400140006080800AC70623BB5D38BAD72010000D40300000C00000000000000000000000000190300006662782F636F72652E786D6C504B01021400140006080800AC70623B09885E1C7E0000009D0000000B00000000000000000000000000B50400006662782F636E782E786D6C504B01021400140006080800AC70
  310
623B961D28872A0100001202000031000000000000000000000000005C0500006662782F33394334313030352D393437462D344341332D393833322D3144373644414336394143352F636F72652E786D6C504B01021400140006080800AC70623B503B51794E010000330300003000000000000000000000000000D5060000
  310
6662782F33394334313030352D393437462D344341332D393833322D3144373644414336394143352F636E782E786D6C504B01021400140006080800AC70623B2EA4D28F640500003C1000003400000000000000000000000000710800006662782F33394334313030352D393437462D344341332D393833322D3144373644
  310
414336394143352F6F626A656374732E786D6C504B01021400140006080000AC70623B0000000000000000000000003500000000000000000000000000270E00006662782F33394334313030352D393437462D344341332D393833322D3144373644414336394143352F76657274696365732E62696E504B01021400140006
  310
080800AC70623BF270F133060000000400000036000000000000000000000000007A0E00006662782F33394334313030352D393437462D344341332D393833322D3144373644414336394143352F747269616E676C65732E62696E504B01021400140006080000AC70623B0000000000000000000000003700000000000000
  310
000000000000D40E00006662782F33394334313030352D393437462D344341332D393833322D3144373644414336394143352F617474726962757465732E62696E504B01021400140006080800AC70623B08DA0BD190000000410100003600000000000000000000000000290F00006662782F33394334313030352D393437
  310
462D344341332D393833322D3144373644414336394143352F6469726563746F72792E786D6C504B01021400140006080800AC70623B95BFD5E5FE000000A00100003B000000000000000000000000000D1000006662782F33394334313030352D393437462D344341332D393833322D3144373644414336394143352F7265
  310
736F75726365732F636F72652E786D6C504B0506000000000E000E0080040000641100000000
  0
XRECORD
  5
10D
  102
{ACAD_REACTORS
  330
10B
  102
}
  330
10B
  100
AcDbXrecord
  280
1
  270
1
  271
1
  0
XRECORD
  5
10C
  102
{ACAD_REACTORS
  330
10B
  102
}
  330
10B
  100
AcDbXrecord
  280
1
  270
1
  271
1
  0
XRECORD
  5
187
  102
{ACAD_REACTORS
  330
10B
  102
}
  330
10B
  100
AcDbXrecord
  280
1
  70
0
  90
1778669749
  1
7E355024-1ABF-47F9-966E-F2159FBE82AB
  310
504B03040A0000080000AC70623B3DEE336E79000000790000001B0000006175746F6465736B2D64657369676E2D7061636B6167652E786D6C3C3F786D6C2076657273696F6E3D22312E302220656E636F64696E673D227574662D3822203F3E3C666F726D6174733E3C666F726D61743E687474703A2F2F736368656D612E
  310
6175746F6465736B2E636F6D2F64657369676E2D7061636B6167652F323030393C2F666F726D61743E3C2F666F726D6174733E504B0304140006080800AC70623BD486FD9CA0000000F4000000130000005B436F6E74656E745F54797065735D2E786D6C7D8EC10E82300C865F65E91D8A1E8C310C0EEA1BF002731658846E
  310
D98AC1B77784ABF1D8FE5FBFBF75BBCE937A534CCEB38643598122B6FEE978D0B0485F9C41B54DDD7D022595594E1A469170414C76A4D9A4D207E29CF43ECE46F218070CC6BECC4078ACAA135ACF422C856C0E68EA1BF5669944DDD7BCDE7B1F8E415D77AECB980613C2E4AC91FC167A2B244592486606FC29C8FD7F045B9A
  310
EF7053A7E60B504B0304140006080800AC70623BDCE527C8EB0000007C01000008000000636F72652E786D6C8D90416EC3201045AF82665B6103B15DC7C24471249FA01740405C94182C03558F5F9C3852BBEB6A467FFE9B197D7EFA9EEFE8CBACC17AD7032D0820E394D7D64D3DA478C52DA093E0ABF7F1970D9093B3E961
  310
9341F069F569D925E55D342E66D5796D76518660222075CF4D0F417D9A591632C5EC08B76291EA262753D05797E194AC46CF2356E77DF66ACD0A621C9B73335C463C5E0E1457EC9DE2A1612D3E9233A92BD2D66333F07283058F767EDD57AB91D168108C9023A61413F641AB8ED41DABDF48DB11C2CBCDFE074A8BFE2794AC
  310
8B07B6BFFBC402089A1F790C042FB72C72790495EB969BF801504B0304140006080800AC70623B55019EA25F0000007C00000007000000636E782E786D6C4DCB3B0E80201045D1AD90E915ED2CF8AC45050C11660C8261F98AB1B07AC9C97D42D718D865D3E909258CFD00CCE24AC6E326A164D74DC0B4128928FF32603847
  310
2BA13128B1252AC747C6BAB984FC68F0B87FE8960A5C09FE86CFB69FBA01504B0304140006080800AC70623BB24894EB71010000D40300000C0000006662782F636F72652E786D6CC5535B6E833010BC8AE5DF0A6C085012194749244ED00B38E05014B091B1518EDFE511A5A9D228FD2A1F60CDEC7A67C6986D2F6D830669
  310
FA5AAB0C073EC548AA4297B5AA32ECECC94B31DA7266B4B6DFCA3052A295191E61CC5965B4EB16A8D0CA4A650155BA940B28FA5E5A8C8A061619EE8B4FD90A5F380B15FDD9EF44711695F4031F68A8E3ACB70604A079C8F8C6FC74BC3032E39C3957970B5B9730AD3ED5D2609EE7C92ED91F722F3FAC022F0ADF036F9F84A9
  310
B7A63B1A47348DF364CFC8D8CC99ADDBABBAC2486165897948E9DA0B028F861F41B4A1F1268CDF68BAA19491B1FCAEC975E58B4DAE5676152E72E7B61EF300844CC40FB7109145BD18400FE18C8C21C2674AF83E68080442B6E2D85C7D9C011A6461B5898029B5BB5183689C84A9D4A7D3837E5F303277C2D4697370FD7046
  310
F8F28CE73BC2510B5581096161797476D4C9660D4B689D34DE602F4869D38AE6351B4F1CFE89BA897F28A9D08D36FFA5882C074496DF838CF7917F01504B0304140006080800AC70623B3A54DFB77D0000009D0000000B0000006662782F636E782E786D6C4DCCD10A83201805E05791FFDEA5EBA76DA046A37C8F581632D3
  310
613AF6F8B3D1C52E0E073E0E47B49FD591B7899B0D5E023F3120C63FC264FD2221A7995E81B44AC410D2DF0C881F5723616750628921BF0E9ACC3C66978A3AEB9F07B2A6D77AB87514F95953EC39D20EEF9C6AD60C88BC2EB940A544F57B2ABD1FAB2F504B0304140006080800AC70623B4A17098729010000120200003100
  310
00006662782F30364446464539412D343132462D344431342D413442312D4630364534343133343431372F636F72652E786D6C8D515B6EC32010BC0AE22B55850D0E76930813A54A7C825E80DA244589C1E251E5F85D6A476AFFF2018B7667666759B1BF8F37F4AD7D30CEB6981514236D7B37187B69718A67B2C1682F8577
  310
2EFE816164D5A85B9CD3588A8B77695A52BDB351DB0859EB06BD2455083A62D4DFE0D1E2D07FE951152A4540846B31A9FEAA2EBA600594012745881E0CA0B949BEB1A4CDB1EB4EDB03E1ACEA083F324E0EFC9D918E3627CED91ACE9B2867A214299961A19B01EC98B3D1FE59914C96229AF161BFF75A453D605951BA258C11
  310
5A7D30BEA3F5AEAA5FE96647A92833FC1F294DC393A4646C5C578BDD9916B064A29C0B520C2E7DDE1E66F47D723EA2DC6F1574FF02531594D6AC69443903617C506CF8A218A2F3F0BDABEB2760593DCB365C8A326F08C2EFFA20E66DCA1F504B0304140006080800AC70623B503B51794E0100003303000030000000666278
  310
2F30364446464539412D343132462D344431342D413442312D4630364534343133343431372F636E782E786D6CD593C16EC32010447F0571AD6CE3D489D20813A9877E410FBD62D82434182CC055F3F75D1292E692438FBD206B7698593D61BEFD1E2DF982108D773D6D6B460938E5B571FB9ECE6957AD29D90A1EBC4F7736
  310
4A9C1CA1A759A682EF839FA72269D8C9D92654AD71C72206887E0E0A22CAF926B15E498B01E0AA19451807D01A34B919F16B070157417138917400F2F6FA41FCF0092A45DEE414C19BDC21783E4BD39D891265658C3D8DEA00A3ACE59CBC8678ACB54CB26EEB6BD7839D7E9348BE70AD9C8321B9BCA7F9A4A26C542347DEE0
  310
50F09802D22BA6749A800A394DD62899107273365E3C82CFC6A55557BC06C10774B7ABE7AEC3B0F34CF06446280E154026D0542C187BA9DAB6628BF7B6DBB0E566B17C62EB0D63BCC976C107EF6DB9843110FC449477095CA2A2E54D1E3FC2577C449B80AC7D38FD01240228AD173AB78CFFCCA739BF6FC415F02F103F504B
  310
0304140006080800AC70623BD8F6D0D5660500003B100000340000006662782F30364446464539412D343132462D344431342D413442312D4630364534343133343431372F6F626A656374732E786D6CAD575B8F9B3814FE2B887D064292B964C5504D92491555D3568D5AEDC348910187610730B2CD4C667FFD7E06438024
  310
6DF6928780CDF1B97EE762EFC33E4B8D57CA45C2F23BD3B547A641F39045491EDF99A5DC59B7A6F1C1F73863B243661A39C9E89DA9B64DDF8B392B0BBD15D11D295339D85DCDFF304448736A1A614A84B83345F84C33629352B2888A173B2292D8F16E6FBB764DD8671B73523C0F981684D35C4253ECE7E062D44AB9FDE5C8
  310
747CCF51DF7D4FFD6BAAC9792AA7B2A72F3FC985247978246CC066E24E970FE3AB9975359D4EACE9F5D8B5E6ABF9D2726F26A3C5F56231BB7F9841B0901C9CB4269CEE4CFF237CC393D073EA4FADC65AF1532A852CCF6958D90F0B2B9D35C78816348F10C7840A48EB583DEA2F5DE59BCEE7895A6B91DDEDCBACEA9EE8306A
  310
746F9E5D4D59F0274C1097A0820BAA5055FB471B5AE36F74F05AC058AABF25C2C888A43C21A991260127FCDDF441AA487CAFC746A1932B842B0B4CDF3DF0EBEA8AD4F835764F69B92BD35441D3F42B646F817F2A45A559F217E5A7A54127C4AA4C7279AB0D92EF0535FD99E7549BBEA71E93B1FE583BD2D8A52446C86166FD
  310
7560E842E5DE7A69FA9F56C17EA3F2F1B4F082B38272A9E0036835816B9ECA4B5AAC7B51E4D40118D3F3F9C129DFE0F9CF48DF832A881B4FF6D3FD544B919CE462C77886D8D8A3EA678C9A17AB7D3B7E413D1B501FD3B43BFF8AD8735A65FB05E35CFC002E159ADBFF1EBFBECFBA48ED84CFF75E91608C4FB42B372149517A
  310
1E931C0151A03452862DD4F25DB037FD352A252A3B4E91D46F1D72F4E239AFF88EFF9A37AA5525BEF3CC11D041BDBDA0F2C397555A40B7336039AA9395606DDC399F5FFD2F3973BFDC7CDA947C4742FAA80BCB92EE923C91E89D07F07615EA05A267D10B7D7F633C82A1C741D8748390695102DE563E578E8F9B66A11607C9
  310
3D0121CEC54CD53CEF17121E1311D2342539656523A56D430AAB6D91D17302B2B076E8643C4031A7AF899A247A143DB5D0EB439E14CA656DD36BEBB47DC696EFEBCF0025E8531690F440141CAA7DC852C6B7C1FBB62E8426B087237D70FFE8A35B3BD4515C00F80ACA4DC5D11EDE46C96E570A94DD134EFCB15E7403D5D691
  310
E397267F1A89754A4E519C917A846BF43632310F7082BECEF26D822E8EAC3C29BC2B7B2840547CCFF00FCAACD8928C95B9BCC44DA3C69E46FB96797788116F4486CFA6BFA99ED61C153BA2D121543D10A80E74C2A65E786E1E265757A3F1D472EFE72B6B7AB39A59B3EBEB076B3576AF66ABF9C3EDF87EDE6A5469E27B4D83
  310
EAA620BC8986E8953CD16EFEBE3E64ADE93F12299C8F753E3971FDFCBEB631157B0ECE00DFEDC17556A434A3B9240ABD8FEA25FD463054F478D4FBEB8CC4F4022E5F3E6E063A60E782735F55A6D1B7C159BDBB50B97092897C2EB32027493A38A80DB78B3CD66637AE6C9F75416F966AA5FD893154B03489506F2223A62CA3
  310
1255E78262CF332A8098EE501EE9CBC305A75FEB71509220A58D26CF0413712A806AC0AD0C657FDFF80D139C1AA2EE4CF43AFB057F3A114D03A1BE3351DE6412526107E88E6AEEA998030218C2DA1A08A8913C4E3158D787DA757B4AF906E5070D50CB6F492E1996B45DBDBA9B91A240D3EE55D54A372D20FC478637EA1844
  310
E23528656BCB61A335A61283CCAA8DD257034C102F5AF41EF9F573B35CBBA2E979E4A26BD24F415073B524E171752D50FA6995EE975F1D4C02C6FA8B51A4658C585ECEC9E214602E558203454085E6591009A82E7E7FFACA19AEA299B14A0081A705CB3296EBC5BDBECA1A9B675C4CA3279405AA6E1F623C72DDA76AE8D7F7
  310
906D4004B549245EB0D1249CB260803500F2A89BEA10382A0603F2F5D2D00D630AA615688F66D2FA166E2079D4C551A54AB758163F9DFB9D8A1460E098D8FDBF01504B0304140006080000AC70623B000000000000000000000000350000006662782F30364446464539412D343132462D344431342D413442312D46303645
  310
34343133343431372F76657274696365732E62696E504B0304140006080800AC70623BF270F1330600000004000000360000006662782F30364446464539412D343132462D344431342D413442312D4630364534343133343431372F747269616E676C65732E62696E636660600000504B0304140006080000AC70623B0000
  310
00000000000000000000370000006662782F30364446464539412D343132462D344431342D413442312D4630364534343133343431372F617474726962757465732E62696E504B0304140006080800AC70623B08DA0BD19000000041010000360000006662782F30364446464539412D343132462D344431342D413442312D
  310
4630364534343133343431372F6469726563746F72792E786D6C858F410AC3201045AF22B36F53E9A60B35CBEEBAE80D244E44489C6234F4F835464A48035D0DF398FF9F8AF63D0E6CC63039F212F8F9020C7D47C6792B21C5FE7403D62A1188E2E60C98D7234A5830286103A55745067B9D86B8A3CF9C7F90C11DE607FB14
  310
4396D7B6A82D282E9A152AD114D5EF2CB866EEE831B8EEA07A7BB5A8D7D61A2BAAEB7FD5F70921FF497D00504B0304140006080800AC70623BB40F7AF9FE000000A00100003B0000006662782F30364446464539412D343132462D344431342D413442312D4630364534343133343431372F7265736F75726365732F636F72
  310
652E786D6C8D504B6E833010BD0A9A6D65B00950828CA3109513F4029699502BC146FE543D7E4D42A576D7CDCCE87D344F8F9FBE967BF689CE6B6B7A6039850C8DB29336730F315C490BD94970676DF82583CCC8057BD860107C7636AE3BA4AC096842428D9D7007A5F7182053F774F4E0D5072E3297312485BFE5AB543739
  310
63CEF244279DE03EB814207B3ED9260887DE46A7D0F3E2C90A1EA39E768D9ED24F7DD5E8408C63736E86CB1B192F0746AAF29591A1295B72A4675A57B4ADC766E0C566163CE8E527A37228034E204A4A8F843142CB775675B4EECAFA85B61DA5BCD8E47F4C719DFE698ADA8443B9C77DDA3C0896823C08C18BADAFB41E65A6
  310
BD752BBE01504B010214000A0000080000AC70623B3DEE336E79000000790000001B00000000000000000000000000000000006175746F6465736B2D64657369676E2D7061636B6167652E786D6C504B01021400140006080800AC70623BD486FD9CA0000000F40000001300000000000000000000000000B20000005B436F
  310
6E74656E745F54797065735D2E786D6C504B01021400140006080800AC70623BDCE527C8EB0000007C010000080000000000000000000000000083010000636F72652E786D6C504B01021400140006080800AC70623B55019EA25F0000007C000000070000000000000000000000000094020000636E782E786D6C504B0102
  310
1400140006080800AC70623BB24894EB71010000D40300000C00000000000000000000000000180300006662782F636F72652E786D6C504B01021400140006080800AC70623B3A54DFB77D0000009D0000000B00000000000000000000000000B30400006662782F636E782E786D6C504B01021400140006080800AC70623B
  310
4A17098729010000120200003100000000000000000000000000590500006662782F30364446464539412D343132462D344431342D413442312D4630364534343133343431372F636F72652E786D6C504B01021400140006080800AC70623B503B51794E010000330300003000000000000000000000000000D10600006662
  310
782F30364446464539412D343132462D344431342D413442312D4630364534343133343431372F636E782E786D6C504B01021400140006080800AC70623BD8F6D0D5660500003B10000034000000000000000000000000006D0800006662782F30364446464539412D343132462D344431342D413442312D46303645343431
  310
33343431372F6F626A656374732E786D6C504B01021400140006080000AC70623B0000000000000000000000003500000000000000000000000000250E00006662782F30364446464539412D343132462D344431342D413442312D4630364534343133343431372F76657274696365732E62696E504B010214001400060808
  310
00AC70623BF270F13306000000040000003600000000000000000000000000780E00006662782F30364446464539412D343132462D344431342D413442312D4630364534343133343431372F747269616E676C65732E62696E504B01021400140006080000AC70623B00000000000000000000000037000000000000000000
  310
00000000D20E00006662782F30364446464539412D343132462D344431342D413442312D4630364534343133343431372F617474726962757465732E62696E504B01021400140006080800AC70623B08DA0BD190000000410100003600000000000000000000000000270F00006662782F30364446464539412D343132462D
  310
344431342D413442312D4630364534343133343431372F6469726563746F72792E786D6C504B01021400140006080800AC70623BB40F7AF9FE000000A00100003B000000000000000000000000000B1000006662782F30364446464539412D343132462D344431342D413442312D4630364534343133343431372F7265736F
  310
75726365732F636F72652E786D6C504B0506000000000E000E0080040000621100000000
  0
XRECORD
  5
10E
  102
{ACAD_REACTORS
  330
10B
  102
}
  330
10B
  100
AcDbXrecord
  280
1
  270
1
  271
1
  0
XRECORD
  5
10F
  102
{ACAD_REACTORS
  330
10B
  102
}
  330
10B
  100
AcDbXrecord
  280
1
  270
1
  271
1
  0
XRECORD
  5
33B
  102
{ACAD_REACTORS
  330
33A
  102
}
  330
33A
  100
AcDbXrecord
  280
1
  102
DISPLAYNAME
  1
Imperial24
  102
FLAGS
  90
0
  0
CELLSTYLEMAP
  5
300
  102
{ACAD_REACTORS
  330
FF
  102
}
  330
FF
  100
AcDbCellStyleMap
  90
3
  300
CELLSTYLE
  1
TABLEFORMAT_BEGIN
  90
5
  170
1
  91
0
  92
32768
  62
257
  93
1
  300
CONTENTFORMAT
  1
CONTENTFORMAT_BEGIN
  90
0
  91
0
  92
512
  93
0
  300

  40
0
  140
1
  94
5
  62
0
  340
11
  144
0.25
  309
CONTENTFORMAT_END
  171
1
  301
MARGIN
  1
CELLMARGIN_BEGIN
  40
0.06
  40
0.06
  40
0.06
  40
0.06
  40
0.18
  40
0.18
  309
CELLMARGIN_END
  94
6
  95
1
  302
GRIDFORMAT
  1
GRIDFORMAT_BEGIN
  90
0
  91
1
  62
0
  92
-2
  340
0
  93
0
  40
0.045
  309
GRIDFORMAT_END
  95
2
  302
GRIDFORMAT
  1
GRIDFORMAT_BEGIN
  90
0
  91
1
  62
0
  92
-2
  340
0
  93
0
  40
0.045
  309
GRIDFORMAT_END
  95
4
  302
GRIDFORMAT
  1
GRIDFORMAT_BEGIN
  90
0
  91
1
  62
0
  92
-2
  340
0
  93
0
  40
0.045
  309
GRIDFORMAT_END
  95
8
  302
GRIDFORMAT
  1
GRIDFORMAT_BEGIN
  90
0
  91
1
  62
0
  92
-2
  340
0
  93
0
  40
0.045
  309
GRIDFORMAT_END
  95
16
  302
GRIDFORMAT
  1
GRIDFORMAT_BEGIN
  90
0
  91
1
  62
0
  92
-2
  340
0
  93
0
  40
0.045
  309
GRIDFORMAT_END
  95
32
  302
GRIDFORMAT
  1
GRIDFORMAT_BEGIN
  90
0
  91
1
  62
0
  92
-2
  340
0
  93
0
  40
0.045
  309
GRIDFORMAT_END
  309
TABLEFORMAT_END
  1
CELLSTYLE_BEGIN
  90
1
  91
1
  300
_TITLE
  309
CELLSTYLE_END
  300
CELLSTYLE
  1
TABLEFORMAT_BEGIN
  90
5
  170
1
  91
0
  92
0
  62
257
  93
1
  300
CONTENTFORMAT
  1
CONTENTFORMAT_BEGIN
  90
0
  91
0
  92
512
  93
0
  300

  40
0
  140
1
  94
5
  62
0
  340
11
  144
0.18
  309
CONTENTFORMAT_END
  171
1
  301
MARGIN
  1
CELLMARGIN_BEGIN
  40
0.06
  40
0.06
  40
0.06
  40
0.06
  40
0.18
  40
0.18
  309
CELLMARGIN_END
  94
6
  95
1
  302
GRIDFORMAT
  1
GRIDFORMAT_BEGIN
  90
0
  91
1
  62
0
  92
-2
  340
0
  93
0
  40
0.045
  309
GRIDFORMAT_END
  95
2
  302
GRIDFORMAT
  1
GRIDFORMAT_BEGIN
  90
0
  91
1
  62
0
  92
-2
  340
0
  93
0
  40
0.045
  309
GRIDFORMAT_END
  95
4
  302
GRIDFORMAT
  1
GRIDFORMAT_BEGIN
  90
0
  91
1
  62
0
  92
-2
  340
0
  93
0
  40
0.045
  309
GRIDFORMAT_END
  95
8
  302
GRIDFORMAT
  1
GRIDFORMAT_BEGIN
  90
0
  91
1
  62
0
  92
-2
  340
0
  93
0
  40
0.045
  309
GRIDFORMAT_END
  95
16
  302
GRIDFORMAT
  1
GRIDFORMAT_BEGIN
  90
0
  91
1
  62
0
  92
-2
  340
0
  93
0
  40
0.045
  309
GRIDFORMAT_END
  95
32
  302
GRIDFORMAT
  1
GRIDFORMAT_BEGIN
  90
0
  91
1
  62
0
  92
-2
  340
0
  93
0
  40
0.045
  309
GRIDFORMAT_END
  309
TABLEFORMAT_END
  1
CELLSTYLE_BEGIN
  90
2
  91
1
  300
_HEADER
  309
CELLSTYLE_END
  300
CELLSTYLE
  1
TABLEFORMAT_BEGIN
  90
5
  170
1
  91
0
  92
0
  62
257
  93
1
  300
CONTENTFORMAT
  1
CONTENTFORMAT_BEGIN
  90
0
  91
0
  92
512
  93
0
  300

  40
0
  140
1
  94
2
  62
0
  340
11
  144
0.18
  309
CONTENTFORMAT_END
  171
1
  301
MARGIN
  1
CELLMARGIN_BEGIN
  40
0.06
  40
0.06
  40
0.06
  40
0.06
  40
0.18
  40
0.18
  309
CELLMARGIN_END
  94
6
  95
1
  302
GRIDFORMAT
  1
GRIDFORMAT_BEGIN
  90
0
  91
1
  62
0
  92
-2
  340
0
  93
0
  40
0.045
  309
GRIDFORMAT_END
  95
2
  302
GRIDFORMAT
  1
GRIDFORMAT_BEGIN
  90
0
  91
1
  62
0
  92
-2
  340
0
  93
0
  40
0.045
  309
GRIDFORMAT_END
  95
4
  302
GRIDFORMAT
  1
GRIDFORMAT_BEGIN
  90
0
  91
1
  62
0
  92
-2
  340
0
  93
0
  40
0.045
  309
GRIDFORMAT_END
  95
8
  302
GRIDFORMAT
  1
GRIDFORMAT_BEGIN
  90
0
  91
1
  62
0
  92
-2
  340
0
  93
0
  40
0.045
  309
GRIDFORMAT_END
  95
16
  302
GRIDFORMAT
  1
GRIDFORMAT_BEGIN
  90
0
  91
1
  62
0
  92
-2
  340
0
  93
0
  40
0.045
  309
GRIDFORMAT_END
  95
32
  302
GRIDFORMAT
  1
GRIDFORMAT_BEGIN
  90
0
  91
1
  62
0
  92
-2
  340
0
  93
0
  40
0.045
  309
GRIDFORMAT_END
  309
TABLEFORMAT_END
  1
CELLSTYLE_BEGIN
  90
3
  91
2
  300
_DATA
  309
CELLSTYLE_END
  0
XRECORD
  5
315
  102
{ACAD_REACTORS
  330
314
  102
}
  330
314
  100
AcDbXrecord
  280
1
  102
RTVSPost2010Prop28
  280
1
  102
RTVSPost2010PropOp28
  70
1
  102
RTVSPost2010Prop29
  280
1
  102
RTVSPost2010PropOp29
  70
1
  102
RTVSPost2010Prop30
  280
0
  102
RTVSPost2010PropOp30
  70
1
  102
RTVSPost2010Prop31
  280
0
  102
RTVSPost2010PropOp31
  70
1
  102
RTVSPost2010Prop32
  280
0
  102
RTVSPost2010PropOp32
  70
1
  102
RTVSPost2010Prop33
  280
0
  102
RTVSPost2010PropOp33
  70
1
  102
RTVSPost2010Prop34
  280
0
  102
RTVSPost2010PropOp34
  70
1
  102
RTVSPost2010Prop35
  280
0
  102
RTVSPost2010PropOp35
  70
1
  102
RTVSPost2010Prop36
  280
0
  102
RTVSPost2010PropOp36
  70
1
  102
RTVSPost2010Prop37
  90
50
  102
RTVSPost2010PropOp37
  70
1
  102
RTVSPost2010Prop38
  140
0
  102
RTVSPost2010PropOp38
  70
1
  102
RTVSPost2010Prop39
  140
1
  102
RTVSPost2010PropOp39
  70
1
  102
RTVSPost2010Prop40
  90
0
  102
RTVSPost2010PropOp40
  70
1
  102
RTVSPost2010Prop41ColorIndex
  90
18
  102
RTVSPost2010Prop41ColorRGB
  90
0
  102
RTVSPost2010PropOp41
  70
1
  102
RTVSPost2010Prop42
  90
50
  102
RTVSPost2010PropOp42
  70
1
  102
RTVSPost2010Prop43
  90
3
  102
RTVSPost2010PropOp43
  70
1
  102
RTVSPost2010Prop44ColorIndex
  90
5
  102
RTVSPost2010Prop44ColorRGB
  90
255
  102
RTVSPost2010PropOp44
  70
1
  102
RTVSPost2010Prop45
  280
0
  102
RTVSPost2010PropOp45
  70
1
  102
RTVSPost2010Prop46
  90
50
  102
RTVSPost2010PropOp46
  70
1
  102
RTVSPost2010Prop47
  90
50
  102
RTVSPost2010PropOp47
  70
1
  102
RTVSPost2010Prop48
  90
50
  102
RTVSPost2010PropOp48
  70
1
  102
RTVSPost2010Prop49
  280
0
  102
RTVSPost2010PropOp49
  70
1
  102
RTVSPost2010Prop50
  90
50
  102
RTVSPost2010PropOp50
  70
1
  102
RTVSPost2010Prop51ColorIndex
  90
256
  102
RTVSPost2010Prop51ColorRGB
  90
-16777216
  102
RTVSPost2010PropOp51
  70
0
  102
RTVSPost2010Prop52
  140
1
  102
RTVSPost2010PropOp52
  70
0
  102
RTVSPost2010Prop53
  90
2
  102
RTVSPost2010PropOp53
  70
1
  102
RTVSPost2010Prop54
  1
strokes_ogs.tif
  102
RTVSPost2010PropOp54
  70
1
  102
RTVSPost2010Prop55
  280
0
  102
RTVSPost2010PropOp55
  70
1
  102
RTVSPost2010Prop56
  140
1
  102
RTVSPost2010PropOp56
  70
1
  102
RTVSPost2010Prop57
  140
1
  102
RTVSPost2010PropOp57
  70
1
  102
RTVSPropertyOp0
  70
1
  102
RTVSPropertyOp1
  70
1
  102
RTVSPropertyOp2
  70
1
  102
RTVSPropertyOp3
  70
1
  102
RTVSPropertyOp4
  70
1
  102
RTVSPropertyOp5
  70
1
  102
RTVSPropertyOp6
  70
1
  102
RTVSPropertyOp7
  70
1
  102
RTVSPropertyOp8
  70
1
  102
RTVSPropertyOp9
  70
1
  102
RTVSPropertyOp10
  70
1
  102
RTVSPropertyOp11
  70
1
  102
RTVSPropertyOp12
  70
1
  102
RTVSPropertyOp13
  70
1
  102
RTVSPropertyOp14
  70
1
  102
RTVSPropertyOp15
  70
1
  102
RTVSPropertyOp16
  70
1
  102
RTVSPropertyOp17
  70
1
  102
RTVSPropertyOp18
  70
1
  102
RTVSPropertyOp19
  70
1
  102
RTVSPropertyOp20
  70
1
  102
RTVSPropertyOp21
  70
1
  102
RTVSPropertyOp22
  70
1
  102
RTVSPropertyOp23
  70
1
  102
RTVSPropertyOp24
  70
1
  102
RTVSPropertyOp25
  70
1
  102
RTVSPropertyOp26
  70
1
  102
RTVSPropertyOp27
  70
1
  102
RTVSPropertyOp28
  70
1
  102
RTVSPropertyOp29
  70
1
  102
RTVSPropertyOp30
  70
1
  102
RTVSPropertyOp31
  70
1
  102
RTVSPropertyOp32
  70
1
  102
RTVSPropertyOp33
  70
1
  102
RTVSPropertyOp34
  70
1
  102
RTVSPropertyOp35
  70
1
  102
RTVSPropertyOp36
  70
1
  102
RTVSPropertyOp37
  70
1
  102
RTVSPropertyOp38
  70
1
  102
RTVSPropertyOp39
  70
1
  102
RTVSPropertyOp40
  70
1
  102
RTVSPropertyOp41
  70
1
  102
RTVSPropertyOp42
  70
1
  102
RTVSPropertyOp43
  70
1
  102
RTVSPropertyOp44
  70
1
  102
RTVSPropertyOp45
  70
1
  102
RTVSPropertyOp46
  70
1
  102
RTVSPropertyOp47
  70
1
  102
RTVSPropertyOp48
  70
1
  102
RTVSPropertyOp49
  70
1
  102
RTVSPropertyOp50
  70
1
  102
RTVSPropertyOp51
  70
0
  102
RTVSPropertyOp52
  70
0
  102
RTVSPropertyOp53
  70
1
  102
RTVSPropertyOp54
  70
1
  102
RTVSPropertyOp55
  70
1
  102
RTVSPropertyOp56
  70
1
  102
RTVSPropertyOp57
  70
1
  102
RTVSPropertyOp58
  70
1
  102
RTVSPropertyOp59
  70
1
  102
RTVSPropertyOp60
  70
1
  102
RTVSPropertyOp61
  70
1
  102
RTVSPropertyOp62
  70
1
  0
XRECORD
  5
313
  102
{ACAD_REACTORS
  330
312
  102
}
  330
312
  100
AcDbXrecord
  280
1
  102
RTVSPost2010Prop28
  280
0
  102
RTVSPost2010PropOp28
  70
1
  102
RTVSPost2010Prop29
  280
1
  102
RTVSPost2010PropOp29
  70
1
  102
RTVSPost2010Prop30
  280
1
  102
RTVSPost2010PropOp30
  70
1
  102
RTVSPost2010Prop31
  280
0
  102
RTVSPost2010PropOp31
  70
1
  102
RTVSPost2010Prop32
  280
0
  102
RTVSPost2010PropOp32
  70
1
  102
RTVSPost2010Prop33
  280
0
  102
RTVSPost2010PropOp33
  70
1
  102
RTVSPost2010Prop34
  280
0
  102
RTVSPost2010PropOp34
  70
1
  102
RTVSPost2010Prop35
  280
0
  102
RTVSPost2010PropOp35
  70
1
  102
RTVSPost2010Prop36
  280
0
  102
RTVSPost2010PropOp36
  70
1
  102
RTVSPost2010Prop37
  90
50
  102
RTVSPost2010PropOp37
  70
1
  102
RTVSPost2010Prop38
  140
0
  102
RTVSPost2010PropOp38
  70
1
  102
RTVSPost2010Prop39
  140
1
  102
RTVSPost2010PropOp39
  70
1
  102
RTVSPost2010Prop40
  90
0
  102
RTVSPost2010PropOp40
  70
1
  102
RTVSPost2010Prop41ColorIndex
  90
18
  102
RTVSPost2010Prop41ColorRGB
  90
0
  102
RTVSPost2010PropOp41
  70
1
  102
RTVSPost2010Prop42
  90
50
  102
RTVSPost2010PropOp42
  70
1
  102
RTVSPost2010Prop43
  90
3
  102
RTVSPost2010PropOp43
  70
1
  102
RTVSPost2010Prop44ColorIndex
  90
5
  102
RTVSPost2010Prop44ColorRGB
  90
255
  102
RTVSPost2010PropOp44
  70
1
  102
RTVSPost2010Prop45
  280
0
  102
RTVSPost2010PropOp45
  70
1
  102
RTVSPost2010Prop46
  90
50
  102
RTVSPost2010PropOp46
  70
1
  102
RTVSPost2010Prop47
  90
50
  102
RTVSPost2010PropOp47
  70
1
  102
RTVSPost2010Prop48
  90
50
  102
RTVSPost2010PropOp48
  70
1
  102
RTVSPost2010Prop49
  280
0
  102
RTVSPost2010PropOp49
  70
1
  102
RTVSPost2010Prop50
  90
50
  102
RTVSPost2010PropOp50
  70
1
  102
RTVSPost2010Prop51ColorIndex
  90
256
  102
RTVSPost2010Prop51ColorRGB
  90
-16777216
  102
RTVSPost2010PropOp51
  70
0
  102
RTVSPost2010Prop52
  140
1
  102
RTVSPost2010PropOp52
  70
0
  102
RTVSPost2010Prop53
  90
2
  102
RTVSPost2010PropOp53
  70
1
  102
RTVSPost2010Prop54
  1
strokes_ogs.tif
  102
RTVSPost2010PropOp54
  70
1
  102
RTVSPost2010Prop55
  280
0
  102
RTVSPost2010PropOp55
  70
1
  102
RTVSPost2010Prop56
  140
1
  102
RTVSPost2010PropOp56
  70
1
  102
RTVSPost2010Prop57
  140
1
  102
RTVSPost2010PropOp57
  70
1
  102
RTVSPropertyOp0
  70
1
  102
RTVSPropertyOp1
  70
1
  102
RTVSPropertyOp2
  70
1
  102
RTVSPropertyOp3
  70
1
  102
RTVSPropertyOp4
  70
1
  102
RTVSPropertyOp5
  70
1
  102
RTVSPropertyOp6
  70
1
  102
RTVSPropertyOp7
  70
1
  102
RTVSPropertyOp8
  70
1
  102
RTVSPropertyOp9
  70
1
  102
RTVSPropertyOp10
  70
1
  102
RTVSPropertyOp11
  70
1
  102
RTVSPropertyOp12
  70
1
  102
RTVSPropertyOp13
  70
1
  102
RTVSPropertyOp14
  70
1
  102
RTVSPropertyOp15
  70
1
  102
RTVSPropertyOp16
  70
1
  102
RTVSPropertyOp17
  70
1
  102
RTVSPropertyOp18
  70
1
  102
RTVSPropertyOp19
  70
1
  102
RTVSPropertyOp20
  70
1
  102
RTVSPropertyOp21
  70
1
  102
RTVSPropertyOp22
  70
1
  102
RTVSPropertyOp23
  70
1
  102
RTVSPropertyOp24
  70
1
  102
RTVSPropertyOp25
  70
1
  102
RTVSPropertyOp26
  70
1
  102
RTVSPropertyOp27
  70
1
  102
RTVSPropertyOp28
  70
1
  102
RTVSPropertyOp29
  70
1
  102
RTVSPropertyOp30
  70
1
  102
RTVSPropertyOp31
  70
1
  102
RTVSPropertyOp32
  70
1
  102
RTVSPropertyOp33
  70
1
  102
RTVSPropertyOp34
  70
1
  102
RTVSPropertyOp35
  70
1
  102
RTVSPropertyOp36
  70
1
  102
RTVSPropertyOp37
  70
1
  102
RTVSPropertyOp38
  70
1
  102
RTVSPropertyOp39
  70
1
  102
RTVSPropertyOp40
  70
1
  102
RTVSPropertyOp41
  70
1
  102
RTVSPropertyOp42
  70
1
  102
RTVSPropertyOp43
  70
1
  102
RTVSPropertyOp44
  70
1
  102
RTVSPropertyOp45
  70
1
  102
RTVSPropertyOp46
  70
1
  102
RTVSPropertyOp47
  70
1
  102
RTVSPropertyOp48
  70
1
  102
RTVSPropertyOp49
  70
1
  102
RTVSPropertyOp50
  70
1
  102
RTVSPropertyOp51
  70
0
  102
RTVSPropertyOp52
  70
0
  102
RTVSPropertyOp53
  70
1
  102
RTVSPropertyOp54
  70
1
  102
RTVSPropertyOp55
  70
1
  102
RTVSPropertyOp56
  70
1
  102
RTVSPropertyOp57
  70
1
  102
RTVSPropertyOp58
  70
1
  102
RTVSPropertyOp59
  70
1
  102
RTVSPropertyOp60
  70
1
  102
RTVSPropertyOp61
  70
1
  102
RTVSPropertyOp62
  70
1
  0
XRECORD
  5
321
  102
{ACAD_REACTORS
  330
320
  102
}
  330
320
  100
AcDbXrecord
  280
1
  102
RTVSPost2010Prop28
  280
0
  102
RTVSPost2010PropOp28
  70
1
  102
RTVSPost2010Prop29
  280
1
  102
RTVSPost2010PropOp29
  70
1
  102
RTVSPost2010Prop30
  280
1
  102
RTVSPost2010PropOp30
  70
1
  102
RTVSPost2010Prop31
  280
0
  102
RTVSPost2010PropOp31
  70
1
  102
RTVSPost2010Prop32
  280
0
  102
RTVSPost2010PropOp32
  70
1
  102
RTVSPost2010Prop33
  280
0
  102
RTVSPost2010PropOp33
  70
1
  102
RTVSPost2010Prop34
  280
0
  102
RTVSPost2010PropOp34
  70
1
  102
RTVSPost2010Prop35
  280
0
  102
RTVSPost2010PropOp35
  70
1
  102
RTVSPost2010Prop36
  280
0
  102
RTVSPost2010PropOp36
  70
1
  102
RTVSPost2010Prop37
  90
50
  102
RTVSPost2010PropOp37
  70
1
  102
RTVSPost2010Prop38
  140
0
  102
RTVSPost2010PropOp38
  70
1
  102
RTVSPost2010Prop39
  140
1
  102
RTVSPost2010PropOp39
  70
1
  102
RTVSPost2010Prop40
  90
0
  102
RTVSPost2010PropOp40
  70
1
  102
RTVSPost2010Prop41ColorIndex
  90
18
  102
RTVSPost2010Prop41ColorRGB
  90
0
  102
RTVSPost2010PropOp41
  70
1
  102
RTVSPost2010Prop42
  90
50
  102
RTVSPost2010PropOp42
  70
1
  102
RTVSPost2010Prop43
  90
3
  102
RTVSPost2010PropOp43
  70
1
  102
RTVSPost2010Prop44ColorIndex
  90
5
  102
RTVSPost2010Prop44ColorRGB
  90
255
  102
RTVSPost2010PropOp44
  70
1
  102
RTVSPost2010Prop45
  280
0
  102
RTVSPost2010PropOp45
  70
1
  102
RTVSPost2010Prop46
  90
50
  102
RTVSPost2010PropOp46
  70
1
  102
RTVSPost2010Prop47
  90
50
  102
RTVSPost2010PropOp47
  70
1
  102
RTVSPost2010Prop48
  90
50
  102
RTVSPost2010PropOp48
  70
1
  102
RTVSPost2010Prop49
  280
0
  102
RTVSPost2010PropOp49
  70
1
  102
RTVSPost2010Prop50
  90
50
  102
RTVSPost2010PropOp50
  70
1
  102
RTVSPost2010Prop51ColorIndex
  90
256
  102
RTVSPost2010Prop51ColorRGB
  90
-16777216
  102
RTVSPost2010PropOp51
  70
0
  102
RTVSPost2010Prop52
  140
1
  102
RTVSPost2010PropOp52
  70
0
  102
RTVSPost2010Prop53
  90
2
  102
RTVSPost2010PropOp53
  70
1
  102
RTVSPost2010Prop54
  1
strokes_ogs.tif
  102
RTVSPost2010PropOp54
  70
1
  102
RTVSPost2010Prop55
  280
0
  102
RTVSPost2010PropOp55
  70
1
  102
RTVSPost2010Prop56
  140
1
  102
RTVSPost2010PropOp56
  70
1
  102
RTVSPost2010Prop57
  140
1
  102
RTVSPost2010PropOp57
  70
1
  102
RTVSPropertyOp0
  70
1
  102
RTVSPropertyOp1
  70
1
  102
RTVSPropertyOp2
  70
1
  102
RTVSPropertyOp3
  70
1
  102
RTVSPropertyOp4
  70
1
  102
RTVSPropertyOp5
  70
1
  102
RTVSPropertyOp6
  70
1
  102
RTVSPropertyOp7
  70
1
  102
RTVSPropertyOp8
  70
1
  102
RTVSPropertyOp9
  70
1
  102
RTVSPropertyOp10
  70
1
  102
RTVSPropertyOp11
  70
1
  102
RTVSPropertyOp12
  70
1
  102
RTVSPropertyOp13
  70
1
  102
RTVSPropertyOp14
  70
1
  102
RTVSPropertyOp15
  70
1
  102
RTVSPropertyOp16
  70
1
  102
RTVSPropertyOp17
  70
1
  102
RTVSPropertyOp18
  70
1
  102
RTVSPropertyOp19
  70
1
  102
RTVSPropertyOp20
  70
1
  102
RTVSPropertyOp21
  70
1
  102
RTVSPropertyOp22
  70
1
  102
RTVSPropertyOp23
  70
1
  102
RTVSPropertyOp24
  70
1
  102
RTVSPropertyOp25
  70
1
  102
RTVSPropertyOp26
  70
1
  102
RTVSPropertyOp27
  70
1
  102
RTVSPropertyOp28
  70
1
  102
RTVSPropertyOp29
  70
1
  102
RTVSPropertyOp30
  70
1
  102
RTVSPropertyOp31
  70
1
  102
RTVSPropertyOp32
  70
1
  102
RTVSPropertyOp33
  70
1
  102
RTVSPropertyOp34
  70
1
  102
RTVSPropertyOp35
  70
1
  102
RTVSPropertyOp36
  70
1
  102
RTVSPropertyOp37
  70
1
  102
RTVSPropertyOp38
  70
1
  102
RTVSPropertyOp39
  70
1
  102
RTVSPropertyOp40
  70
1
  102
RTVSPropertyOp41
  70
1
  102
RTVSPropertyOp42
  70
1
  102
RTVSPropertyOp43
  70
1
  102
RTVSPropertyOp44
  70
1
  102
RTVSPropertyOp45
  70
1
  102
RTVSPropertyOp46
  70
1
  102
RTVSPropertyOp47
  70
1
  102
RTVSPropertyOp48
  70
1
  102
RTVSPropertyOp49
  70
1
  102
RTVSPropertyOp50
  70
1
  102
RTVSPropertyOp51
  70
0
  102
RTVSPropertyOp52
  70
0
  102
RTVSPropertyOp53
  70
1
  102
RTVSPropertyOp54
  70
1
  102
RTVSPropertyOp55
  70
1
  102
RTVSPropertyOp56
  70
1
  102
RTVSPropertyOp57
  70
1
  102
RTVSPropertyOp58
  70
1
  102
RTVSPropertyOp59
  70
1
  102
RTVSPropertyOp60
  70
1
  102
RTVSPropertyOp61
  70
1
  102
RTVSPropertyOp62
  70
1
  0
XRECORD
  5
329
  102
{ACAD_REACTORS
  330
328
  102
}
  330
328
  100
AcDbXrecord
  280
1
  102
RTVSPost2010Prop28
  280
0
  102
RTVSPost2010PropOp28
  70
1
  102
RTVSPost2010Prop29
  280
1
  102
RTVSPost2010PropOp29
  70
1
  102
RTVSPost2010Prop30
  280
1
  102
RTVSPost2010PropOp30
  70
1
  102
RTVSPost2010Prop31
  280
0
  102
RTVSPost2010PropOp31
  70
1
  102
RTVSPost2010Prop32
  280
0
  102
RTVSPost2010PropOp32
  70
1
  102
RTVSPost2010Prop33
  280
0
  102
RTVSPost2010PropOp33
  70
1
  102
RTVSPost2010Prop34
  280
0
  102
RTVSPost2010PropOp34
  70
1
  102
RTVSPost2010Prop35
  280
0
  102
RTVSPost2010PropOp35
  70
1
  102
RTVSPost2010Prop36
  280
0
  102
RTVSPost2010PropOp36
  70
1
  102
RTVSPost2010Prop37
  90
50
  102
RTVSPost2010PropOp37
  70
1
  102
RTVSPost2010Prop38
  140
0
  102
RTVSPost2010PropOp38
  70
1
  102
RTVSPost2010Prop39
  140
1
  102
RTVSPost2010PropOp39
  70
1
  102
RTVSPost2010Prop40
  90
0
  102
RTVSPost2010PropOp40
  70
1
  102
RTVSPost2010Prop41ColorIndex
  90
18
  102
RTVSPost2010Prop41ColorRGB
  90
0
  102
RTVSPost2010PropOp41
  70
1
  102
RTVSPost2010Prop42
  90
50
  102
RTVSPost2010PropOp42
  70
1
  102
RTVSPost2010Prop43
  90
3
  102
RTVSPost2010PropOp43
  70
1
  102
RTVSPost2010Prop44ColorIndex
  90
5
  102
RTVSPost2010Prop44ColorRGB
  90
255
  102
RTVSPost2010PropOp44
  70
1
  102
RTVSPost2010Prop45
  280
0
  102
RTVSPost2010PropOp45
  70
1
  102
RTVSPost2010Prop46
  90
50
  102
RTVSPost2010PropOp46
  70
1
  102
RTVSPost2010Prop47
  90
50
  102
RTVSPost2010PropOp47
  70
1
  102
RTVSPost2010Prop48
  90
50
  102
RTVSPost2010PropOp48
  70
1
  102
RTVSPost2010Prop49
  280
0
  102
RTVSPost2010PropOp49
  70
1
  102
RTVSPost2010Prop50
  90
50
  102
RTVSPost2010PropOp50
  70
1
  102
RTVSPost2010Prop51ColorIndex
  90
256
  102
RTVSPost2010Prop51ColorRGB
  90
-16777216
  102
RTVSPost2010PropOp51
  70
0
  102
RTVSPost2010Prop52
  140
1
  102
RTVSPost2010PropOp52
  70
0
  102
RTVSPost2010Prop53
  90
2
  102
RTVSPost2010PropOp53
  70
1
  102
RTVSPost2010Prop54
  1
strokes_ogs.tif
  102
RTVSPost2010PropOp54
  70
1
  102
RTVSPost2010Prop55
  280
0
  102
RTVSPost2010PropOp55
  70
1
  102
RTVSPost2010Prop56
  140
1
  102
RTVSPost2010PropOp56
  70
1
  102
RTVSPost2010Prop57
  140
1
  102
RTVSPost2010PropOp57
  70
1
  102
RTVSPropertyOp0
  70
1
  102
RTVSPropertyOp1
  70
1
  102
RTVSPropertyOp2
  70
1
  102
RTVSPropertyOp3
  70
1
  102
RTVSPropertyOp4
  70
1
  102
RTVSPropertyOp5
  70
1
  102
RTVSPropertyOp6
  70
1
  102
RTVSPropertyOp7
  70
1
  102
RTVSPropertyOp8
  70
1
  102
RTVSPropertyOp9
  70
1
  102
RTVSPropertyOp10
  70
1
  102
RTVSPropertyOp11
  70
1
  102
RTVSPropertyOp12
  70
1
  102
RTVSPropertyOp13
  70
1
  102
RTVSPropertyOp14
  70
1
  102
RTVSPropertyOp15
  70
1
  102
RTVSPropertyOp16
  70
1
  102
RTVSPropertyOp17
  70
1
  102
RTVSPropertyOp18
  70
1
  102
RTVSPropertyOp19
  70
1
  102
RTVSPropertyOp20
  70
1
  102
RTVSPropertyOp21
  70
1
  102
RTVSPropertyOp22
  70
1
  102
RTVSPropertyOp23
  70
1
  102
RTVSPropertyOp24
  70
1
  102
RTVSPropertyOp25
  70
1
  102
RTVSPropertyOp26
  70
1
  102
RTVSPropertyOp27
  70
1
  102
RTVSPropertyOp28
  70
1
  102
RTVSPropertyOp29
  70
1
  102
RTVSPropertyOp30
  70
1
  102
RTVSPropertyOp31
  70
1
  102
RTVSPropertyOp32
  70
1
  102
RTVSPropertyOp33
  70
1
  102
RTVSPropertyOp34
  70
1
  102
RTVSPropertyOp35
  70
1
  102
RTVSPropertyOp36
  70
1
  102
RTVSPropertyOp37
  70
1
  102
RTVSPropertyOp38
  70
1
  102
RTVSPropertyOp39
  70
1
  102
RTVSPropertyOp40
  70
1
  102
RTVSPropertyOp41
  70
1
  102
RTVSPropertyOp42
  70
1
  102
RTVSPropertyOp43
  70
1
  102
RTVSPropertyOp44
  70
1
  102
RTVSPropertyOp45
  70
1
  102
RTVSPropertyOp46
  70
1
  102
RTVSPropertyOp47
  70
1
  102
RTVSPropertyOp48
  70
1
  102
RTVSPropertyOp49
  70
1
  102
RTVSPropertyOp50
  70
1
  102
RTVSPropertyOp51
  70
0
  102
RTVSPropertyOp52
  70
0
  102
RTVSPropertyOp53
  70
1
  102
RTVSPropertyOp54
  70
1
  102
RTVSPropertyOp55
  70
1
  102
RTVSPropertyOp56
  70
1
  102
RTVSPropertyOp57
  70
1
  102
RTVSPropertyOp58
  70
1
  102
RTVSPropertyOp59
  70
1
  102
RTVSPropertyOp60
  70
1
  102
RTVSPropertyOp61
  70
1
  102
RTVSPropertyOp62
  70
1
  0
XRECORD
  5
31B
  102
{ACAD_REACTORS
  330
31A
  102
}
  330
31A
  100
AcDbXrecord
  280
1
  102
RTVSPost2010Prop28
  280
0
  102
RTVSPost2010PropOp28
  70
1
  102
RTVSPost2010Prop29
  280
1
  102
RTVSPost2010PropOp29
  70
1
  102
RTVSPost2010Prop30
  280
1
  102
RTVSPost2010PropOp30
  70
1
  102
RTVSPost2010Prop31
  280
0
  102
RTVSPost2010PropOp31
  70
1
  102
RTVSPost2010Prop32
  280
0
  102
RTVSPost2010PropOp32
  70
1
  102
RTVSPost2010Prop33
  280
0
  102
RTVSPost2010PropOp33
  70
1
  102
RTVSPost2010Prop34
  280
0
  102
RTVSPost2010PropOp34
  70
1
  102
RTVSPost2010Prop35
  280
0
  102
RTVSPost2010PropOp35
  70
1
  102
RTVSPost2010Prop36
  280
0
  102
RTVSPost2010PropOp36
  70
1
  102
RTVSPost2010Prop37
  90
50
  102
RTVSPost2010PropOp37
  70
1
  102
RTVSPost2010Prop38
  140
0
  102
RTVSPost2010PropOp38
  70
1
  102
RTVSPost2010Prop39
  140
1
  102
RTVSPost2010PropOp39
  70
1
  102
RTVSPost2010Prop40
  90
0
  102
RTVSPost2010PropOp40
  70
1
  102
RTVSPost2010Prop41ColorIndex
  90
18
  102
RTVSPost2010Prop41ColorRGB
  90
0
  102
RTVSPost2010PropOp41
  70
1
  102
RTVSPost2010Prop42
  90
50
  102
RTVSPost2010PropOp42
  70
1
  102
RTVSPost2010Prop43
  90
3
  102
RTVSPost2010PropOp43
  70
1
  102
RTVSPost2010Prop44ColorIndex
  90
5
  102
RTVSPost2010Prop44ColorRGB
  90
255
  102
RTVSPost2010PropOp44
  70
1
  102
RTVSPost2010Prop45
  280
0
  102
RTVSPost2010PropOp45
  70
1
  102
RTVSPost2010Prop46
  90
50
  102
RTVSPost2010PropOp46
  70
1
  102
RTVSPost2010Prop47
  90
50
  102
RTVSPost2010PropOp47
  70
1
  102
RTVSPost2010Prop48
  90
50
  102
RTVSPost2010PropOp48
  70
1
  102
RTVSPost2010Prop49
  280
0
  102
RTVSPost2010PropOp49
  70
1
  102
RTVSPost2010Prop50
  90
50
  102
RTVSPost2010PropOp50
  70
1
  102
RTVSPost2010Prop51ColorIndex
  90
256
  102
RTVSPost2010Prop51ColorRGB
  90
-16777216
  102
RTVSPost2010PropOp51
  70
0
  102
RTVSPost2010Prop52
  140
1
  102
RTVSPost2010PropOp52
  70
0
  102
RTVSPost2010Prop53
  90
2
  102
RTVSPost2010PropOp53
  70
1
  102
RTVSPost2010Prop54
  1
strokes_ogs.tif
  102
RTVSPost2010PropOp54
  70
1
  102
RTVSPost2010Prop55
  280
0
  102
RTVSPost2010PropOp55
  70
1
  102
RTVSPost2010Prop56
  140
1
  102
RTVSPost2010PropOp56
  70
1
  102
RTVSPost2010Prop57
  140
1
  102
RTVSPost2010PropOp57
  70
1
  102
RTVSPropertyOp0
  70
1
  102
RTVSPropertyOp1
  70
1
  102
RTVSPropertyOp2
  70
1
  102
RTVSPropertyOp3
  70
1
  102
RTVSPropertyOp4
  70
1
  102
RTVSPropertyOp5
  70
1
  102
RTVSPropertyOp6
  70
1
  102
RTVSPropertyOp7
  70
1
  102
RTVSPropertyOp8
  70
1
  102
RTVSPropertyOp9
  70
1
  102
RTVSPropertyOp10
  70
1
  102
RTVSPropertyOp11
  70
1
  102
RTVSPropertyOp12
  70
1
  102
RTVSPropertyOp13
  70
1
  102
RTVSPropertyOp14
  70
1
  102
RTVSPropertyOp15
  70
1
  102
RTVSPropertyOp16
  70
1
  102
RTVSPropertyOp17
  70
1
  102
RTVSPropertyOp18
  70
1
  102
RTVSPropertyOp19
  70
1
  102
RTVSPropertyOp20
  70
1
  102
RTVSPropertyOp21
  70
1
  102
RTVSPropertyOp22
  70
1
  102
RTVSPropertyOp23
  70
1
  102
RTVSPropertyOp24
  70
1
  102
RTVSPropertyOp25
  70
1
  102
RTVSPropertyOp26
  70
1
  102
RTVSPropertyOp27
  70
1
  102
RTVSPropertyOp28
  70
1
  102
RTVSPropertyOp29
  70
1
  102
RTVSPropertyOp30
  70
1
  102
RTVSPropertyOp31
  70
1
  102
RTVSPropertyOp32
  70
1
  102
RTVSPropertyOp33
  70
1
  102
RTVSPropertyOp34
  70
1
  102
RTVSPropertyOp35
  70
1
  102
RTVSPropertyOp36
  70
1
  102
RTVSPropertyOp37
  70
1
  102
RTVSPropertyOp38
  70
1
  102
RTVSPropertyOp39
  70
1
  102
RTVSPropertyOp40
  70
1
  102
RTVSPropertyOp41
  70
1
  102
RTVSPropertyOp42
  70
1
  102
RTVSPropertyOp43
  70
1
  102
RTVSPropertyOp44
  70
1
  102
RTVSPropertyOp45
  70
1
  102
RTVSPropertyOp46
  70
1
  102
RTVSPropertyOp47
  70
1
  102
RTVSPropertyOp48
  70
1
  102
RTVSPropertyOp49
  70
1
  102
RTVSPropertyOp50
  70
1
  102
RTVSPropertyOp51
  70
0
  102
RTVSPropertyOp52
  70
0
  102
RTVSPropertyOp53
  70
1
  102
RTVSPropertyOp54
  70
1
  102
RTVSPropertyOp55
  70
1
  102
RTVSPropertyOp56
  70
1
  102
RTVSPropertyOp57
  70
1
  102
RTVSPropertyOp58
  70
1
  102
RTVSPropertyOp59
  70
1
  102
RTVSPropertyOp60
  70
1
  102
RTVSPropertyOp61
  70
1
  102
RTVSPropertyOp62
  70
1
  0
XRECORD
  5
31F
  102
{ACAD_REACTORS
  330
31E
  102
}
  330
31E
  100
AcDbXrecord
  280
1
  102
RTVSPost2010Prop28
  280
0
  102
RTVSPost2010PropOp28
  70
1
  102
RTVSPost2010Prop29
  280
1
  102
RTVSPost2010PropOp29
  70
1
  102
RTVSPost2010Prop30
  280
1
  102
RTVSPost2010PropOp30
  70
1
  102
RTVSPost2010Prop31
  280
0
  102
RTVSPost2010PropOp31
  70
1
  102
RTVSPost2010Prop32
  280
0
  102
RTVSPost2010PropOp32
  70
1
  102
RTVSPost2010Prop33
  280
0
  102
RTVSPost2010PropOp33
  70
1
  102
RTVSPost2010Prop34
  280
0
  102
RTVSPost2010PropOp34
  70
1
  102
RTVSPost2010Prop35
  280
0
  102
RTVSPost2010PropOp35
  70
1
  102
RTVSPost2010Prop36
  280
0
  102
RTVSPost2010PropOp36
  70
1
  102
RTVSPost2010Prop37
  90
50
  102
RTVSPost2010PropOp37
  70
1
  102
RTVSPost2010Prop38
  140
0
  102
RTVSPost2010PropOp38
  70
1
  102
RTVSPost2010Prop39
  140
1
  102
RTVSPost2010PropOp39
  70
1
  102
RTVSPost2010Prop40
  90
0
  102
RTVSPost2010PropOp40
  70
1
  102
RTVSPost2010Prop41ColorIndex
  90
18
  102
RTVSPost2010Prop41ColorRGB
  90
0
  102
RTVSPost2010PropOp41
  70
1
  102
RTVSPost2010Prop42
  90
50
  102
RTVSPost2010PropOp42
  70
1
  102
RTVSPost2010Prop43
  90
3
  102
RTVSPost2010PropOp43
  70
1
  102
RTVSPost2010Prop44ColorIndex
  90
5
  102
RTVSPost2010Prop44ColorRGB
  90
255
  102
RTVSPost2010PropOp44
  70
1
  102
RTVSPost2010Prop45
  280
0
  102
RTVSPost2010PropOp45
  70
1
  102
RTVSPost2010Prop46
  90
50
  102
RTVSPost2010PropOp46
  70
1
  102
RTVSPost2010Prop47
  90
50
  102
RTVSPost2010PropOp47
  70
1
  102
RTVSPost2010Prop48
  90
50
  102
RTVSPost2010PropOp48
  70
1
  102
RTVSPost2010Prop49
  280
0
  102
RTVSPost2010PropOp49
  70
1
  102
RTVSPost2010Prop50
  90
50
  102
RTVSPost2010PropOp50
  70
1
  102
RTVSPost2010Prop51ColorIndex
  90
256
  102
RTVSPost2010Prop51ColorRGB
  90
-16777216
  102
RTVSPost2010PropOp51
  70
0
  102
RTVSPost2010Prop52
  140
1
  102
RTVSPost2010PropOp52
  70
0
  102
RTVSPost2010Prop53
  90
2
  102
RTVSPost2010PropOp53
  70
1
  102
RTVSPost2010Prop54
  1
strokes_ogs.tif
  102
RTVSPost2010PropOp54
  70
1
  102
RTVSPost2010Prop55
  280
0
  102
RTVSPost2010PropOp55
  70
1
  102
RTVSPost2010Prop56
  140
1
  102
RTVSPost2010PropOp56
  70
1
  102
RTVSPost2010Prop57
  140
1
  102
RTVSPost2010PropOp57
  70
1
  102
RTVSPropertyOp0
  70
1
  102
RTVSPropertyOp1
  70
1
  102
RTVSPropertyOp2
  70
1
  102
RTVSPropertyOp3
  70
1
  102
RTVSPropertyOp4
  70
1
  102
RTVSPropertyOp5
  70
1
  102
RTVSPropertyOp6
  70
1
  102
RTVSPropertyOp7
  70
1
  102
RTVSPropertyOp8
  70
1
  102
RTVSPropertyOp9
  70
1
  102
RTVSPropertyOp10
  70
1
  102
RTVSPropertyOp11
  70
1
  102
RTVSPropertyOp12
  70
1
  102
RTVSPropertyOp13
  70
1
  102
RTVSPropertyOp14
  70
1
  102
RTVSPropertyOp15
  70
1
  102
RTVSPropertyOp16
  70
1
  102
RTVSPropertyOp17
  70
1
  102
RTVSPropertyOp18
  70
1
  102
RTVSPropertyOp19
  70
1
  102
RTVSPropertyOp20
  70
1
  102
RTVSPropertyOp21
  70
1
  102
RTVSPropertyOp22
  70
1
  102
RTVSPropertyOp23
  70
1
  102
RTVSPropertyOp24
  70
1
  102
RTVSPropertyOp25
  70
1
  102
RTVSPropertyOp26
  70
1
  102
RTVSPropertyOp27
  70
1
  102
RTVSPropertyOp28
  70
1
  102
RTVSPropertyOp29
  70
1
  102
RTVSPropertyOp30
  70
1
  102
RTVSPropertyOp31
  70
1
  102
RTVSPropertyOp32
  70
1
  102
RTVSPropertyOp33
  70
1
  102
RTVSPropertyOp34
  70
1
  102
RTVSPropertyOp35
  70
1
  102
RTVSPropertyOp36
  70
1
  102
RTVSPropertyOp37
  70
1
  102
RTVSPropertyOp38
  70
1
  102
RTVSPropertyOp39
  70
1
  102
RTVSPropertyOp40
  70
1
  102
RTVSPropertyOp41
  70
1
  102
RTVSPropertyOp42
  70
1
  102
RTVSPropertyOp43
  70
1
  102
RTVSPropertyOp44
  70
1
  102
RTVSPropertyOp45
  70
1
  102
RTVSPropertyOp46
  70
1
  102
RTVSPropertyOp47
  70
1
  102
RTVSPropertyOp48
  70
1
  102
RTVSPropertyOp49
  70
1
  102
RTVSPropertyOp50
  70
1
  102
RTVSPropertyOp51
  70
0
  102
RTVSPropertyOp52
  70
0
  102
RTVSPropertyOp53
  70
1
  102
RTVSPropertyOp54
  70
1
  102
RTVSPropertyOp55
  70
1
  102
RTVSPropertyOp56
  70
1
  102
RTVSPropertyOp57
  70
1
  102
RTVSPropertyOp58
  70
1
  102
RTVSPropertyOp59
  70
1
  102
RTVSPropertyOp60
  70
1
  102
RTVSPropertyOp61
  70
1
  102
RTVSPropertyOp62
  70
1
  0
XRECORD
  5
32F
  102
{ACAD_REACTORS
  330
32E
  102
}
  330
32E
  100
AcDbXrecord
  280
1
  102
RTVSPost2010Prop28
  280
0
  102
RTVSPost2010PropOp28
  70
1
  102
RTVSPost2010Prop29
  280
1
  102
RTVSPost2010PropOp29
  70
1
  102
RTVSPost2010Prop30
  280
1
  102
RTVSPost2010PropOp30
  70
1
  102
RTVSPost2010Prop31
  280
0
  102
RTVSPost2010PropOp31
  70
1
  102
RTVSPost2010Prop32
  280
0
  102
RTVSPost2010PropOp32
  70
1
  102
RTVSPost2010Prop33
  280
0
  102
RTVSPost2010PropOp33
  70
1
  102
RTVSPost2010Prop34
  280
0
  102
RTVSPost2010PropOp34
  70
1
  102
RTVSPost2010Prop35
  280
0
  102
RTVSPost2010PropOp35
  70
1
  102
RTVSPost2010Prop36
  280
0
  102
RTVSPost2010PropOp36
  70
1
  102
RTVSPost2010Prop37
  90
50
  102
RTVSPost2010PropOp37
  70
1
  102
RTVSPost2010Prop38
  140
0
  102
RTVSPost2010PropOp38
  70
1
  102
RTVSPost2010Prop39
  140
1
  102
RTVSPost2010PropOp39
  70
1
  102
RTVSPost2010Prop40
  90
0
  102
RTVSPost2010PropOp40
  70
1
  102
RTVSPost2010Prop41ColorIndex
  90
18
  102
RTVSPost2010Prop41ColorRGB
  90
0
  102
RTVSPost2010PropOp41
  70
1
  102
RTVSPost2010Prop42
  90
50
  102
RTVSPost2010PropOp42
  70
1
  102
RTVSPost2010Prop43
  90
3
  102
RTVSPost2010PropOp43
  70
1
  102
RTVSPost2010Prop44ColorIndex
  90
5
  102
RTVSPost2010Prop44ColorRGB
  90
255
  102
RTVSPost2010PropOp44
  70
1
  102
RTVSPost2010Prop45
  280
0
  102
RTVSPost2010PropOp45
  70
1
  102
RTVSPost2010Prop46
  90
50
  102
RTVSPost2010PropOp46
  70
1
  102
RTVSPost2010Prop47
  90
50
  102
RTVSPost2010PropOp47
  70
1
  102
RTVSPost2010Prop48
  90
50
  102
RTVSPost2010PropOp48
  70
1
  102
RTVSPost2010Prop49
  280
0
  102
RTVSPost2010PropOp49
  70
1
  102
RTVSPost2010Prop50
  90
50
  102
RTVSPost2010PropOp50
  70
1
  102
RTVSPost2010Prop51ColorIndex
  90
256
  102
RTVSPost2010Prop51ColorRGB
  90
-16777216
  102
RTVSPost2010PropOp51
  70
0
  102
RTVSPost2010Prop52
  140
1
  102
RTVSPost2010PropOp52
  70
0
  102
RTVSPost2010Prop53
  90
2
  102
RTVSPost2010PropOp53
  70
1
  102
RTVSPost2010Prop54
  1
strokes_ogs.tif
  102
RTVSPost2010PropOp54
  70
1
  102
RTVSPost2010Prop55
  280
0
  102
RTVSPost2010PropOp55
  70
1
  102
RTVSPost2010Prop56
  140
1
  102
RTVSPost2010PropOp56
  70
1
  102
RTVSPost2010Prop57
  140
1
  102
RTVSPost2010PropOp57
  70
1
  102
RTVSPropertyOp0
  70
0
  102
RTVSPropertyOp1
  70
0
  102
RTVSPropertyOp2
  70
0
  102
RTVSPropertyOp3
  70
0
  102
RTVSPropertyOp4
  70
0
  102
RTVSPropertyOp5
  70
0
  102
RTVSPropertyOp6
  70
0
  102
RTVSPropertyOp7
  70
0
  102
RTVSPropertyOp8
  70
0
  102
RTVSPropertyOp9
  70
0
  102
RTVSPropertyOp10
  70
0
  102
RTVSPropertyOp11
  70
0
  102
RTVSPropertyOp12
  70
0
  102
RTVSPropertyOp13
  70
0
  102
RTVSPropertyOp14
  70
2
  102
RTVSPropertyOp15
  70
0
  102
RTVSPropertyOp16
  70
0
  102
RTVSPropertyOp17
  70
0
  102
RTVSPropertyOp18
  70
0
  102
RTVSPropertyOp19
  70
0
  102
RTVSPropertyOp20
  70
0
  102
RTVSPropertyOp21
  70
0
  102
RTVSPropertyOp22
  70
0
  102
RTVSPropertyOp23
  70
0
  102
RTVSPropertyOp24
  70
0
  102
RTVSPropertyOp25
  70
0
  102
RTVSPropertyOp26
  70
0
  102
RTVSPropertyOp27
  70
0
  102
RTVSPropertyOp28
  70
1
  102
RTVSPropertyOp29
  70
1
  102
RTVSPropertyOp30
  70
1
  102
RTVSPropertyOp31
  70
1
  102
RTVSPropertyOp32
  70
1
  102
RTVSPropertyOp33
  70
1
  102
RTVSPropertyOp34
  70
1
  102
RTVSPropertyOp35
  70
1
  102
RTVSPropertyOp36
  70
1
  102
RTVSPropertyOp37
  70
1
  102
RTVSPropertyOp38
  70
1
  102
RTVSPropertyOp39
  70
1
  102
RTVSPropertyOp40
  70
1
  102
RTVSPropertyOp41
  70
1
  102
RTVSPropertyOp42
  70
1
  102
RTVSPropertyOp43
  70
1
  102
RTVSPropertyOp44
  70
1
  102
RTVSPropertyOp45
  70
1
  102
RTVSPropertyOp46
  70
1
  102
RTVSPropertyOp47
  70
1
  102
RTVSPropertyOp48
  70
1
  102
RTVSPropertyOp49
  70
1
  102
RTVSPropertyOp50
  70
1
  102
RTVSPropertyOp51
  70
0
  102
RTVSPropertyOp52
  70
0
  102
RTVSPropertyOp53
  70
1
  102
RTVSPropertyOp54
  70
1
  102
RTVSPropertyOp55
  70
1
  102
RTVSPropertyOp56
  70
1
  102
RTVSPropertyOp57
  70
1
  102
RTVSPropertyOp58
  70
1
  102
RTVSPropertyOp59
  70
1
  102
RTVSPropertyOp60
  70
1
  102
RTVSPropertyOp61
  70
1
  102
RTVSPropertyOp62
  70
1
  0
XRECORD
  5
327
  102
{ACAD_REACTORS
  330
326
  102
}
  330
326
  100
AcDbXrecord
  280
1
  102
RTVSPost2010Prop28
  280
0
  102
RTVSPost2010PropOp28
  70
1
  102
RTVSPost2010Prop29
  280
1
  102
RTVSPost2010PropOp29
  70
1
  102
RTVSPost2010Prop30
  280
1
  102
RTVSPost2010PropOp30
  70
1
  102
RTVSPost2010Prop31
  280
0
  102
RTVSPost2010PropOp31
  70
1
  102
RTVSPost2010Prop32
  280
0
  102
RTVSPost2010PropOp32
  70
1
  102
RTVSPost2010Prop33
  280
0
  102
RTVSPost2010PropOp33
  70
1
  102
RTVSPost2010Prop34
  280
0
  102
RTVSPost2010PropOp34
  70
1
  102
RTVSPost2010Prop35
  280
0
  102
RTVSPost2010PropOp35
  70
1
  102
RTVSPost2010Prop36
  280
0
  102
RTVSPost2010PropOp36
  70
1
  102
RTVSPost2010Prop37
  90
50
  102
RTVSPost2010PropOp37
  70
1
  102
RTVSPost2010Prop38
  140
0
  102
RTVSPost2010PropOp38
  70
1
  102
RTVSPost2010Prop39
  140
1
  102
RTVSPost2010PropOp39
  70
1
  102
RTVSPost2010Prop40
  90
0
  102
RTVSPost2010PropOp40
  70
1
  102
RTVSPost2010Prop41ColorIndex
  90
18
  102
RTVSPost2010Prop41ColorRGB
  90
0
  102
RTVSPost2010PropOp41
  70
1
  102
RTVSPost2010Prop42
  90
50
  102
RTVSPost2010PropOp42
  70
1
  102
RTVSPost2010Prop43
  90
3
  102
RTVSPost2010PropOp43
  70
1
  102
RTVSPost2010Prop44ColorIndex
  90
5
  102
RTVSPost2010Prop44ColorRGB
  90
255
  102
RTVSPost2010PropOp44
  70
1
  102
RTVSPost2010Prop45
  280
0
  102
RTVSPost2010PropOp45
  70
1
  102
RTVSPost2010Prop46
  90
50
  102
RTVSPost2010PropOp46
  70
1
  102
RTVSPost2010Prop47
  90
50
  102
RTVSPost2010PropOp47
  70
1
  102
RTVSPost2010Prop48
  90
50
  102
RTVSPost2010PropOp48
  70
1
  102
RTVSPost2010Prop49
  280
0
  102
RTVSPost2010PropOp49
  70
1
  102
RTVSPost2010Prop50
  90
50
  102
RTVSPost2010PropOp50
  70
1
  102
RTVSPost2010Prop51ColorIndex
  90
256
  102
RTVSPost2010Prop51ColorRGB
  90
-16777216
  102
RTVSPost2010PropOp51
  70
0
  102
RTVSPost2010Prop52
  140
1
  102
RTVSPost2010PropOp52
  70
0
  102
RTVSPost2010Prop53
  90
2
  102
RTVSPost2010PropOp53
  70
1
  102
RTVSPost2010Prop54
  1
strokes_ogs.tif
  102
RTVSPost2010PropOp54
  70
1
  102
RTVSPost2010Prop55
  280
0
  102
RTVSPost2010PropOp55
  70
1
  102
RTVSPost2010Prop56
  140
1
  102
RTVSPost2010PropOp56
  70
1
  102
RTVSPost2010Prop57
  140
1
  102
RTVSPost2010PropOp57
  70
1
  102
RTVSPropertyOp0
  70
1
  102
RTVSPropertyOp1
  70
1
  102
RTVSPropertyOp2
  70
1
  102
RTVSPropertyOp3
  70
1
  102
RTVSPropertyOp4
  70
1
  102
RTVSPropertyOp5
  70
1
  102
RTVSPropertyOp6
  70
1
  102
RTVSPropertyOp7
  70
1
  102
RTVSPropertyOp8
  70
1
  102
RTVSPropertyOp9
  70
1
  102
RTVSPropertyOp10
  70
1
  102
RTVSPropertyOp11
  70
1
  102
RTVSPropertyOp12
  70
1
  102
RTVSPropertyOp13
  70
1
  102
RTVSPropertyOp14
  70
1
  102
RTVSPropertyOp15
  70
1
  102
RTVSPropertyOp16
  70
1
  102
RTVSPropertyOp17
  70
1
  102
RTVSPropertyOp18
  70
1
  102
RTVSPropertyOp19
  70
1
  102
RTVSPropertyOp20
  70
1
  102
RTVSPropertyOp21
  70
1
  102
RTVSPropertyOp22
  70
1
  102
RTVSPropertyOp23
  70
1
  102
RTVSPropertyOp24
  70
1
  102
RTVSPropertyOp25
  70
1
  102
RTVSPropertyOp26
  70
1
  102
RTVSPropertyOp27
  70
1
  102
RTVSPropertyOp28
  70
1
  102
RTVSPropertyOp29
  70
1
  102
RTVSPropertyOp30
  70
1
  102
RTVSPropertyOp31
  70
1
  102
RTVSPropertyOp32
  70
1
  102
RTVSPropertyOp33
  70
1
  102
RTVSPropertyOp34
  70
1
  102
RTVSPropertyOp35
  70
1
  102
RTVSPropertyOp36
  70
1
  102
RTVSPropertyOp37
  70
1
  102
RTVSPropertyOp38
  70
1
  102
RTVSPropertyOp39
  70
1
  102
RTVSPropertyOp40
  70
1
  102
RTVSPropertyOp41
  70
1
  102
RTVSPropertyOp42
  70
1
  102
RTVSPropertyOp43
  70
1
  102
RTVSPropertyOp44
  70
1
  102
RTVSPropertyOp45
  70
1
  102
RTVSPropertyOp46
  70
1
  102
RTVSPropertyOp47
  70
1
  102
RTVSPropertyOp48
  70
1
  102
RTVSPropertyOp49
  70
1
  102
RTVSPropertyOp50
  70
1
  102
RTVSPropertyOp51
  70
0
  102
RTVSPropertyOp52
  70
0
  102
RTVSPropertyOp53
  70
1
  102
RTVSPropertyOp54
  70
1
  102
RTVSPropertyOp55
  70
1
  102
RTVSPropertyOp56
  70
1
  102
RTVSPropertyOp57
  70
1
  102
RTVSPropertyOp58
  70
1
  102
RTVSPropertyOp59
  70
1
  102
RTVSPropertyOp60
  70
1
  102
RTVSPropertyOp61
  70
1
  102
RTVSPropertyOp62
  70
1
  0
XRECORD
  5
30B
  102
{ACAD_REACTORS
  330
30A
  102
}
  330
30A
  100
AcDbXrecord
  280
1
  102
RTVSPost2010Prop28
  280
0
  102
RTVSPost2010PropOp28
  70
1
  102
RTVSPost2010Prop29
  280
1
  102
RTVSPost2010PropOp29
  70
1
  102
RTVSPost2010Prop30
  280
1
  102
RTVSPost2010PropOp30
  70
1
  102
RTVSPost2010Prop31
  280
0
  102
RTVSPost2010PropOp31
  70
1
  102
RTVSPost2010Prop32
  280
0
  102
RTVSPost2010PropOp32
  70
1
  102
RTVSPost2010Prop33
  280
0
  102
RTVSPost2010PropOp33
  70
1
  102
RTVSPost2010Prop34
  280
0
  102
RTVSPost2010PropOp34
  70
1
  102
RTVSPost2010Prop35
  280
0
  102
RTVSPost2010PropOp35
  70
1
  102
RTVSPost2010Prop36
  280
0
  102
RTVSPost2010PropOp36
  70
1
  102
RTVSPost2010Prop37
  90
50
  102
RTVSPost2010PropOp37
  70
1
  102
RTVSPost2010Prop38
  140
0
  102
RTVSPost2010PropOp38
  70
1
  102
RTVSPost2010Prop39
  140
1
  102
RTVSPost2010PropOp39
  70
1
  102
RTVSPost2010Prop40
  90
0
  102
RTVSPost2010PropOp40
  70
1
  102
RTVSPost2010Prop41ColorIndex
  90
18
  102
RTVSPost2010Prop41ColorRGB
  90
0
  102
RTVSPost2010PropOp41
  70
1
  102
RTVSPost2010Prop42
  90
50
  102
RTVSPost2010PropOp42
  70
1
  102
RTVSPost2010Prop43
  90
3
  102
RTVSPost2010PropOp43
  70
1
  102
RTVSPost2010Prop44ColorIndex
  90
5
  102
RTVSPost2010Prop44ColorRGB
  90
255
  102
RTVSPost2010PropOp44
  70
1
  102
RTVSPost2010Prop45
  280
0
  102
RTVSPost2010PropOp45
  70
1
  102
RTVSPost2010Prop46
  90
50
  102
RTVSPost2010PropOp46
  70
1
  102
RTVSPost2010Prop47
  90
50
  102
RTVSPost2010PropOp47
  70
1
  102
RTVSPost2010Prop48
  90
50
  102
RTVSPost2010PropOp48
  70
1
  102
RTVSPost2010Prop49
  280
0
  102
RTVSPost2010PropOp49
  70
1
  102
RTVSPost2010Prop50
  90
50
  102
RTVSPost2010PropOp50
  70
1
  102
RTVSPost2010Prop51ColorIndex
  90
256
  102
RTVSPost2010Prop51ColorRGB
  90
-16777216
  102
RTVSPost2010PropOp51
  70
0
  102
RTVSPost2010Prop52
  140
1
  102
RTVSPost2010PropOp52
  70
0
  102
RTVSPost2010Prop53
  90
2
  102
RTVSPost2010PropOp53
  70
1
  102
RTVSPost2010Prop54
  1
strokes_ogs.tif
  102
RTVSPost2010PropOp54
  70
1
  102
RTVSPost2010Prop55
  280
0
  102
RTVSPost2010PropOp55
  70
1
  102
RTVSPost2010Prop56
  140
1
  102
RTVSPost2010PropOp56
  70
1
  102
RTVSPost2010Prop57
  140
1
  102
RTVSPost2010PropOp57
  70
1
  102
RTVSPropertyOp0
  70
1
  102
RTVSPropertyOp1
  70
1
  102
RTVSPropertyOp2
  70
1
  102
RTVSPropertyOp3
  70
1
  102
RTVSPropertyOp4
  70
1
  102
RTVSPropertyOp5
  70
1
  102
RTVSPropertyOp6
  70
1
  102
RTVSPropertyOp7
  70
1
  102
RTVSPropertyOp8
  70
1
  102
RTVSPropertyOp9
  70
1
  102
RTVSPropertyOp10
  70
1
  102
RTVSPropertyOp11
  70
1
  102
RTVSPropertyOp12
  70
1
  102
RTVSPropertyOp13
  70
1
  102
RTVSPropertyOp14
  70
1
  102
RTVSPropertyOp15
  70
1
  102
RTVSPropertyOp16
  70
1
  102
RTVSPropertyOp17
  70
1
  102
RTVSPropertyOp18
  70
1
  102
RTVSPropertyOp19
  70
1
  102
RTVSPropertyOp20
  70
1
  102
RTVSPropertyOp21
  70
1
  102
RTVSPropertyOp22
  70
1
  102
RTVSPropertyOp23
  70
1
  102
RTVSPropertyOp24
  70
1
  102
RTVSPropertyOp25
  70
1
  102
RTVSPropertyOp26
  70
1
  102
RTVSPropertyOp27
  70
1
  102
RTVSPropertyOp28
  70
1
  102
RTVSPropertyOp29
  70
1
  102
RTVSPropertyOp30
  70
1
  102
RTVSPropertyOp31
  70
1
  102
RTVSPropertyOp32
  70
1
  102
RTVSPropertyOp33
  70
1
  102
RTVSPropertyOp34
  70
1
  102
RTVSPropertyOp35
  70
1
  102
RTVSPropertyOp36
  70
1
  102
RTVSPropertyOp37
  70
1
  102
RTVSPropertyOp38
  70
1
  102
RTVSPropertyOp39
  70
1
  102
RTVSPropertyOp40
  70
1
  102
RTVSPropertyOp41
  70
1
  102
RTVSPropertyOp42
  70
1
  102
RTVSPropertyOp43
  70
1
  102
RTVSPropertyOp44
  70
1
  102
RTVSPropertyOp45
  70
1
  102
RTVSPropertyOp46
  70
1
  102
RTVSPropertyOp47
  70
1
  102
RTVSPropertyOp48
  70
1
  102
RTVSPropertyOp49
  70
1
  102
RTVSPropertyOp50
  70
1
  102
RTVSPropertyOp51
  70
0
  102
RTVSPropertyOp52
  70
0
  102
RTVSPropertyOp53
  70
1
  102
RTVSPropertyOp54
  70
1
  102
RTVSPropertyOp55
  70
1
  102
RTVSPropertyOp56
  70
1
  102
RTVSPropertyOp57
  70
1
  102
RTVSPropertyOp58
  70
1
  102
RTVSPropertyOp59
  70
1
  102
RTVSPropertyOp60
  70
1
  102
RTVSPropertyOp61
  70
1
  102
RTVSPropertyOp62
  70
1
  0
XRECORD
  5
30D
  102
{ACAD_REACTORS
  330
30C
  102
}
  330
30C
  100
AcDbXrecord
  280
1
  102
RTVSPost2010Prop28
  280
0
  102
RTVSPost2010PropOp28
  70
1
  102
RTVSPost2010Prop29
  280
1
  102
RTVSPost2010PropOp29
  70
1
  102
RTVSPost2010Prop30
  280
1
  102
RTVSPost2010PropOp30
  70
1
  102
RTVSPost2010Prop31
  280
0
  102
RTVSPost2010PropOp31
  70
1
  102
RTVSPost2010Prop32
  280
0
  102
RTVSPost2010PropOp32
  70
1
  102
RTVSPost2010Prop33
  280
0
  102
RTVSPost2010PropOp33
  70
1
  102
RTVSPost2010Prop34
  280
0
  102
RTVSPost2010PropOp34
  70
1
  102
RTVSPost2010Prop35
  280
0
  102
RTVSPost2010PropOp35
  70
1
  102
RTVSPost2010Prop36
  280
0
  102
RTVSPost2010PropOp36
  70
1
  102
RTVSPost2010Prop37
  90
50
  102
RTVSPost2010PropOp37
  70
1
  102
RTVSPost2010Prop38
  140
0
  102
RTVSPost2010PropOp38
  70
1
  102
RTVSPost2010Prop39
  140
1
  102
RTVSPost2010PropOp39
  70
1
  102
RTVSPost2010Prop40
  90
0
  102
RTVSPost2010PropOp40
  70
1
  102
RTVSPost2010Prop41ColorIndex
  90
18
  102
RTVSPost2010Prop41ColorRGB
  90
0
  102
RTVSPost2010PropOp41
  70
1
  102
RTVSPost2010Prop42
  90
50
  102
RTVSPost2010PropOp42
  70
1
  102
RTVSPost2010Prop43
  90
3
  102
RTVSPost2010PropOp43
  70
1
  102
RTVSPost2010Prop44ColorIndex
  90
5
  102
RTVSPost2010Prop44ColorRGB
  90
255
  102
RTVSPost2010PropOp44
  70
1
  102
RTVSPost2010Prop45
  280
0
  102
RTVSPost2010PropOp45
  70
1
  102
RTVSPost2010Prop46
  90
50
  102
RTVSPost2010PropOp46
  70
1
  102
RTVSPost2010Prop47
  90
50
  102
RTVSPost2010PropOp47
  70
1
  102
RTVSPost2010Prop48
  90
50
  102
RTVSPost2010PropOp48
  70
1
  102
RTVSPost2010Prop49
  280
0
  102
RTVSPost2010PropOp49
  70
1
  102
RTVSPost2010Prop50
  90
50
  102
RTVSPost2010PropOp50
  70
1
  102
RTVSPost2010Prop51ColorIndex
  90
256
  102
RTVSPost2010Prop51ColorRGB
  90
-16777216
  102
RTVSPost2010PropOp51
  70
0
  102
RTVSPost2010Prop52
  140
1
  102
RTVSPost2010PropOp52
  70
0
  102
RTVSPost2010Prop53
  90
2
  102
RTVSPost2010PropOp53
  70
1
  102
RTVSPost2010Prop54
  1
strokes_ogs.tif
  102
RTVSPost2010PropOp54
  70
1
  102
RTVSPost2010Prop55
  280
0
  102
RTVSPost2010PropOp55
  70
1
  102
RTVSPost2010Prop56
  140
1
  102
RTVSPost2010PropOp56
  70
1
  102
RTVSPost2010Prop57
  140
1
  102
RTVSPost2010PropOp57
  70
1
  102
RTVSPropertyOp0
  70
1
  102
RTVSPropertyOp1
  70
1
  102
RTVSPropertyOp2
  70
1
  102
RTVSPropertyOp3
  70
1
  102
RTVSPropertyOp4
  70
1
  102
RTVSPropertyOp5
  70
1
  102
RTVSPropertyOp6
  70
1
  102
RTVSPropertyOp7
  70
1
  102
RTVSPropertyOp8
  70
1
  102
RTVSPropertyOp9
  70
1
  102
RTVSPropertyOp10
  70
1
  102
RTVSPropertyOp11
  70
1
  102
RTVSPropertyOp12
  70
1
  102
RTVSPropertyOp13
  70
1
  102
RTVSPropertyOp14
  70
1
  102
RTVSPropertyOp15
  70
1
  102
RTVSPropertyOp16
  70
1
  102
RTVSPropertyOp17
  70
1
  102
RTVSPropertyOp18
  70
1
  102
RTVSPropertyOp19
  70
1
  102
RTVSPropertyOp20
  70
1
  102
RTVSPropertyOp21
  70
1
  102
RTVSPropertyOp22
  70
1
  102
RTVSPropertyOp23
  70
1
  102
RTVSPropertyOp24
  70
1
  102
RTVSPropertyOp25
  70
1
  102
RTVSPropertyOp26
  70
1
  102
RTVSPropertyOp27
  70
1
  102
RTVSPropertyOp28
  70
1
  102
RTVSPropertyOp29
  70
1
  102
RTVSPropertyOp30
  70
1
  102
RTVSPropertyOp31
  70
1
  102
RTVSPropertyOp32
  70
1
  102
RTVSPropertyOp33
  70
1
  102
RTVSPropertyOp34
  70
1
  102
RTVSPropertyOp35
  70
1
  102
RTVSPropertyOp36
  70
1
  102
RTVSPropertyOp37
  70
1
  102
RTVSPropertyOp38
  70
1
  102
RTVSPropertyOp39
  70
1
  102
RTVSPropertyOp40
  70
1
  102
RTVSPropertyOp41
  70
1
  102
RTVSPropertyOp42
  70
1
  102
RTVSPropertyOp43
  70
1
  102
RTVSPropertyOp44
  70
1
  102
RTVSPropertyOp45
  70
1
  102
RTVSPropertyOp46
  70
1
  102
RTVSPropertyOp47
  70
1
  102
RTVSPropertyOp48
  70
1
  102
RTVSPropertyOp49
  70
1
  102
RTVSPropertyOp50
  70
1
  102
RTVSPropertyOp51
  70
0
  102
RTVSPropertyOp52
  70
0
  102
RTVSPropertyOp53
  70
1
  102
RTVSPropertyOp54
  70
1
  102
RTVSPropertyOp55
  70
1
  102
RTVSPropertyOp56
  70
1
  102
RTVSPropertyOp57
  70
1
  102
RTVSPropertyOp58
  70
1
  102
RTVSPropertyOp59
  70
1
  102
RTVSPropertyOp60
  70
1
  102
RTVSPropertyOp61
  70
1
  102
RTVSPropertyOp62
  70
1
  0
XRECORD
  5
30F
  102
{ACAD_REACTORS
  330
30E
  102
}
  330
30E
  100
AcDbXrecord
  280
1
  102
RTVSPost2010Prop28
  280
0
  102
RTVSPost2010PropOp28
  70
1
  102
RTVSPost2010Prop29
  280
1
  102
RTVSPost2010PropOp29
  70
1
  102
RTVSPost2010Prop30
  280
1
  102
RTVSPost2010PropOp30
  70
1
  102
RTVSPost2010Prop31
  280
0
  102
RTVSPost2010PropOp31
  70
1
  102
RTVSPost2010Prop32
  280
0
  102
RTVSPost2010PropOp32
  70
1
  102
RTVSPost2010Prop33
  280
0
  102
RTVSPost2010PropOp33
  70
1
  102
RTVSPost2010Prop34
  280
0
  102
RTVSPost2010PropOp34
  70
1
  102
RTVSPost2010Prop35
  280
0
  102
RTVSPost2010PropOp35
  70
1
  102
RTVSPost2010Prop36
  280
0
  102
RTVSPost2010PropOp36
  70
1
  102
RTVSPost2010Prop37
  90
50
  102
RTVSPost2010PropOp37
  70
1
  102
RTVSPost2010Prop38
  140
0
  102
RTVSPost2010PropOp38
  70
1
  102
RTVSPost2010Prop39
  140
1
  102
RTVSPost2010PropOp39
  70
1
  102
RTVSPost2010Prop40
  90
0
  102
RTVSPost2010PropOp40
  70
1
  102
RTVSPost2010Prop41ColorIndex
  90
18
  102
RTVSPost2010Prop41ColorRGB
  90
0
  102
RTVSPost2010PropOp41
  70
1
  102
RTVSPost2010Prop42
  90
50
  102
RTVSPost2010PropOp42
  70
1
  102
RTVSPost2010Prop43
  90
3
  102
RTVSPost2010PropOp43
  70
1
  102
RTVSPost2010Prop44ColorIndex
  90
5
  102
RTVSPost2010Prop44ColorRGB
  90
255
  102
RTVSPost2010PropOp44
  70
1
  102
RTVSPost2010Prop45
  280
0
  102
RTVSPost2010PropOp45
  70
1
  102
RTVSPost2010Prop46
  90
50
  102
RTVSPost2010PropOp46
  70
1
  102
RTVSPost2010Prop47
  90
50
  102
RTVSPost2010PropOp47
  70
1
  102
RTVSPost2010Prop48
  90
50
  102
RTVSPost2010PropOp48
  70
1
  102
RTVSPost2010Prop49
  280
0
  102
RTVSPost2010PropOp49
  70
1
  102
RTVSPost2010Prop50
  90
50
  102
RTVSPost2010PropOp50
  70
1
  102
RTVSPost2010Prop51ColorIndex
  90
256
  102
RTVSPost2010Prop51ColorRGB
  90
-16777216
  102
RTVSPost2010PropOp51
  70
0
  102
RTVSPost2010Prop52
  140
1
  102
RTVSPost2010PropOp52
  70
0
  102
RTVSPost2010Prop53
  90
2
  102
RTVSPost2010PropOp53
  70
1
  102
RTVSPost2010Prop54
  1
strokes_ogs.tif
  102
RTVSPost2010PropOp54
  70
1
  102
RTVSPost2010Prop55
  280
0
  102
RTVSPost2010PropOp55
  70
1
  102
RTVSPost2010Prop56
  140
1
  102
RTVSPost2010PropOp56
  70
1
  102
RTVSPost2010Prop57
  140
1
  102
RTVSPost2010PropOp57
  70
1
  102
RTVSPropertyOp0
  70
1
  102
RTVSPropertyOp1
  70
1
  102
RTVSPropertyOp2
  70
1
  102
RTVSPropertyOp3
  70
1
  102
RTVSPropertyOp4
  70
1
  102
RTVSPropertyOp5
  70
1
  102
RTVSPropertyOp6
  70
1
  102
RTVSPropertyOp7
  70
1
  102
RTVSPropertyOp8
  70
1
  102
RTVSPropertyOp9
  70
1
  102
RTVSPropertyOp10
  70
1
  102
RTVSPropertyOp11
  70
1
  102
RTVSPropertyOp12
  70
1
  102
RTVSPropertyOp13
  70
1
  102
RTVSPropertyOp14
  70
1
  102
RTVSPropertyOp15
  70
1
  102
RTVSPropertyOp16
  70
1
  102
RTVSPropertyOp17
  70
1
  102
RTVSPropertyOp18
  70
1
  102
RTVSPropertyOp19
  70
1
  102
RTVSPropertyOp20
  70
1
  102
RTVSPropertyOp21
  70
1
  102
RTVSPropertyOp22
  70
1
  102
RTVSPropertyOp23
  70
1
  102
RTVSPropertyOp24
  70
1
  102
RTVSPropertyOp25
  70
1
  102
RTVSPropertyOp26
  70
1
  102
RTVSPropertyOp27
  70
1
  102
RTVSPropertyOp28
  70
1
  102
RTVSPropertyOp29
  70
1
  102
RTVSPropertyOp30
  70
1
  102
RTVSPropertyOp31
  70
1
  102
RTVSPropertyOp32
  70
1
  102
RTVSPropertyOp33
  70
1
  102
RTVSPropertyOp34
  70
1
  102
RTVSPropertyOp35
  70
1
  102
RTVSPropertyOp36
  70
1
  102
RTVSPropertyOp37
  70
1
  102
RTVSPropertyOp38
  70
1
  102
RTVSPropertyOp39
  70
1
  102
RTVSPropertyOp40
  70
1
  102
RTVSPropertyOp41
  70
1
  102
RTVSPropertyOp42
  70
1
  102
RTVSPropertyOp43
  70
1
  102
RTVSPropertyOp44
  70
1
  102
RTVSPropertyOp45
  70
1
  102
RTVSPropertyOp46
  70
1
  102
RTVSPropertyOp47
  70
1
  102
RTVSPropertyOp48
  70
1
  102
RTVSPropertyOp49
  70
1
  102
RTVSPropertyOp50
  70
1
  102
RTVSPropertyOp51
  70
0
  102
RTVSPropertyOp52
  70
0
  102
RTVSPropertyOp53
  70
1
  102
RTVSPropertyOp54
  70
1
  102
RTVSPropertyOp55
  70
1
  102
RTVSPropertyOp56
  70
1
  102
RTVSPropertyOp57
  70
1
  102
RTVSPropertyOp58
  70
1
  102
RTVSPropertyOp59
  70
1
  102
RTVSPropertyOp60
  70
1
  102
RTVSPropertyOp61
  70
1
  102
RTVSPropertyOp62
  70
1
  0
XRECORD
  5
311
  102
{ACAD_REACTORS
  330
310
  102
}
  330
310
  100
AcDbXrecord
  280
1
  102
RTVSPost2010Prop28
  280
0
  102
RTVSPost2010PropOp28
  70
1
  102
RTVSPost2010Prop29
  280
1
  102
RTVSPost2010PropOp29
  70
1
  102
RTVSPost2010Prop30
  280
1
  102
RTVSPost2010PropOp30
  70
1
  102
RTVSPost2010Prop31
  280
0
  102
RTVSPost2010PropOp31
  70
1
  102
RTVSPost2010Prop32
  280
0
  102
RTVSPost2010PropOp32
  70
1
  102
RTVSPost2010Prop33
  280
0
  102
RTVSPost2010PropOp33
  70
1
  102
RTVSPost2010Prop34
  280
0
  102
RTVSPost2010PropOp34
  70
1
  102
RTVSPost2010Prop35
  280
0
  102
RTVSPost2010PropOp35
  70
1
  102
RTVSPost2010Prop36
  280
0
  102
RTVSPost2010PropOp36
  70
1
  102
RTVSPost2010Prop37
  90
50
  102
RTVSPost2010PropOp37
  70
1
  102
RTVSPost2010Prop38
  140
0
  102
RTVSPost2010PropOp38
  70
1
  102
RTVSPost2010Prop39
  140
1
  102
RTVSPost2010PropOp39
  70
1
  102
RTVSPost2010Prop40
  90
0
  102
RTVSPost2010PropOp40
  70
1
  102
RTVSPost2010Prop41ColorIndex
  90
18
  102
RTVSPost2010Prop41ColorRGB
  90
0
  102
RTVSPost2010PropOp41
  70
1
  102
RTVSPost2010Prop42
  90
50
  102
RTVSPost2010PropOp42
  70
1
  102
RTVSPost2010Prop43
  90
3
  102
RTVSPost2010PropOp43
  70
1
  102
RTVSPost2010Prop44ColorIndex
  90
5
  102
RTVSPost2010Prop44ColorRGB
  90
255
  102
RTVSPost2010PropOp44
  70
1
  102
RTVSPost2010Prop45
  280
0
  102
RTVSPost2010PropOp45
  70
1
  102
RTVSPost2010Prop46
  90
50
  102
RTVSPost2010PropOp46
  70
1
  102
RTVSPost2010Prop47
  90
50
  102
RTVSPost2010PropOp47
  70
1
  102
RTVSPost2010Prop48
  90
50
  102
RTVSPost2010PropOp48
  70
1
  102
RTVSPost2010Prop49
  280
0
  102
RTVSPost2010PropOp49
  70
1
  102
RTVSPost2010Prop50
  90
50
  102
RTVSPost2010PropOp50
  70
1
  102
RTVSPost2010Prop51ColorIndex
  90
256
  102
RTVSPost2010Prop51ColorRGB
  90
-16777216
  102
RTVSPost2010PropOp51
  70
0
  102
RTVSPost2010Prop52
  140
1
  102
RTVSPost2010PropOp52
  70
0
  102
RTVSPost2010Prop53
  90
2
  102
RTVSPost2010PropOp53
  70
1
  102
RTVSPost2010Prop54
  1
strokes_ogs.tif
  102
RTVSPost2010PropOp54
  70
1
  102
RTVSPost2010Prop55
  280
0
  102
RTVSPost2010PropOp55
  70
1
  102
RTVSPost2010Prop56
  140
1
  102
RTVSPost2010PropOp56
  70
1
  102
RTVSPost2010Prop57
  140
1
  102
RTVSPost2010PropOp57
  70
1
  102
RTVSPropertyOp0
  70
1
  102
RTVSPropertyOp1
  70
1
  102
RTVSPropertyOp2
  70
1
  102
RTVSPropertyOp3
  70
1
  102
RTVSPropertyOp4
  70
1
  102
RTVSPropertyOp5
  70
1
  102
RTVSPropertyOp6
  70
1
  102
RTVSPropertyOp7
  70
1
  102
RTVSPropertyOp8
  70
1
  102
RTVSPropertyOp9
  70
1
  102
RTVSPropertyOp10
  70
1
  102
RTVSPropertyOp11
  70
1
  102
RTVSPropertyOp12
  70
1
  102
RTVSPropertyOp13
  70
1
  102
RTVSPropertyOp14
  70
1
  102
RTVSPropertyOp15
  70
1
  102
RTVSPropertyOp16
  70
1
  102
RTVSPropertyOp17
  70
1
  102
RTVSPropertyOp18
  70
1
  102
RTVSPropertyOp19
  70
1
  102
RTVSPropertyOp20
  70
1
  102
RTVSPropertyOp21
  70
1
  102
RTVSPropertyOp22
  70
1
  102
RTVSPropertyOp23
  70
1
  102
RTVSPropertyOp24
  70
1
  102
RTVSPropertyOp25
  70
1
  102
RTVSPropertyOp26
  70
1
  102
RTVSPropertyOp27
  70
1
  102
RTVSPropertyOp28
  70
1
  102
RTVSPropertyOp29
  70
1
  102
RTVSPropertyOp30
  70
1
  102
RTVSPropertyOp31
  70
1
  102
RTVSPropertyOp32
  70
1
  102
RTVSPropertyOp33
  70
1
  102
RTVSPropertyOp34
  70
1
  102
RTVSPropertyOp35
  70
1
  102
RTVSPropertyOp36
  70
1
  102
RTVSPropertyOp37
  70
1
  102
RTVSPropertyOp38
  70
1
  102
RTVSPropertyOp39
  70
1
  102
RTVSPropertyOp40
  70
1
  102
RTVSPropertyOp41
  70
1
  102
RTVSPropertyOp42
  70
1
  102
RTVSPropertyOp43
  70
1
  102
RTVSPropertyOp44
  70
1
  102
RTVSPropertyOp45
  70
1
  102
RTVSPropertyOp46
  70
1
  102
RTVSPropertyOp47
  70
1
  102
RTVSPropertyOp48
  70
1
  102
RTVSPropertyOp49
  70
1
  102
RTVSPropertyOp50
  70
1
  102
RTVSPropertyOp51
  70
0
  102
RTVSPropertyOp52
  70
0
  102
RTVSPropertyOp53
  70
1
  102
RTVSPropertyOp54
  70
1
  102
RTVSPropertyOp55
  70
1
  102
RTVSPropertyOp56
  70
1
  102
RTVSPropertyOp57
  70
1
  102
RTVSPropertyOp58
  70
1
  102
RTVSPropertyOp59
  70
1
  102
RTVSPropertyOp60
  70
1
  102
RTVSPropertyOp61
  70
1
  102
RTVSPropertyOp62
  70
1
  0
XRECORD
  5
319
  102
{ACAD_REACTORS
  330
318
  102
}
  330
318
  100
AcDbXrecord
  280
1
  102
RTVSPost2010Prop28
  280
0
  102
RTVSPost2010PropOp28
  70
1
  102
RTVSPost2010Prop29
  280
1
  102
RTVSPost2010PropOp29
  70
1
  102
RTVSPost2010Prop30
  280
1
  102
RTVSPost2010PropOp30
  70
1
  102
RTVSPost2010Prop31
  280
0
  102
RTVSPost2010PropOp31
  70
1
  102
RTVSPost2010Prop32
  280
0
  102
RTVSPost2010PropOp32
  70
1
  102
RTVSPost2010Prop33
  280
0
  102
RTVSPost2010PropOp33
  70
1
  102
RTVSPost2010Prop34
  280
0
  102
RTVSPost2010PropOp34
  70
1
  102
RTVSPost2010Prop35
  280
0
  102
RTVSPost2010PropOp35
  70
1
  102
RTVSPost2010Prop36
  280
0
  102
RTVSPost2010PropOp36
  70
1
  102
RTVSPost2010Prop37
  90
50
  102
RTVSPost2010PropOp37
  70
1
  102
RTVSPost2010Prop38
  140
0
  102
RTVSPost2010PropOp38
  70
1
  102
RTVSPost2010Prop39
  140
1
  102
RTVSPost2010PropOp39
  70
1
  102
RTVSPost2010Prop40
  90
0
  102
RTVSPost2010PropOp40
  70
1
  102
RTVSPost2010Prop41ColorIndex
  90
18
  102
RTVSPost2010Prop41ColorRGB
  90
0
  102
RTVSPost2010PropOp41
  70
1
  102
RTVSPost2010Prop42
  90
50
  102
RTVSPost2010PropOp42
  70
1
  102
RTVSPost2010Prop43
  90
3
  102
RTVSPost2010PropOp43
  70
1
  102
RTVSPost2010Prop44ColorIndex
  90
5
  102
RTVSPost2010Prop44ColorRGB
  90
255
  102
RTVSPost2010PropOp44
  70
1
  102
RTVSPost2010Prop45
  280
0
  102
RTVSPost2010PropOp45
  70
1
  102
RTVSPost2010Prop46
  90
50
  102
RTVSPost2010PropOp46
  70
1
  102
RTVSPost2010Prop47
  90
50
  102
RTVSPost2010PropOp47
  70
1
  102
RTVSPost2010Prop48
  90
50
  102
RTVSPost2010PropOp48
  70
1
  102
RTVSPost2010Prop49
  280
0
  102
RTVSPost2010PropOp49
  70
1
  102
RTVSPost2010Prop50
  90
50
  102
RTVSPost2010PropOp50
  70
1
  102
RTVSPost2010Prop51ColorIndex
  90
256
  102
RTVSPost2010Prop51ColorRGB
  90
-16777216
  102
RTVSPost2010PropOp51
  70
0
  102
RTVSPost2010Prop52
  140
1
  102
RTVSPost2010PropOp52
  70
0
  102
RTVSPost2010Prop53
  90
2
  102
RTVSPost2010PropOp53
  70
1
  102
RTVSPost2010Prop54
  1
strokes_ogs.tif
  102
RTVSPost2010PropOp54
  70
1
  102
RTVSPost2010Prop55
  280
0
  102
RTVSPost2010PropOp55
  70
1
  102
RTVSPost2010Prop56
  140
1
  102
RTVSPost2010PropOp56
  70
1
  102
RTVSPost2010Prop57
  140
1
  102
RTVSPost2010PropOp57
  70
1
  102
RTVSPropertyOp0
  70
1
  102
RTVSPropertyOp1
  70
1
  102
RTVSPropertyOp2
  70
1
  102
RTVSPropertyOp3
  70
1
  102
RTVSPropertyOp4
  70
1
  102
RTVSPropertyOp5
  70
1
  102
RTVSPropertyOp6
  70
1
  102
RTVSPropertyOp7
  70
1
  102
RTVSPropertyOp8
  70
1
  102
RTVSPropertyOp9
  70
1
  102
RTVSPropertyOp10
  70
1
  102
RTVSPropertyOp11
  70
1
  102
RTVSPropertyOp12
  70
1
  102
RTVSPropertyOp13
  70
1
  102
RTVSPropertyOp14
  70
1
  102
RTVSPropertyOp15
  70
1
  102
RTVSPropertyOp16
  70
1
  102
RTVSPropertyOp17
  70
1
  102
RTVSPropertyOp18
  70
1
  102
RTVSPropertyOp19
  70
1
  102
RTVSPropertyOp20
  70
1
  102
RTVSPropertyOp21
  70
1
  102
RTVSPropertyOp22
  70
1
  102
RTVSPropertyOp23
  70
1
  102
RTVSPropertyOp24
  70
1
  102
RTVSPropertyOp25
  70
1
  102
RTVSPropertyOp26
  70
1
  102
RTVSPropertyOp27
  70
1
  102
RTVSPropertyOp28
  70
1
  102
RTVSPropertyOp29
  70
1
  102
RTVSPropertyOp30
  70
1
  102
RTVSPropertyOp31
  70
1
  102
RTVSPropertyOp32
  70
1
  102
RTVSPropertyOp33
  70
1
  102
RTVSPropertyOp34
  70
1
  102
RTVSPropertyOp35
  70
1
  102
RTVSPropertyOp36
  70
1
  102
RTVSPropertyOp37
  70
1
  102
RTVSPropertyOp38
  70
1
  102
RTVSPropertyOp39
  70
1
  102
RTVSPropertyOp40
  70
1
  102
RTVSPropertyOp41
  70
1
  102
RTVSPropertyOp42
  70
1
  102
RTVSPropertyOp43
  70
1
  102
RTVSPropertyOp44
  70
1
  102
RTVSPropertyOp45
  70
1
  102
RTVSPropertyOp46
  70
1
  102
RTVSPropertyOp47
  70
1
  102
RTVSPropertyOp48
  70
1
  102
RTVSPropertyOp49
  70
1
  102
RTVSPropertyOp50
  70
1
  102
RTVSPropertyOp51
  70
0
  102
RTVSPropertyOp52
  70
0
  102
RTVSPropertyOp53
  70
1
  102
RTVSPropertyOp54
  70
1
  102
RTVSPropertyOp55
  70
1
  102
RTVSPropertyOp56
  70
1
  102
RTVSPropertyOp57
  70
1
  102
RTVSPropertyOp58
  70
1
  102
RTVSPropertyOp59
  70
1
  102
RTVSPropertyOp60
  70
1
  102
RTVSPropertyOp61
  70
1
  102
RTVSPropertyOp62
  70
1
  0
XRECORD
  5
32B
  102
{ACAD_REACTORS
  330
32A
  102
}
  330
32A
  100
AcDbXrecord
  280
1
  102
RTVSPost2010Prop28
  280
0
  102
RTVSPost2010PropOp28
  70
1
  102
RTVSPost2010Prop29
  280
1
  102
RTVSPost2010PropOp29
  70
1
  102
RTVSPost2010Prop30
  280
1
  102
RTVSPost2010PropOp30
  70
1
  102
RTVSPost2010Prop31
  280
0
  102
RTVSPost2010PropOp31
  70
1
  102
RTVSPost2010Prop32
  280
0
  102
RTVSPost2010PropOp32
  70
1
  102
RTVSPost2010Prop33
  280
0
  102
RTVSPost2010PropOp33
  70
1
  102
RTVSPost2010Prop34
  280
0
  102
RTVSPost2010PropOp34
  70
1
  102
RTVSPost2010Prop35
  280
0
  102
RTVSPost2010PropOp35
  70
1
  102
RTVSPost2010Prop36
  280
0
  102
RTVSPost2010PropOp36
  70
1
  102
RTVSPost2010Prop37
  90
50
  102
RTVSPost2010PropOp37
  70
1
  102
RTVSPost2010Prop38
  140
0
  102
RTVSPost2010PropOp38
  70
1
  102
RTVSPost2010Prop39
  140
1
  102
RTVSPost2010PropOp39
  70
1
  102
RTVSPost2010Prop40
  90
0
  102
RTVSPost2010PropOp40
  70
1
  102
RTVSPost2010Prop41ColorIndex
  90
18
  102
RTVSPost2010Prop41ColorRGB
  90
0
  102
RTVSPost2010PropOp41
  70
1
  102
RTVSPost2010Prop42
  90
50
  102
RTVSPost2010PropOp42
  70
1
  102
RTVSPost2010Prop43
  90
3
  102
RTVSPost2010PropOp43
  70
1
  102
RTVSPost2010Prop44ColorIndex
  90
5
  102
RTVSPost2010Prop44ColorRGB
  90
255
  102
RTVSPost2010PropOp44
  70
1
  102
RTVSPost2010Prop45
  280
0
  102
RTVSPost2010PropOp45
  70
1
  102
RTVSPost2010Prop46
  90
50
  102
RTVSPost2010PropOp46
  70
1
  102
RTVSPost2010Prop47
  90
50
  102
RTVSPost2010PropOp47
  70
1
  102
RTVSPost2010Prop48
  90
50
  102
RTVSPost2010PropOp48
  70
1
  102
RTVSPost2010Prop49
  280
0
  102
RTVSPost2010PropOp49
  70
1
  102
RTVSPost2010Prop50
  90
50
  102
RTVSPost2010PropOp50
  70
1
  102
RTVSPost2010Prop51ColorIndex
  90
256
  102
RTVSPost2010Prop51ColorRGB
  90
-16777216
  102
RTVSPost2010PropOp51
  70
0
  102
RTVSPost2010Prop52
  140
1
  102
RTVSPost2010PropOp52
  70
0
  102
RTVSPost2010Prop53
  90
2
  102
RTVSPost2010PropOp53
  70
1
  102
RTVSPost2010Prop54
  1
strokes_ogs.tif
  102
RTVSPost2010PropOp54
  70
1
  102
RTVSPost2010Prop55
  280
0
  102
RTVSPost2010PropOp55
  70
1
  102
RTVSPost2010Prop56
  140
1
  102
RTVSPost2010PropOp56
  70
1
  102
RTVSPost2010Prop57
  140
1
  102
RTVSPost2010PropOp57
  70
1
  102
RTVSPropertyOp0
  70
0
  102
RTVSPropertyOp1
  70
0
  102
RTVSPropertyOp2
  70
0
  102
RTVSPropertyOp3
  70
0
  102
RTVSPropertyOp4
  70
0
  102
RTVSPropertyOp5
  70
0
  102
RTVSPropertyOp6
  70
0
  102
RTVSPropertyOp7
  70
0
  102
RTVSPropertyOp8
  70
0
  102
RTVSPropertyOp9
  70
0
  102
RTVSPropertyOp10
  70
0
  102
RTVSPropertyOp11
  70
0
  102
RTVSPropertyOp12
  70
0
  102
RTVSPropertyOp13
  70
0
  102
RTVSPropertyOp14
  70
2
  102
RTVSPropertyOp15
  70
0
  102
RTVSPropertyOp16
  70
0
  102
RTVSPropertyOp17
  70
0
  102
RTVSPropertyOp18
  70
0
  102
RTVSPropertyOp19
  70
0
  102
RTVSPropertyOp20
  70
0
  102
RTVSPropertyOp21
  70
0
  102
RTVSPropertyOp22
  70
0
  102
RTVSPropertyOp23
  70
0
  102
RTVSPropertyOp24
  70
0
  102
RTVSPropertyOp25
  70
0
  102
RTVSPropertyOp26
  70
0
  102
RTVSPropertyOp27
  70
0
  102
RTVSPropertyOp28
  70
1
  102
RTVSPropertyOp29
  70
1
  102
RTVSPropertyOp30
  70
1
  102
RTVSPropertyOp31
  70
1
  102
RTVSPropertyOp32
  70
1
  102
RTVSPropertyOp33
  70
1
  102
RTVSPropertyOp34
  70
1
  102
RTVSPropertyOp35
  70
1
  102
RTVSPropertyOp36
  70
1
  102
RTVSPropertyOp37
  70
1
  102
RTVSPropertyOp38
  70
1
  102
RTVSPropertyOp39
  70
1
  102
RTVSPropertyOp40
  70
1
  102
RTVSPropertyOp41
  70
1
  102
RTVSPropertyOp42
  70
1
  102
RTVSPropertyOp43
  70
1
  102
RTVSPropertyOp44
  70
1
  102
RTVSPropertyOp45
  70
1
  102
RTVSPropertyOp46
  70
1
  102
RTVSPropertyOp47
  70
1
  102
RTVSPropertyOp48
  70
1
  102
RTVSPropertyOp49
  70
1
  102
RTVSPropertyOp50
  70
1
  102
RTVSPropertyOp51
  70
0
  102
RTVSPropertyOp52
  70
0
  102
RTVSPropertyOp53
  70
1
  102
RTVSPropertyOp54
  70
1
  102
RTVSPropertyOp55
  70
1
  102
RTVSPropertyOp56
  70
1
  102
RTVSPropertyOp57
  70
1
  102
RTVSPropertyOp58
  70
1
  102
RTVSPropertyOp59
  70
1
  102
RTVSPropertyOp60
  70
1
  102
RTVSPropertyOp61
  70
1
  102
RTVSPropertyOp62
  70
1
  0
XRECORD
  5
325
  102
{ACAD_REACTORS
  330
324
  102
}
  330
324
  100
AcDbXrecord
  280
1
  102
RTVSPost2010Prop28
  280
0
  102
RTVSPost2010PropOp28
  70
1
  102
RTVSPost2010Prop29
  280
1
  102
RTVSPost2010PropOp29
  70
1
  102
RTVSPost2010Prop30
  280
1
  102
RTVSPost2010PropOp30
  70
1
  102
RTVSPost2010Prop31
  280
0
  102
RTVSPost2010PropOp31
  70
1
  102
RTVSPost2010Prop32
  280
0
  102
RTVSPost2010PropOp32
  70
1
  102
RTVSPost2010Prop33
  280
0
  102
RTVSPost2010PropOp33
  70
1
  102
RTVSPost2010Prop34
  280
0
  102
RTVSPost2010PropOp34
  70
1
  102
RTVSPost2010Prop35
  280
0
  102
RTVSPost2010PropOp35
  70
1
  102
RTVSPost2010Prop36
  280
0
  102
RTVSPost2010PropOp36
  70
1
  102
RTVSPost2010Prop37
  90
50
  102
RTVSPost2010PropOp37
  70
1
  102
RTVSPost2010Prop38
  140
0
  102
RTVSPost2010PropOp38
  70
1
  102
RTVSPost2010Prop39
  140
1
  102
RTVSPost2010PropOp39
  70
1
  102
RTVSPost2010Prop40
  90
0
  102
RTVSPost2010PropOp40
  70
1
  102
RTVSPost2010Prop41ColorIndex
  90
18
  102
RTVSPost2010Prop41ColorRGB
  90
0
  102
RTVSPost2010PropOp41
  70
1
  102
RTVSPost2010Prop42
  90
50
  102
RTVSPost2010PropOp42
  70
1
  102
RTVSPost2010Prop43
  90
3
  102
RTVSPost2010PropOp43
  70
1
  102
RTVSPost2010Prop44ColorIndex
  90
5
  102
RTVSPost2010Prop44ColorRGB
  90
255
  102
RTVSPost2010PropOp44
  70
1
  102
RTVSPost2010Prop45
  280
0
  102
RTVSPost2010PropOp45
  70
1
  102
RTVSPost2010Prop46
  90
50
  102
RTVSPost2010PropOp46
  70
1
  102
RTVSPost2010Prop47
  90
50
  102
RTVSPost2010PropOp47
  70
1
  102
RTVSPost2010Prop48
  90
50
  102
RTVSPost2010PropOp48
  70
1
  102
RTVSPost2010Prop49
  280
0
  102
RTVSPost2010PropOp49
  70
1
  102
RTVSPost2010Prop50
  90
50
  102
RTVSPost2010PropOp50
  70
1
  102
RTVSPost2010Prop51ColorIndex
  90
256
  102
RTVSPost2010Prop51ColorRGB
  90
-16777216
  102
RTVSPost2010PropOp51
  70
0
  102
RTVSPost2010Prop52
  140
1
  102
RTVSPost2010PropOp52
  70
0
  102
RTVSPost2010Prop53
  90
2
  102
RTVSPost2010PropOp53
  70
1
  102
RTVSPost2010Prop54
  1
strokes_ogs.tif
  102
RTVSPost2010PropOp54
  70
1
  102
RTVSPost2010Prop55
  280
0
  102
RTVSPost2010PropOp55
  70
1
  102
RTVSPost2010Prop56
  140
1
  102
RTVSPost2010PropOp56
  70
1
  102
RTVSPost2010Prop57
  140
1
  102
RTVSPost2010PropOp57
  70
1
  102
RTVSPropertyOp0
  70
1
  102
RTVSPropertyOp1
  70
1
  102
RTVSPropertyOp2
  70
1
  102
RTVSPropertyOp3
  70
1
  102
RTVSPropertyOp4
  70
1
  102
RTVSPropertyOp5
  70
1
  102
RTVSPropertyOp6
  70
1
  102
RTVSPropertyOp7
  70
1
  102
RTVSPropertyOp8
  70
1
  102
RTVSPropertyOp9
  70
1
  102
RTVSPropertyOp10
  70
1
  102
RTVSPropertyOp11
  70
1
  102
RTVSPropertyOp12
  70
1
  102
RTVSPropertyOp13
  70
1
  102
RTVSPropertyOp14
  70
1
  102
RTVSPropertyOp15
  70
1
  102
RTVSPropertyOp16
  70
1
  102
RTVSPropertyOp17
  70
1
  102
RTVSPropertyOp18
  70
1
  102
RTVSPropertyOp19
  70
1
  102
RTVSPropertyOp20
  70
1
  102
RTVSPropertyOp21
  70
1
  102
RTVSPropertyOp22
  70
1
  102
RTVSPropertyOp23
  70
1
  102
RTVSPropertyOp24
  70
1
  102
RTVSPropertyOp25
  70
1
  102
RTVSPropertyOp26
  70
1
  102
RTVSPropertyOp27
  70
1
  102
RTVSPropertyOp28
  70
1
  102
RTVSPropertyOp29
  70
1
  102
RTVSPropertyOp30
  70
1
  102
RTVSPropertyOp31
  70
1
  102
RTVSPropertyOp32
  70
1
  102
RTVSPropertyOp33
  70
1
  102
RTVSPropertyOp34
  70
1
  102
RTVSPropertyOp35
  70
1
  102
RTVSPropertyOp36
  70
1
  102
RTVSPropertyOp37
  70
1
  102
RTVSPropertyOp38
  70
1
  102
RTVSPropertyOp39
  70
1
  102
RTVSPropertyOp40
  70
1
  102
RTVSPropertyOp41
  70
1
  102
RTVSPropertyOp42
  70
1
  102
RTVSPropertyOp43
  70
1
  102
RTVSPropertyOp44
  70
1
  102
RTVSPropertyOp45
  70
1
  102
RTVSPropertyOp46
  70
1
  102
RTVSPropertyOp47
  70
1
  102
RTVSPropertyOp48
  70
1
  102
RTVSPropertyOp49
  70
1
  102
RTVSPropertyOp50
  70
1
  102
RTVSPropertyOp51
  70
0
  102
RTVSPropertyOp52
  70
0
  102
RTVSPropertyOp53
  70
1
  102
RTVSPropertyOp54
  70
1
  102
RTVSPropertyOp55
  70
1
  102
RTVSPropertyOp56
  70
1
  102
RTVSPropertyOp57
  70
1
  102
RTVSPropertyOp58
  70
1
  102
RTVSPropertyOp59
  70
1
  102
RTVSPropertyOp60
  70
1
  102
RTVSPropertyOp61
  70
1
  102
RTVSPropertyOp62
  70
1
  0
XRECORD
  5
32D
  102
{ACAD_REACTORS
  330
32C
  102
}
  330
32C
  100
AcDbXrecord
  280
1
  102
RTVSPost2010Prop28
  280
0
  102
RTVSPost2010PropOp28
  70
1
  102
RTVSPost2010Prop29
  280
1
  102
RTVSPost2010PropOp29
  70
1
  102
RTVSPost2010Prop30
  280
1
  102
RTVSPost2010PropOp30
  70
1
  102
RTVSPost2010Prop31
  280
0
  102
RTVSPost2010PropOp31
  70
1
  102
RTVSPost2010Prop32
  280
0
  102
RTVSPost2010PropOp32
  70
1
  102
RTVSPost2010Prop33
  280
0
  102
RTVSPost2010PropOp33
  70
1
  102
RTVSPost2010Prop34
  280
0
  102
RTVSPost2010PropOp34
  70
1
  102
RTVSPost2010Prop35
  280
0
  102
RTVSPost2010PropOp35
  70
1
  102
RTVSPost2010Prop36
  280
0
  102
RTVSPost2010PropOp36
  70
1
  102
RTVSPost2010Prop37
  90
50
  102
RTVSPost2010PropOp37
  70
1
  102
RTVSPost2010Prop38
  140
0
  102
RTVSPost2010PropOp38
  70
1
  102
RTVSPost2010Prop39
  140
1
  102
RTVSPost2010PropOp39
  70
1
  102
RTVSPost2010Prop40
  90
0
  102
RTVSPost2010PropOp40
  70
1
  102
RTVSPost2010Prop41ColorIndex
  90
18
  102
RTVSPost2010Prop41ColorRGB
  90
0
  102
RTVSPost2010PropOp41
  70
1
  102
RTVSPost2010Prop42
  90
50
  102
RTVSPost2010PropOp42
  70
1
  102
RTVSPost2010Prop43
  90
3
  102
RTVSPost2010PropOp43
  70
1
  102
RTVSPost2010Prop44ColorIndex
  90
5
  102
RTVSPost2010Prop44ColorRGB
  90
255
  102
RTVSPost2010PropOp44
  70
1
  102
RTVSPost2010Prop45
  280
0
  102
RTVSPost2010PropOp45
  70
1
  102
RTVSPost2010Prop46
  90
50
  102
RTVSPost2010PropOp46
  70
1
  102
RTVSPost2010Prop47
  90
50
  102
RTVSPost2010PropOp47
  70
1
  102
RTVSPost2010Prop48
  90
50
  102
RTVSPost2010PropOp48
  70
1
  102
RTVSPost2010Prop49
  280
0
  102
RTVSPost2010PropOp49
  70
1
  102
RTVSPost2010Prop50
  90
50
  102
RTVSPost2010PropOp50
  70
1
  102
RTVSPost2010Prop51ColorIndex
  90
256
  102
RTVSPost2010Prop51ColorRGB
  90
-16777216
  102
RTVSPost2010PropOp51
  70
0
  102
RTVSPost2010Prop52
  140
1
  102
RTVSPost2010PropOp52
  70
0
  102
RTVSPost2010Prop53
  90
2
  102
RTVSPost2010PropOp53
  70
1
  102
RTVSPost2010Prop54
  1
strokes_ogs.tif
  102
RTVSPost2010PropOp54
  70
1
  102
RTVSPost2010Prop55
  280
0
  102
RTVSPost2010PropOp55
  70
1
  102
RTVSPost2010Prop56
  140
1
  102
RTVSPost2010PropOp56
  70
1
  102
RTVSPost2010Prop57
  140
1
  102
RTVSPost2010PropOp57
  70
1
  102
RTVSPropertyOp0
  70
0
  102
RTVSPropertyOp1
  70
0
  102
RTVSPropertyOp2
  70
0
  102
RTVSPropertyOp3
  70
0
  102
RTVSPropertyOp4
  70
0
  102
RTVSPropertyOp5
  70
0
  102
RTVSPropertyOp6
  70
0
  102
RTVSPropertyOp7
  70
0
  102
RTVSPropertyOp8
  70
0
  102
RTVSPropertyOp9
  70
0
  102
RTVSPropertyOp10
  70
0
  102
RTVSPropertyOp11
  70
0
  102
RTVSPropertyOp12
  70
0
  102
RTVSPropertyOp13
  70
0
  102
RTVSPropertyOp14
  70
2
  102
RTVSPropertyOp15
  70
0
  102
RTVSPropertyOp16
  70
0
  102
RTVSPropertyOp17
  70
0
  102
RTVSPropertyOp18
  70
0
  102
RTVSPropertyOp19
  70
0
  102
RTVSPropertyOp20
  70
0
  102
RTVSPropertyOp21
  70
0
  102
RTVSPropertyOp22
  70
0
  102
RTVSPropertyOp23
  70
0
  102
RTVSPropertyOp24
  70
0
  102
RTVSPropertyOp25
  70
0
  102
RTVSPropertyOp26
  70
0
  102
RTVSPropertyOp27
  70
0
  102
RTVSPropertyOp28
  70
1
  102
RTVSPropertyOp29
  70
1
  102
RTVSPropertyOp30
  70
1
  102
RTVSPropertyOp31
  70
1
  102
RTVSPropertyOp32
  70
1
  102
RTVSPropertyOp33
  70
1
  102
RTVSPropertyOp34
  70
1
  102
RTVSPropertyOp35
  70
1
  102
RTVSPropertyOp36
  70
1
  102
RTVSPropertyOp37
  70
1
  102
RTVSPropertyOp38
  70
1
  102
RTVSPropertyOp39
  70
1
  102
RTVSPropertyOp40
  70
1
  102
RTVSPropertyOp41
  70
1
  102
RTVSPropertyOp42
  70
1
  102
RTVSPropertyOp43
  70
1
  102
RTVSPropertyOp44
  70
1
  102
RTVSPropertyOp45
  70
1
  102
RTVSPropertyOp46
  70
1
  102
RTVSPropertyOp47
  70
1
  102
RTVSPropertyOp48
  70
1
  102
RTVSPropertyOp49
  70
1
  102
RTVSPropertyOp50
  70
1
  102
RTVSPropertyOp51
  70
0
  102
RTVSPropertyOp52
  70
0
  102
RTVSPropertyOp53
  70
1
  102
RTVSPropertyOp54
  70
1
  102
RTVSPropertyOp55
  70
1
  102
RTVSPropertyOp56
  70
1
  102
RTVSPropertyOp57
  70
1
  102
RTVSPropertyOp58
  70
1
  102
RTVSPropertyOp59
  70
1
  102
RTVSPropertyOp60
  70
1
  102
RTVSPropertyOp61
  70
1
  102
RTVSPropertyOp62
  70
1
  0
XRECORD
  5
31D
  102
{ACAD_REACTORS
  330
31C
  102
}
  330
31C
  100
AcDbXrecord
  280
1
  102
RTVSPost2010Prop28
  280
0
  102
RTVSPost2010PropOp28
  70
1
  102
RTVSPost2010Prop29
  280
1
  102
RTVSPost2010PropOp29
  70
1
  102
RTVSPost2010Prop30
  280
1
  102
RTVSPost2010PropOp30
  70
1
  102
RTVSPost2010Prop31
  280
0
  102
RTVSPost2010PropOp31
  70
1
  102
RTVSPost2010Prop32
  280
0
  102
RTVSPost2010PropOp32
  70
1
  102
RTVSPost2010Prop33
  280
0
  102
RTVSPost2010PropOp33
  70
1
  102
RTVSPost2010Prop34
  280
0
  102
RTVSPost2010PropOp34
  70
1
  102
RTVSPost2010Prop35
  280
0
  102
RTVSPost2010PropOp35
  70
1
  102
RTVSPost2010Prop36
  280
0
  102
RTVSPost2010PropOp36
  70
1
  102
RTVSPost2010Prop37
  90
50
  102
RTVSPost2010PropOp37
  70
1
  102
RTVSPost2010Prop38
  140
0
  102
RTVSPost2010PropOp38
  70
1
  102
RTVSPost2010Prop39
  140
1
  102
RTVSPost2010PropOp39
  70
1
  102
RTVSPost2010Prop40
  90
0
  102
RTVSPost2010PropOp40
  70
1
  102
RTVSPost2010Prop41ColorIndex
  90
18
  102
RTVSPost2010Prop41ColorRGB
  90
0
  102
RTVSPost2010PropOp41
  70
1
  102
RTVSPost2010Prop42
  90
50
  102
RTVSPost2010PropOp42
  70
1
  102
RTVSPost2010Prop43
  90
3
  102
RTVSPost2010PropOp43
  70
1
  102
RTVSPost2010Prop44ColorIndex
  90
5
  102
RTVSPost2010Prop44ColorRGB
  90
255
  102
RTVSPost2010PropOp44
  70
1
  102
RTVSPost2010Prop45
  280
0
  102
RTVSPost2010PropOp45
  70
1
  102
RTVSPost2010Prop46
  90
50
  102
RTVSPost2010PropOp46
  70
1
  102
RTVSPost2010Prop47
  90
50
  102
RTVSPost2010PropOp47
  70
1
  102
RTVSPost2010Prop48
  90
50
  102
RTVSPost2010PropOp48
  70
1
  102
RTVSPost2010Prop49
  280
0
  102
RTVSPost2010PropOp49
  70
1
  102
RTVSPost2010Prop50
  90
50
  102
RTVSPost2010PropOp50
  70
1
  102
RTVSPost2010Prop51ColorIndex
  90
256
  102
RTVSPost2010Prop51ColorRGB
  90
-16777216
  102
RTVSPost2010PropOp51
  70
0
  102
RTVSPost2010Prop52
  140
1
  102
RTVSPost2010PropOp52
  70
0
  102
RTVSPost2010Prop53
  90
2
  102
RTVSPost2010PropOp53
  70
1
  102
RTVSPost2010Prop54
  1
strokes_ogs.tif
  102
RTVSPost2010PropOp54
  70
1
  102
RTVSPost2010Prop55
  280
0
  102
RTVSPost2010PropOp55
  70
1
  102
RTVSPost2010Prop56
  140
1
  102
RTVSPost2010PropOp56
  70
1
  102
RTVSPost2010Prop57
  140
1
  102
RTVSPost2010PropOp57
  70
1
  102
RTVSPropertyOp0
  70
1
  102
RTVSPropertyOp1
  70
1
  102
RTVSPropertyOp2
  70
1
  102
RTVSPropertyOp3
  70
1
  102
RTVSPropertyOp4
  70
1
  102
RTVSPropertyOp5
  70
1
  102
RTVSPropertyOp6
  70
1
  102
RTVSPropertyOp7
  70
1
  102
RTVSPropertyOp8
  70
1
  102
RTVSPropertyOp9
  70
1
  102
RTVSPropertyOp10
  70
1
  102
RTVSPropertyOp11
  70
1
  102
RTVSPropertyOp12
  70
1
  102
RTVSPropertyOp13
  70
1
  102
RTVSPropertyOp14
  70
1
  102
RTVSPropertyOp15
  70
1
  102
RTVSPropertyOp16
  70
1
  102
RTVSPropertyOp17
  70
1
  102
RTVSPropertyOp18
  70
1
  102
RTVSPropertyOp19
  70
1
  102
RTVSPropertyOp20
  70
1
  102
RTVSPropertyOp21
  70
1
  102
RTVSPropertyOp22
  70
1
  102
RTVSPropertyOp23
  70
1
  102
RTVSPropertyOp24
  70
1
  102
RTVSPropertyOp25
  70
1
  102
RTVSPropertyOp26
  70
1
  102
RTVSPropertyOp27
  70
1
  102
RTVSPropertyOp28
  70
1
  102
RTVSPropertyOp29
  70
1
  102
RTVSPropertyOp30
  70
1
  102
RTVSPropertyOp31
  70
1
  102
RTVSPropertyOp32
  70
1
  102
RTVSPropertyOp33
  70
1
  102
RTVSPropertyOp34
  70
1
  102
RTVSPropertyOp35
  70
1
  102
RTVSPropertyOp36
  70
1
  102
RTVSPropertyOp37
  70
1
  102
RTVSPropertyOp38
  70
1
  102
RTVSPropertyOp39
  70
1
  102
RTVSPropertyOp40
  70
1
  102
RTVSPropertyOp41
  70
1
  102
RTVSPropertyOp42
  70
1
  102
RTVSPropertyOp43
  70
1
  102
RTVSPropertyOp44
  70
1
  102
RTVSPropertyOp45
  70
1
  102
RTVSPropertyOp46
  70
1
  102
RTVSPropertyOp47
  70
1
  102
RTVSPropertyOp48
  70
1
  102
RTVSPropertyOp49
  70
1
  102
RTVSPropertyOp50
  70
1
  102
RTVSPropertyOp51
  70
0
  102
RTVSPropertyOp52
  70
0
  102
RTVSPropertyOp53
  70
1
  102
RTVSPropertyOp54
  70
1
  102
RTVSPropertyOp55
  70
1
  102
RTVSPropertyOp56
  70
1
  102
RTVSPropertyOp57
  70
1
  102
RTVSPropertyOp58
  70
1
  102
RTVSPropertyOp59
  70
1
  102
RTVSPropertyOp60
  70
1
  102
RTVSPropertyOp61
  70
1
  102
RTVSPropertyOp62
  70
1
  0
XRECORD
  5
339
  102
{ACAD_REACTORS
  330
338
  102
}
  330
338
  100
AcDbXrecord
  280
1
  102
RTVSPost2010Prop28
  280
0
  102
RTVSPost2010PropOp28
  70
1
  102
RTVSPost2010Prop29
  280
1
  102
RTVSPost2010PropOp29
  70
1
  102
RTVSPost2010Prop30
  280
1
  102
RTVSPost2010PropOp30
  70
1
  102
RTVSPost2010Prop31
  280
0
  102
RTVSPost2010PropOp31
  70
1
  102
RTVSPost2010Prop32
  280
0
  102
RTVSPost2010PropOp32
  70
1
  102
RTVSPost2010Prop33
  280
0
  102
RTVSPost2010PropOp33
  70
1
  102
RTVSPost2010Prop34
  280
0
  102
RTVSPost2010PropOp34
  70
1
  102
RTVSPost2010Prop35
  280
0
  102
RTVSPost2010PropOp35
  70
1
  102
RTVSPost2010Prop36
  280
0
  102
RTVSPost2010PropOp36
  70
1
  102
RTVSPost2010Prop37
  90
50
  102
RTVSPost2010PropOp37
  70
1
  102
RTVSPost2010Prop38
  140
0
  102
RTVSPost2010PropOp38
  70
1
  102
RTVSPost2010Prop39
  140
1
  102
RTVSPost2010PropOp39
  70
1
  102
RTVSPost2010Prop40
  90
0
  102
RTVSPost2010PropOp40
  70
1
  102
RTVSPost2010Prop41ColorIndex
  90
18
  102
RTVSPost2010Prop41ColorRGB
  90
0
  102
RTVSPost2010PropOp41
  70
1
  102
RTVSPost2010Prop42
  90
50
  102
RTVSPost2010PropOp42
  70
1
  102
RTVSPost2010Prop43
  90
3
  102
RTVSPost2010PropOp43
  70
1
  102
RTVSPost2010Prop44ColorIndex
  90
5
  102
RTVSPost2010Prop44ColorRGB
  90
255
  102
RTVSPost2010PropOp44
  70
1
  102
RTVSPost2010Prop45
  280
0
  102
RTVSPost2010PropOp45
  70
1
  102
RTVSPost2010Prop46
  90
50
  102
RTVSPost2010PropOp46
  70
1
  102
RTVSPost2010Prop47
  90
50
  102
RTVSPost2010PropOp47
  70
1
  102
RTVSPost2010Prop48
  90
50
  102
RTVSPost2010PropOp48
  70
1
  102
RTVSPost2010Prop49
  280
0
  102
RTVSPost2010PropOp49
  70
1
  102
RTVSPost2010Prop50
  90
50
  102
RTVSPost2010PropOp50
  70
1
  102
RTVSPost2010Prop51ColorIndex
  90
256
  102
RTVSPost2010Prop51ColorRGB
  90
-16777216
  102
RTVSPost2010PropOp51
  70
0
  102
RTVSPost2010Prop52
  140
1
  102
RTVSPost2010PropOp52
  70
0
  102
RTVSPost2010Prop53
  90
2
  102
RTVSPost2010PropOp53
  70
1
  102
RTVSPost2010Prop54
  1
strokes_ogs.tif
  102
RTVSPost2010PropOp54
  70
1
  102
RTVSPost2010Prop55
  280
0
  102
RTVSPost2010PropOp55
  70
1
  102
RTVSPost2010Prop56
  140
1
  102
RTVSPost2010PropOp56
  70
1
  102
RTVSPost2010Prop57
  140
1
  102
RTVSPost2010PropOp57
  70
1
  102
RTVSPropertyOp0
  70
1
  102
RTVSPropertyOp1
  70
1
  102
RTVSPropertyOp2
  70
1
  102
RTVSPropertyOp3
  70
1
  102
RTVSPropertyOp4
  70
1
  102
RTVSPropertyOp5
  70
1
  102
RTVSPropertyOp6
  70
1
  102
RTVSPropertyOp7
  70
1
  102
RTVSPropertyOp8
  70
1
  102
RTVSPropertyOp9
  70
1
  102
RTVSPropertyOp10
  70
1
  102
RTVSPropertyOp11
  70
1
  102
RTVSPropertyOp12
  70
1
  102
RTVSPropertyOp13
  70
1
  102
RTVSPropertyOp14
  70
1
  102
RTVSPropertyOp15
  70
1
  102
RTVSPropertyOp16
  70
1
  102
RTVSPropertyOp17
  70
1
  102
RTVSPropertyOp18
  70
1
  102
RTVSPropertyOp19
  70
1
  102
RTVSPropertyOp20
  70
1
  102
RTVSPropertyOp21
  70
1
  102
RTVSPropertyOp22
  70
1
  102
RTVSPropertyOp23
  70
1
  102
RTVSPropertyOp24
  70
1
  102
RTVSPropertyOp25
  70
1
  102
RTVSPropertyOp26
  70
1
  102
RTVSPropertyOp27
  70
1
  102
RTVSPropertyOp28
  70
1
  102
RTVSPropertyOp29
  70
1
  102
RTVSPropertyOp30
  70
1
  102
RTVSPropertyOp31
  70
1
  102
RTVSPropertyOp32
  70
1
  102
RTVSPropertyOp33
  70
1
  102
RTVSPropertyOp34
  70
1
  102
RTVSPropertyOp35
  70
1
  102
RTVSPropertyOp36
  70
1
  102
RTVSPropertyOp37
  70
1
  102
RTVSPropertyOp38
  70
1
  102
RTVSPropertyOp39
  70
1
  102
RTVSPropertyOp40
  70
1
  102
RTVSPropertyOp41
  70
1
  102
RTVSPropertyOp42
  70
1
  102
RTVSPropertyOp43
  70
1
  102
RTVSPropertyOp44
  70
1
  102
RTVSPropertyOp45
  70
1
  102
RTVSPropertyOp46
  70
1
  102
RTVSPropertyOp47
  70
1
  102
RTVSPropertyOp48
  70
1
  102
RTVSPropertyOp49
  70
1
  102
RTVSPropertyOp50
  70
1
  102
RTVSPropertyOp51
  70
0
  102
RTVSPropertyOp52
  70
0
  102
RTVSPropertyOp53
  70
1
  102
RTVSPropertyOp54
  70
1
  102
RTVSPropertyOp55
  70
1
  102
RTVSPropertyOp56
  70
1
  102
RTVSPropertyOp57
  70
1
  102
RTVSPropertyOp58
  70
1
  102
RTVSPropertyOp59
  70
1
  102
RTVSPropertyOp60
  70
1
  102
RTVSPropertyOp61
  70
1
  102
RTVSPropertyOp62
  70
1
  0
XRECORD
  5
337
  102
{ACAD_REACTORS
  330
336
  102
}
  330
336
  100
AcDbXrecord
  280
1
  102
RTVSPost2010Prop28
  280
0
  102
RTVSPost2010PropOp28
  70
1
  102
RTVSPost2010Prop29
  280
1
  102
RTVSPost2010PropOp29
  70
1
  102
RTVSPost2010Prop30
  280
1
  102
RTVSPost2010PropOp30
  70
1
  102
RTVSPost2010Prop31
  280
0
  102
RTVSPost2010PropOp31
  70
1
  102
RTVSPost2010Prop32
  280
0
  102
RTVSPost2010PropOp32
  70
1
  102
RTVSPost2010Prop33
  280
0
  102
RTVSPost2010PropOp33
  70
1
  102
RTVSPost2010Prop34
  280
0
  102
RTVSPost2010PropOp34
  70
1
  102
RTVSPost2010Prop35
  280
0
  102
RTVSPost2010PropOp35
  70
1
  102
RTVSPost2010Prop36
  280
0
  102
RTVSPost2010PropOp36
  70
1
  102
RTVSPost2010Prop37
  90
50
  102
RTVSPost2010PropOp37
  70
1
  102
RTVSPost2010Prop38
  140
0
  102
RTVSPost2010PropOp38
  70
1
  102
RTVSPost2010Prop39
  140
1
  102
RTVSPost2010PropOp39
  70
1
  102
RTVSPost2010Prop40
  90
0
  102
RTVSPost2010PropOp40
  70
1
  102
RTVSPost2010Prop41ColorIndex
  90
18
  102
RTVSPost2010Prop41ColorRGB
  90
0
  102
RTVSPost2010PropOp41
  70
1
  102
RTVSPost2010Prop42
  90
50
  102
RTVSPost2010PropOp42
  70
1
  102
RTVSPost2010Prop43
  90
3
  102
RTVSPost2010PropOp43
  70
1
  102
RTVSPost2010Prop44ColorIndex
  90
5
  102
RTVSPost2010Prop44ColorRGB
  90
255
  102
RTVSPost2010PropOp44
  70
1
  102
RTVSPost2010Prop45
  280
0
  102
RTVSPost2010PropOp45
  70
1
  102
RTVSPost2010Prop46
  90
50
  102
RTVSPost2010PropOp46
  70
1
  102
RTVSPost2010Prop47
  90
50
  102
RTVSPost2010PropOp47
  70
1
  102
RTVSPost2010Prop48
  90
50
  102
RTVSPost2010PropOp48
  70
1
  102
RTVSPost2010Prop49
  280
0
  102
RTVSPost2010PropOp49
  70
1
  102
RTVSPost2010Prop50
  90
50
  102
RTVSPost2010PropOp50
  70
1
  102
RTVSPost2010Prop51ColorIndex
  90
256
  102
RTVSPost2010Prop51ColorRGB
  90
-16777216
  102
RTVSPost2010PropOp51
  70
0
  102
RTVSPost2010Prop52
  140
1
  102
RTVSPost2010PropOp52
  70
0
  102
RTVSPost2010Prop53
  90
2
  102
RTVSPost2010PropOp53
  70
1
  102
RTVSPost2010Prop54
  1
strokes_ogs.tif
  102
RTVSPost2010PropOp54
  70
1
  102
RTVSPost2010Prop55
  280
0
  102
RTVSPost2010PropOp55
  70
1
  102
RTVSPost2010Prop56
  140
1
  102
RTVSPost2010PropOp56
  70
1
  102
RTVSPost2010Prop57
  140
1
  102
RTVSPost2010PropOp57
  70
1
  102
RTVSPropertyOp0
  70
1
  102
RTVSPropertyOp1
  70
1
  102
RTVSPropertyOp2
  70
1
  102
RTVSPropertyOp3
  70
1
  102
RTVSPropertyOp4
  70
1
  102
RTVSPropertyOp5
  70
1
  102
RTVSPropertyOp6
  70
1
  102
RTVSPropertyOp7
  70
1
  102
RTVSPropertyOp8
  70
1
  102
RTVSPropertyOp9
  70
1
  102
RTVSPropertyOp10
  70
1
  102
RTVSPropertyOp11
  70
1
  102
RTVSPropertyOp12
  70
1
  102
RTVSPropertyOp13
  70
1
  102
RTVSPropertyOp14
  70
1
  102
RTVSPropertyOp15
  70
1
  102
RTVSPropertyOp16
  70
1
  102
RTVSPropertyOp17
  70
1
  102
RTVSPropertyOp18
  70
1
  102
RTVSPropertyOp19
  70
1
  102
RTVSPropertyOp20
  70
1
  102
RTVSPropertyOp21
  70
1
  102
RTVSPropertyOp22
  70
1
  102
RTVSPropertyOp23
  70
1
  102
RTVSPropertyOp24
  70
1
  102
RTVSPropertyOp25
  70
1
  102
RTVSPropertyOp26
  70
1
  102
RTVSPropertyOp27
  70
1
  102
RTVSPropertyOp28
  70
1
  102
RTVSPropertyOp29
  70
1
  102
RTVSPropertyOp30
  70
1
  102
RTVSPropertyOp31
  70
1
  102
RTVSPropertyOp32
  70
1
  102
RTVSPropertyOp33
  70
1
  102
RTVSPropertyOp34
  70
1
  102
RTVSPropertyOp35
  70
1
  102
RTVSPropertyOp36
  70
1
  102
RTVSPropertyOp37
  70
1
  102
RTVSPropertyOp38
  70
1
  102
RTVSPropertyOp39
  70
1
  102
RTVSPropertyOp40
  70
1
  102
RTVSPropertyOp41
  70
1
  102
RTVSPropertyOp42
  70
1
  102
RTVSPropertyOp43
  70
1
  102
RTVSPropertyOp44
  70
1
  102
RTVSPropertyOp45
  70
1
  102
RTVSPropertyOp46
  70
1
  102
RTVSPropertyOp47
  70
1
  102
RTVSPropertyOp48
  70
1
  102
RTVSPropertyOp49
  70
1
  102
RTVSPropertyOp50
  70
1
  102
RTVSPropertyOp51
  70
0
  102
RTVSPropertyOp52
  70
0
  102
RTVSPropertyOp53
  70
1
  102
RTVSPropertyOp54
  70
1
  102
RTVSPropertyOp55
  70
1
  102
RTVSPropertyOp56
  70
1
  102
RTVSPropertyOp57
  70
1
  102
RTVSPropertyOp58
  70
1
  102
RTVSPropertyOp59
  70
1
  102
RTVSPropertyOp60
  70
1
  102
RTVSPropertyOp61
  70
1
  102
RTVSPropertyOp62
  70
1
  0
XRECORD
  5
331
  102
{ACAD_REACTORS
  330
330
  102
}
  330
330
  100
AcDbXrecord
  280
1
  102
RTVSPost2010Prop28
  280
0
  102
RTVSPost2010PropOp28
  70
1
  102
RTVSPost2010Prop29
  280
1
  102
RTVSPost2010PropOp29
  70
1
  102
RTVSPost2010Prop30
  280
1
  102
RTVSPost2010PropOp30
  70
1
  102
RTVSPost2010Prop31
  280
0
  102
RTVSPost2010PropOp31
  70
1
  102
RTVSPost2010Prop32
  280
0
  102
RTVSPost2010PropOp32
  70
1
  102
RTVSPost2010Prop33
  280
0
  102
RTVSPost2010PropOp33
  70
1
  102
RTVSPost2010Prop34
  280
0
  102
RTVSPost2010PropOp34
  70
1
  102
RTVSPost2010Prop35
  280
0
  102
RTVSPost2010PropOp35
  70
1
  102
RTVSPost2010Prop36
  280
0
  102
RTVSPost2010PropOp36
  70
1
  102
RTVSPost2010Prop37
  90
50
  102
RTVSPost2010PropOp37
  70
1
  102
RTVSPost2010Prop38
  140
0
  102
RTVSPost2010PropOp38
  70
1
  102
RTVSPost2010Prop39
  140
1
  102
RTVSPost2010PropOp39
  70
1
  102
RTVSPost2010Prop40
  90
0
  102
RTVSPost2010PropOp40
  70
1
  102
RTVSPost2010Prop41ColorIndex
  90
18
  102
RTVSPost2010Prop41ColorRGB
  90
0
  102
RTVSPost2010PropOp41
  70
1
  102
RTVSPost2010Prop42
  90
50
  102
RTVSPost2010PropOp42
  70
1
  102
RTVSPost2010Prop43
  90
3
  102
RTVSPost2010PropOp43
  70
1
  102
RTVSPost2010Prop44ColorIndex
  90
5
  102
RTVSPost2010Prop44ColorRGB
  90
255
  102
RTVSPost2010PropOp44
  70
1
  102
RTVSPost2010Prop45
  280
0
  102
RTVSPost2010PropOp45
  70
1
  102
RTVSPost2010Prop46
  90
50
  102
RTVSPost2010PropOp46
  70
1
  102
RTVSPost2010Prop47
  90
50
  102
RTVSPost2010PropOp47
  70
1
  102
RTVSPost2010Prop48
  90
50
  102
RTVSPost2010PropOp48
  70
1
  102
RTVSPost2010Prop49
  280
0
  102
RTVSPost2010PropOp49
  70
1
  102
RTVSPost2010Prop50
  90
50
  102
RTVSPost2010PropOp50
  70
1
  102
RTVSPost2010Prop51ColorIndex
  90
256
  102
RTVSPost2010Prop51ColorRGB
  90
-16777216
  102
RTVSPost2010PropOp51
  70
0
  102
RTVSPost2010Prop52
  140
1
  102
RTVSPost2010PropOp52
  70
0
  102
RTVSPost2010Prop53
  90
2
  102
RTVSPost2010PropOp53
  70
1
  102
RTVSPost2010Prop54
  1
strokes_ogs.tif
  102
RTVSPost2010PropOp54
  70
1
  102
RTVSPost2010Prop55
  280
0
  102
RTVSPost2010PropOp55
  70
1
  102
RTVSPost2010Prop56
  140
1
  102
RTVSPost2010PropOp56
  70
1
  102
RTVSPost2010Prop57
  140
1
  102
RTVSPost2010PropOp57
  70
1
  102
RTVSPropertyOp0
  70
1
  102
RTVSPropertyOp1
  70
1
  102
RTVSPropertyOp2
  70
1
  102
RTVSPropertyOp3
  70
1
  102
RTVSPropertyOp4
  70
1
  102
RTVSPropertyOp5
  70
1
  102
RTVSPropertyOp6
  70
1
  102
RTVSPropertyOp7
  70
1
  102
RTVSPropertyOp8
  70
1
  102
RTVSPropertyOp9
  70
1
  102
RTVSPropertyOp10
  70
1
  102
RTVSPropertyOp11
  70
1
  102
RTVSPropertyOp12
  70
1
  102
RTVSPropertyOp13
  70
1
  102
RTVSPropertyOp14
  70
1
  102
RTVSPropertyOp15
  70
1
  102
RTVSPropertyOp16
  70
1
  102
RTVSPropertyOp17
  70
1
  102
RTVSPropertyOp18
  70
1
  102
RTVSPropertyOp19
  70
1
  102
RTVSPropertyOp20
  70
1
  102
RTVSPropertyOp21
  70
1
  102
RTVSPropertyOp22
  70
1
  102
RTVSPropertyOp23
  70
1
  102
RTVSPropertyOp24
  70
1
  102
RTVSPropertyOp25
  70
1
  102
RTVSPropertyOp26
  70
1
  102
RTVSPropertyOp27
  70
1
  102
RTVSPropertyOp28
  70
1
  102
RTVSPropertyOp29
  70
1
  102
RTVSPropertyOp30
  70
1
  102
RTVSPropertyOp31
  70
1
  102
RTVSPropertyOp32
  70
1
  102
RTVSPropertyOp33
  70
1
  102
RTVSPropertyOp34
  70
1
  102
RTVSPropertyOp35
  70
1
  102
RTVSPropertyOp36
  70
1
  102
RTVSPropertyOp37
  70
1
  102
RTVSPropertyOp38
  70
1
  102
RTVSPropertyOp39
  70
1
  102
RTVSPropertyOp40
  70
1
  102
RTVSPropertyOp41
  70
1
  102
RTVSPropertyOp42
  70
1
  102
RTVSPropertyOp43
  70
1
  102
RTVSPropertyOp44
  70
1
  102
RTVSPropertyOp45
  70
1
  102
RTVSPropertyOp46
  70
1
  102
RTVSPropertyOp47
  70
1
  102
RTVSPropertyOp48
  70
1
  102
RTVSPropertyOp49
  70
1
  102
RTVSPropertyOp50
  70
1
  102
RTVSPropertyOp51
  70
0
  102
RTVSPropertyOp52
  70
0
  102
RTVSPropertyOp53
  70
1
  102
RTVSPropertyOp54
  70
1
  102
RTVSPropertyOp55
  70
1
  102
RTVSPropertyOp56
  70
1
  102
RTVSPropertyOp57
  70
1
  102
RTVSPropertyOp58
  70
1
  102
RTVSPropertyOp59
  70
1
  102
RTVSPropertyOp60
  70
1
  102
RTVSPropertyOp61
  70
1
  102
RTVSPropertyOp62
  70
1
  0
XRECORD
  5
333
  102
{ACAD_REACTORS
  330
332
  102
}
  330
332
  100
AcDbXrecord
  280
1
  102
RTVSPost2010Prop28
  280
0
  102
RTVSPost2010PropOp28
  70
1
  102
RTVSPost2010Prop29
  280
1
  102
RTVSPost2010PropOp29
  70
1
  102
RTVSPost2010Prop30
  280
1
  102
RTVSPost2010PropOp30
  70
1
  102
RTVSPost2010Prop31
  280
0
  102
RTVSPost2010PropOp31
  70
1
  102
RTVSPost2010Prop32
  280
0
  102
RTVSPost2010PropOp32
  70
1
  102
RTVSPost2010Prop33
  280
0
  102
RTVSPost2010PropOp33
  70
1
  102
RTVSPost2010Prop34
  280
0
  102
RTVSPost2010PropOp34
  70
1
  102
RTVSPost2010Prop35
  280
0
  102
RTVSPost2010PropOp35
  70
1
  102
RTVSPost2010Prop36
  280
0
  102
RTVSPost2010PropOp36
  70
1
  102
RTVSPost2010Prop37
  90
50
  102
RTVSPost2010PropOp37
  70
1
  102
RTVSPost2010Prop38
  140
0
  102
RTVSPost2010PropOp38
  70
1
  102
RTVSPost2010Prop39
  140
1
  102
RTVSPost2010PropOp39
  70
1
  102
RTVSPost2010Prop40
  90
0
  102
RTVSPost2010PropOp40
  70
1
  102
RTVSPost2010Prop41ColorIndex
  90
18
  102
RTVSPost2010Prop41ColorRGB
  90
0
  102
RTVSPost2010PropOp41
  70
1
  102
RTVSPost2010Prop42
  90
50
  102
RTVSPost2010PropOp42
  70
1
  102
RTVSPost2010Prop43
  90
3
  102
RTVSPost2010PropOp43
  70
1
  102
RTVSPost2010Prop44ColorIndex
  90
5
  102
RTVSPost2010Prop44ColorRGB
  90
255
  102
RTVSPost2010PropOp44
  70
1
  102
RTVSPost2010Prop45
  280
0
  102
RTVSPost2010PropOp45
  70
1
  102
RTVSPost2010Prop46
  90
50
  102
RTVSPost2010PropOp46
  70
1
  102
RTVSPost2010Prop47
  90
50
  102
RTVSPost2010PropOp47
  70
1
  102
RTVSPost2010Prop48
  90
50
  102
RTVSPost2010PropOp48
  70
1
  102
RTVSPost2010Prop49
  280
0
  102
RTVSPost2010PropOp49
  70
1
  102
RTVSPost2010Prop50
  90
50
  102
RTVSPost2010PropOp50
  70
1
  102
RTVSPost2010Prop51ColorIndex
  90
256
  102
RTVSPost2010Prop51ColorRGB
  90
-16777216
  102
RTVSPost2010PropOp51
  70
0
  102
RTVSPost2010Prop52
  140
1
  102
RTVSPost2010PropOp52
  70
0
  102
RTVSPost2010Prop53
  90
2
  102
RTVSPost2010PropOp53
  70
1
  102
RTVSPost2010Prop54
  1
strokes_ogs.tif
  102
RTVSPost2010PropOp54
  70
1
  102
RTVSPost2010Prop55
  280
0
  102
RTVSPost2010PropOp55
  70
1
  102
RTVSPost2010Prop56
  140
1
  102
RTVSPost2010PropOp56
  70
1
  102
RTVSPost2010Prop57
  140
1
  102
RTVSPost2010PropOp57
  70
1
  102
RTVSPropertyOp0
  70
1
  102
RTVSPropertyOp1
  70
1
  102
RTVSPropertyOp2
  70
1
  102
RTVSPropertyOp3
  70
1
  102
RTVSPropertyOp4
  70
1
  102
RTVSPropertyOp5
  70
1
  102
RTVSPropertyOp6
  70
1
  102
RTVSPropertyOp7
  70
1
  102
RTVSPropertyOp8
  70
1
  102
RTVSPropertyOp9
  70
1
  102
RTVSPropertyOp10
  70
1
  102
RTVSPropertyOp11
  70
1
  102
RTVSPropertyOp12
  70
1
  102
RTVSPropertyOp13
  70
1
  102
RTVSPropertyOp14
  70
1
  102
RTVSPropertyOp15
  70
1
  102
RTVSPropertyOp16
  70
1
  102
RTVSPropertyOp17
  70
1
  102
RTVSPropertyOp18
  70
1
  102
RTVSPropertyOp19
  70
1
  102
RTVSPropertyOp20
  70
1
  102
RTVSPropertyOp21
  70
1
  102
RTVSPropertyOp22
  70
1
  102
RTVSPropertyOp23
  70
1
  102
RTVSPropertyOp24
  70
1
  102
RTVSPropertyOp25
  70
1
  102
RTVSPropertyOp26
  70
1
  102
RTVSPropertyOp27
  70
1
  102
RTVSPropertyOp28
  70
1
  102
RTVSPropertyOp29
  70
1
  102
RTVSPropertyOp30
  70
1
  102
RTVSPropertyOp31
  70
1
  102
RTVSPropertyOp32
  70
1
  102
RTVSPropertyOp33
  70
1
  102
RTVSPropertyOp34
  70
1
  102
RTVSPropertyOp35
  70
1
  102
RTVSPropertyOp36
  70
1
  102
RTVSPropertyOp37
  70
1
  102
RTVSPropertyOp38
  70
1
  102
RTVSPropertyOp39
  70
1
  102
RTVSPropertyOp40
  70
1
  102
RTVSPropertyOp41
  70
1
  102
RTVSPropertyOp42
  70
1
  102
RTVSPropertyOp43
  70
1
  102
RTVSPropertyOp44
  70
1
  102
RTVSPropertyOp45
  70
1
  102
RTVSPropertyOp46
  70
1
  102
RTVSPropertyOp47
  70
1
  102
RTVSPropertyOp48
  70
1
  102
RTVSPropertyOp49
  70
1
  102
RTVSPropertyOp50
  70
1
  102
RTVSPropertyOp51
  70
0
  102
RTVSPropertyOp52
  70
0
  102
RTVSPropertyOp53
  70
1
  102
RTVSPropertyOp54
  70
1
  102
RTVSPropertyOp55
  70
1
  102
RTVSPropertyOp56
  70
1
  102
RTVSPropertyOp57
  70
1
  102
RTVSPropertyOp58
  70
1
  102
RTVSPropertyOp59
  70
1
  102
RTVSPropertyOp60
  70
1
  102
RTVSPropertyOp61
  70
1
  102
RTVSPropertyOp62
  70
1
  0
XRECORD
  5
323
  102
{ACAD_REACTORS
  330
322
  102
}
  330
322
  100
AcDbXrecord
  280
1
  102
RTVSPost2010Prop28
  280
0
  102
RTVSPost2010PropOp28
  70
1
  102
RTVSPost2010Prop29
  280
1
  102
RTVSPost2010PropOp29
  70
1
  102
RTVSPost2010Prop30
  280
1
  102
RTVSPost2010PropOp30
  70
1
  102
RTVSPost2010Prop31
  280
0
  102
RTVSPost2010PropOp31
  70
1
  102
RTVSPost2010Prop32
  280
0
  102
RTVSPost2010PropOp32
  70
1
  102
RTVSPost2010Prop33
  280
0
  102
RTVSPost2010PropOp33
  70
1
  102
RTVSPost2010Prop34
  280
0
  102
RTVSPost2010PropOp34
  70
1
  102
RTVSPost2010Prop35
  280
0
  102
RTVSPost2010PropOp35
  70
1
  102
RTVSPost2010Prop36
  280
0
  102
RTVSPost2010PropOp36
  70
1
  102
RTVSPost2010Prop37
  90
50
  102
RTVSPost2010PropOp37
  70
1
  102
RTVSPost2010Prop38
  140
0
  102
RTVSPost2010PropOp38
  70
1
  102
RTVSPost2010Prop39
  140
1
  102
RTVSPost2010PropOp39
  70
1
  102
RTVSPost2010Prop40
  90
0
  102
RTVSPost2010PropOp40
  70
1
  102
RTVSPost2010Prop41ColorIndex
  90
18
  102
RTVSPost2010Prop41ColorRGB
  90
0
  102
RTVSPost2010PropOp41
  70
1
  102
RTVSPost2010Prop42
  90
50
  102
RTVSPost2010PropOp42
  70
1
  102
RTVSPost2010Prop43
  90
3
  102
RTVSPost2010PropOp43
  70
1
  102
RTVSPost2010Prop44ColorIndex
  90
5
  102
RTVSPost2010Prop44ColorRGB
  90
255
  102
RTVSPost2010PropOp44
  70
1
  102
RTVSPost2010Prop45
  280
0
  102
RTVSPost2010PropOp45
  70
1
  102
RTVSPost2010Prop46
  90
50
  102
RTVSPost2010PropOp46
  70
1
  102
RTVSPost2010Prop47
  90
50
  102
RTVSPost2010PropOp47
  70
1
  102
RTVSPost2010Prop48
  90
50
  102
RTVSPost2010PropOp48
  70
1
  102
RTVSPost2010Prop49
  280
0
  102
RTVSPost2010PropOp49
  70
1
  102
RTVSPost2010Prop50
  90
50
  102
RTVSPost2010PropOp50
  70
1
  102
RTVSPost2010Prop51ColorIndex
  90
256
  102
RTVSPost2010Prop51ColorRGB
  90
-16777216
  102
RTVSPost2010PropOp51
  70
0
  102
RTVSPost2010Prop52
  140
1
  102
RTVSPost2010PropOp52
  70
0
  102
RTVSPost2010Prop53
  90
2
  102
RTVSPost2010PropOp53
  70
1
  102
RTVSPost2010Prop54
  1
strokes_ogs.tif
  102
RTVSPost2010PropOp54
  70
1
  102
RTVSPost2010Prop55
  280
0
  102
RTVSPost2010PropOp55
  70
1
  102
RTVSPost2010Prop56
  140
1
  102
RTVSPost2010PropOp56
  70
1
  102
RTVSPost2010Prop57
  140
1
  102
RTVSPost2010PropOp57
  70
1
  102
RTVSPropertyOp0
  70
1
  102
RTVSPropertyOp1
  70
1
  102
RTVSPropertyOp2
  70
1
  102
RTVSPropertyOp3
  70
1
  102
RTVSPropertyOp4
  70
1
  102
RTVSPropertyOp5
  70
1
  102
RTVSPropertyOp6
  70
1
  102
RTVSPropertyOp7
  70
1
  102
RTVSPropertyOp8
  70
1
  102
RTVSPropertyOp9
  70
1
  102
RTVSPropertyOp10
  70
1
  102
RTVSPropertyOp11
  70
1
  102
RTVSPropertyOp12
  70
1
  102
RTVSPropertyOp13
  70
1
  102
RTVSPropertyOp14
  70
1
  102
RTVSPropertyOp15
  70
1
  102
RTVSPropertyOp16
  70
1
  102
RTVSPropertyOp17
  70
1
  102
RTVSPropertyOp18
  70
1
  102
RTVSPropertyOp19
  70
1
  102
RTVSPropertyOp20
  70
1
  102
RTVSPropertyOp21
  70
1
  102
RTVSPropertyOp22
  70
1
  102
RTVSPropertyOp23
  70
1
  102
RTVSPropertyOp24
  70
1
  102
RTVSPropertyOp25
  70
1
  102
RTVSPropertyOp26
  70
1
  102
RTVSPropertyOp27
  70
1
  102
RTVSPropertyOp28
  70
1
  102
RTVSPropertyOp29
  70
1
  102
RTVSPropertyOp30
  70
1
  102
RTVSPropertyOp31
  70
1
  102
RTVSPropertyOp32
  70
1
  102
RTVSPropertyOp33
  70
1
  102
RTVSPropertyOp34
  70
1
  102
RTVSPropertyOp35
  70
1
  102
RTVSPropertyOp36
  70
1
  102
RTVSPropertyOp37
  70
1
  102
RTVSPropertyOp38
  70
1
  102
RTVSPropertyOp39
  70
1
  102
RTVSPropertyOp40
  70
1
  102
RTVSPropertyOp41
  70
1
  102
RTVSPropertyOp42
  70
1
  102
RTVSPropertyOp43
  70
1
  102
RTVSPropertyOp44
  70
1
  102
RTVSPropertyOp45
  70
1
  102
RTVSPropertyOp46
  70
1
  102
RTVSPropertyOp47
  70
1
  102
RTVSPropertyOp48
  70
1
  102
RTVSPropertyOp49
  70
1
  102
RTVSPropertyOp50
  70
1
  102
RTVSPropertyOp51
  70
0
  102
RTVSPropertyOp52
  70
0
  102
RTVSPropertyOp53
  70
1
  102
RTVSPropertyOp54
  70
1
  102
RTVSPropertyOp55
  70
1
  102
RTVSPropertyOp56
  70
1
  102
RTVSPropertyOp57
  70
1
  102
RTVSPropertyOp58
  70
1
  102
RTVSPropertyOp59
  70
1
  102
RTVSPropertyOp60
  70
1
  102
RTVSPropertyOp61
  70
1
  102
RTVSPropertyOp62
  70
1
  0
XRECORD
  5
317
  102
{ACAD_REACTORS
  330
316
  102
}
  330
316
  100
AcDbXrecord
  280
1
  102
RTVSPost2010Prop28
  280
0
  102
RTVSPost2010PropOp28
  70
1
  102
RTVSPost2010Prop29
  280
1
  102
RTVSPost2010PropOp29
  70
1
  102
RTVSPost2010Prop30
  280
1
  102
RTVSPost2010PropOp30
  70
1
  102
RTVSPost2010Prop31
  280
0
  102
RTVSPost2010PropOp31
  70
1
  102
RTVSPost2010Prop32
  280
0
  102
RTVSPost2010PropOp32
  70
1
  102
RTVSPost2010Prop33
  280
0
  102
RTVSPost2010PropOp33
  70
1
  102
RTVSPost2010Prop34
  280
0
  102
RTVSPost2010PropOp34
  70
1
  102
RTVSPost2010Prop35
  280
0
  102
RTVSPost2010PropOp35
  70
1
  102
RTVSPost2010Prop36
  280
0
  102
RTVSPost2010PropOp36
  70
1
  102
RTVSPost2010Prop37
  90
50
  102
RTVSPost2010PropOp37
  70
1
  102
RTVSPost2010Prop38
  140
0
  102
RTVSPost2010PropOp38
  70
1
  102
RTVSPost2010Prop39
  140
1
  102
RTVSPost2010PropOp39
  70
1
  102
RTVSPost2010Prop40
  90
0
  102
RTVSPost2010PropOp40
  70
1
  102
RTVSPost2010Prop41ColorIndex
  90
18
  102
RTVSPost2010Prop41ColorRGB
  90
0
  102
RTVSPost2010PropOp41
  70
1
  102
RTVSPost2010Prop42
  90
50
  102
RTVSPost2010PropOp42
  70
1
  102
RTVSPost2010Prop43
  90
3
  102
RTVSPost2010PropOp43
  70
1
  102
RTVSPost2010Prop44ColorIndex
  90
5
  102
RTVSPost2010Prop44ColorRGB
  90
255
  102
RTVSPost2010PropOp44
  70
1
  102
RTVSPost2010Prop45
  280
0
  102
RTVSPost2010PropOp45
  70
1
  102
RTVSPost2010Prop46
  90
50
  102
RTVSPost2010PropOp46
  70
1
  102
RTVSPost2010Prop47
  90
50
  102
RTVSPost2010PropOp47
  70
1
  102
RTVSPost2010Prop48
  90
50
  102
RTVSPost2010PropOp48
  70
1
  102
RTVSPost2010Prop49
  280
0
  102
RTVSPost2010PropOp49
  70
1
  102
RTVSPost2010Prop50
  90
50
  102
RTVSPost2010PropOp50
  70
1
  102
RTVSPost2010Prop51ColorIndex
  90
256
  102
RTVSPost2010Prop51ColorRGB
  90
-16777216
  102
RTVSPost2010PropOp51
  70
0
  102
RTVSPost2010Prop52
  140
1
  102
RTVSPost2010PropOp52
  70
0
  102
RTVSPost2010Prop53
  90
2
  102
RTVSPost2010PropOp53
  70
1
  102
RTVSPost2010Prop54
  1
strokes_ogs.tif
  102
RTVSPost2010PropOp54
  70
1
  102
RTVSPost2010Prop55
  280
0
  102
RTVSPost2010PropOp55
  70
1
  102
RTVSPost2010Prop56
  140
1
  102
RTVSPost2010PropOp56
  70
1
  102
RTVSPost2010Prop57
  140
1
  102
RTVSPost2010PropOp57
  70
1
  102
RTVSPropertyOp0
  70
1
  102
RTVSPropertyOp1
  70
1
  102
RTVSPropertyOp2
  70
1
  102
RTVSPropertyOp3
  70
1
  102
RTVSPropertyOp4
  70
1
  102
RTVSPropertyOp5
  70
1
  102
RTVSPropertyOp6
  70
1
  102
RTVSPropertyOp7
  70
1
  102
RTVSPropertyOp8
  70
1
  102
RTVSPropertyOp9
  70
1
  102
RTVSPropertyOp10
  70
1
  102
RTVSPropertyOp11
  70
1
  102
RTVSPropertyOp12
  70
1
  102
RTVSPropertyOp13
  70
1
  102
RTVSPropertyOp14
  70
1
  102
RTVSPropertyOp15
  70
1
  102
RTVSPropertyOp16
  70
1
  102
RTVSPropertyOp17
  70
1
  102
RTVSPropertyOp18
  70
1
  102
RTVSPropertyOp19
  70
1
  102
RTVSPropertyOp20
  70
1
  102
RTVSPropertyOp21
  70
1
  102
RTVSPropertyOp22
  70
1
  102
RTVSPropertyOp23
  70
1
  102
RTVSPropertyOp24
  70
1
  102
RTVSPropertyOp25
  70
1
  102
RTVSPropertyOp26
  70
1
  102
RTVSPropertyOp27
  70
1
  102
RTVSPropertyOp28
  70
1
  102
RTVSPropertyOp29
  70
1
  102
RTVSPropertyOp30
  70
1
  102
RTVSPropertyOp31
  70
1
  102
RTVSPropertyOp32
  70
1
  102
RTVSPropertyOp33
  70
1
  102
RTVSPropertyOp34
  70
1
  102
RTVSPropertyOp35
  70
1
  102
RTVSPropertyOp36
  70
1
  102
RTVSPropertyOp37
  70
1
  102
RTVSPropertyOp38
  70
1
  102
RTVSPropertyOp39
  70
1
  102
RTVSPropertyOp40
  70
1
  102
RTVSPropertyOp41
  70
1
  102
RTVSPropertyOp42
  70
1
  102
RTVSPropertyOp43
  70
1
  102
RTVSPropertyOp44
  70
1
  102
RTVSPropertyOp45
  70
1
  102
RTVSPropertyOp46
  70
1
  102
RTVSPropertyOp47
  70
1
  102
RTVSPropertyOp48
  70
1
  102
RTVSPropertyOp49
  70
1
  102
RTVSPropertyOp50
  70
1
  102
RTVSPropertyOp51
  70
0
  102
RTVSPropertyOp52
  70
0
  102
RTVSPropertyOp53
  70
1
  102
RTVSPropertyOp54
  70
1
  102
RTVSPropertyOp55
  70
1
  102
RTVSPropertyOp56
  70
1
  102
RTVSPropertyOp57
  70
1
  102
RTVSPropertyOp58
  70
1
  102
RTVSPropertyOp59
  70
1
  102
RTVSPropertyOp60
  70
1
  102
RTVSPropertyOp61
  70
1
  102
RTVSPropertyOp62
  70
1
  0
XRECORD
  5
335
  102
{ACAD_REACTORS
  330
334
  102
}
  330
334
  100
AcDbXrecord
  280
1
  102
RTVSPost2010Prop28
  280
0
  102
RTVSPost2010PropOp28
  70
1
  102
RTVSPost2010Prop29
  280
1
  102
RTVSPost2010PropOp29
  70
1
  102
RTVSPost2010Prop30
  280
1
  102
RTVSPost2010PropOp30
  70
1
  102
RTVSPost2010Prop31
  280
0
  102
RTVSPost2010PropOp31
  70
1
  102
RTVSPost2010Prop32
  280
0
  102
RTVSPost2010PropOp32
  70
1
  102
RTVSPost2010Prop33
  280
0
  102
RTVSPost2010PropOp33
  70
1
  102
RTVSPost2010Prop34
  280
0
  102
RTVSPost2010PropOp34
  70
1
  102
RTVSPost2010Prop35
  280
0
  102
RTVSPost2010PropOp35
  70
1
  102
RTVSPost2010Prop36
  280
0
  102
RTVSPost2010PropOp36
  70
1
  102
RTVSPost2010Prop37
  90
50
  102
RTVSPost2010PropOp37
  70
1
  102
RTVSPost2010Prop38
  140
0
  102
RTVSPost2010PropOp38
  70
1
  102
RTVSPost2010Prop39
  140
1
  102
RTVSPost2010PropOp39
  70
1
  102
RTVSPost2010Prop40
  90
0
  102
RTVSPost2010PropOp40
  70
1
  102
RTVSPost2010Prop41ColorIndex
  90
18
  102
RTVSPost2010Prop41ColorRGB
  90
0
  102
RTVSPost2010PropOp41
  70
1
  102
RTVSPost2010Prop42
  90
50
  102
RTVSPost2010PropOp42
  70
1
  102
RTVSPost2010Prop43
  90
3
  102
RTVSPost2010PropOp43
  70
1
  102
RTVSPost2010Prop44ColorIndex
  90
5
  102
RTVSPost2010Prop44ColorRGB
  90
255
  102
RTVSPost2010PropOp44
  70
1
  102
RTVSPost2010Prop45
  280
0
  102
RTVSPost2010PropOp45
  70
1
  102
RTVSPost2010Prop46
  90
50
  102
RTVSPost2010PropOp46
  70
1
  102
RTVSPost2010Prop47
  90
50
  102
RTVSPost2010PropOp47
  70
1
  102
RTVSPost2010Prop48
  90
50
  102
RTVSPost2010PropOp48
  70
1
  102
RTVSPost2010Prop49
  280
0
  102
RTVSPost2010PropOp49
  70
1
  102
RTVSPost2010Prop50
  90
50
  102
RTVSPost2010PropOp50
  70
1
  102
RTVSPost2010Prop51ColorIndex
  90
256
  102
RTVSPost2010Prop51ColorRGB
  90
-16777216
  102
RTVSPost2010PropOp51
  70
0
  102
RTVSPost2010Prop52
  140
1
  102
RTVSPost2010PropOp52
  70
0
  102
RTVSPost2010Prop53
  90
2
  102
RTVSPost2010PropOp53
  70
1
  102
RTVSPost2010Prop54
  1
strokes_ogs.tif
  102
RTVSPost2010PropOp54
  70
1
  102
RTVSPost2010Prop55
  280
0
  102
RTVSPost2010PropOp55
  70
1
  102
RTVSPost2010Prop56
  140
1
  102
RTVSPost2010PropOp56
  70
1
  102
RTVSPost2010Prop57
  140
1
  102
RTVSPost2010PropOp57
  70
1
  102
RTVSPropertyOp0
  70
1
  102
RTVSPropertyOp1
  70
1
  102
RTVSPropertyOp2
  70
1
  102
RTVSPropertyOp3
  70
1
  102
RTVSPropertyOp4
  70
1
  102
RTVSPropertyOp5
  70
1
  102
RTVSPropertyOp6
  70
1
  102
RTVSPropertyOp7
  70
1
  102
RTVSPropertyOp8
  70
1
  102
RTVSPropertyOp9
  70
1
  102
RTVSPropertyOp10
  70
1
  102
RTVSPropertyOp11
  70
1
  102
RTVSPropertyOp12
  70
1
  102
RTVSPropertyOp13
  70
1
  102
RTVSPropertyOp14
  70
1
  102
RTVSPropertyOp15
  70
1
  102
RTVSPropertyOp16
  70
1
  102
RTVSPropertyOp17
  70
1
  102
RTVSPropertyOp18
  70
1
  102
RTVSPropertyOp19
  70
1
  102
RTVSPropertyOp20
  70
1
  102
RTVSPropertyOp21
  70
1
  102
RTVSPropertyOp22
  70
1
  102
RTVSPropertyOp23
  70
1
  102
RTVSPropertyOp24
  70
1
  102
RTVSPropertyOp25
  70
1
  102
RTVSPropertyOp26
  70
1
  102
RTVSPropertyOp27
  70
1
  102
RTVSPropertyOp28
  70
1
  102
RTVSPropertyOp29
  70
1
  102
RTVSPropertyOp30
  70
1
  102
RTVSPropertyOp31
  70
1
  102
RTVSPropertyOp32
  70
1
  102
RTVSPropertyOp33
  70
1
  102
RTVSPropertyOp34
  70
1
  102
RTVSPropertyOp35
  70
1
  102
RTVSPropertyOp36
  70
1
  102
RTVSPropertyOp37
  70
1
  102
RTVSPropertyOp38
  70
1
  102
RTVSPropertyOp39
  70
1
  102
RTVSPropertyOp40
  70
1
  102
RTVSPropertyOp41
  70
1
  102
RTVSPropertyOp42
  70
1
  102
RTVSPropertyOp43
  70
1
  102
RTVSPropertyOp44
  70
1
  102
RTVSPropertyOp45
  70
1
  102
RTVSPropertyOp46
  70
1
  102
RTVSPropertyOp47
  70
1
  102
RTVSPropertyOp48
  70
1
  102
RTVSPropertyOp49
  70
1
  102
RTVSPropertyOp50
  70
1
  102
RTVSPropertyOp51
  70
0
  102
RTVSPropertyOp52
  70
0
  102
RTVSPropertyOp53
  70
1
  102
RTVSPropertyOp54
  70
1
  102
RTVSPropertyOp55
  70
1
  102
RTVSPropertyOp56
  70
1
  102
RTVSPropertyOp57
  70
1
  102
RTVSPropertyOp58
  70
1
  102
RTVSPropertyOp59
  70
1
  102
RTVSPropertyOp60
  70
1
  102
RTVSPropertyOp61
  70
1
  102
RTVSPropertyOp62
  70
1
  0
ENDSEC
  0
EOF